"id","kind","refs","context","original","translation"
"gpc:ActCorp1Brief.gpc:2","line","1","ActCorp1Brief / Them","Who the fuck are you?","Кто ты, блять, такой?"
"gpc:ActCorp1Brief.gpc:6","choice","1","ActCorp1Brief / Me","Conway, freelance espionage.","Конвэй, шпион по найму"
"gpc:ActCorp1Brief.gpc:8","choice","1","ActCorp1Brief / Me","Conway, hat fancier.","Конвэй, ценитель шляп."
"gpc:ActCorp1Brief.gpc:10","choice","1","ActCorp1Brief / Me","Who the fuck are you?","Кто ты, блять, такой?"
"gpc:ActCorp1Brief.gpc:14","line","1","ActCorp1Brief / Them","The fuck does that mean? Fuck it, you'll do. Can't get a goddamn spy in this city.","Это ещё что, нахрен, значит? А, похер, сойдёшь. В этом городе ни одного нормального шпиона не найти."
"gpc:ActCorp1Brief.gpc:18","line","1","ActCorp1Brief / Them","Gessler, CEO, Intex. I need someone serious. Are you?","Гесслер, гендиректор Intex. Мне нужен кто-то серьёзный. Ты серьёзный?"
"gpc:ActCorp1Brief.gpc:22","choice","1","ActCorp1Brief / Me","As a pulmonary edema.","Как отёк лёгких."
"gpc:ActCorp1Brief.gpc:24","choice","1","ActCorp1Brief / Me","Not that serious, no.","Не настолько, нет."
"gpc:ActCorp1Brief.gpc:26","choice","1","ActCorp1Brief / Me","I am serious, and don't call me Shirley.","Я серьёзен. И не называй меня Ширли."
"gpc:ActCorp1Brief.gpc:30","line","1","ActCorp1Brief / Them","Whatever. I make guns. Rooke makes guns. Rooke's working on some bullshit secret project she thinks is going to let her get around the gun ban, and she doesn't think I know about it. You're gonna steal it.","Без разницы. Я делаю оружие. Рук делает оружие. Рук работает над каким-то сраным секретным проектом, который, по её мнению, позволит ей обойти запрет на оружие, и думает, что я ничего не знаю. Ты его украдёшь."
"gpc:ActCorp1Brief.gpc:34","choice","1","ActCorp1Brief / Me","Where is it?","Где он?"
"gpc:ActCorp1Brief.gpc:36","choice","1","ActCorp1Brief / Me","I'm not wild about stealing from Rooke.","Мне не очень хочется красть у Рук."
"gpc:ActCorp1Brief.gpc:42","line","1","ActCorp1Brief / Them","Good point, first you're gonna find out where it is. She's outsourcing all the work to a company called TX Fabrications to keep it secret. Hit their admin center on Belsize Way, and search the main terminal. I'll text you the codename you're looking for.","Верно, сначала выяснишь, где он. Чтобы сохранить секрет, она отдала всю работу на подряд компании TX Fabrications. Наведайся в их административный центр на Белсайз-уэй и пошарь в главном терминале. Кодовое название пришлю эсэмэской."
"gpc:ActCorp1Brief.gpc:46","choice","1","ActCorp1Brief / Me","Got it.","Понял."
"gpc:ActCorp1Brief.gpc:48","choice","1","ActCorp1Brief / Me","Any special requests?","Особые пожелания?"
"gpc:ActCorp1Brief.gpc:54","line","1","ActCorp1Brief / Them","Look, I don't judge assets by how well they blither into their fucking phones, so the jury's still out on you. If you wanna impress me, now or any time you're on an Intex op, don't leave witnesses. Anyone does see you, don't leave 'em breathing. Don't care how many hits it takes.","Слушай, я не сужу агентов по тому, как складно они блеют в свои грёбаные телефоны, так что насчёт тебя я ещё не решил. Хочешь меня впечатлить — сейчас или на любом задании Intex — не оставляй свидетелей. Если тебя кто-то увидит, пусть больше не дышит. Плевать, сколько ударов на это уйдёт."
"gpc:ActCorp1Brief.gpc:58","choice","1","ActCorp1Brief / Me","Got it.","Понял."
"gpc:ActCorp1Brief.gpc:60","choice","1","ActCorp1Brief / Me","Thanks for the tip, Gandhi.","Спасибо за совет, Ганди."
"gpc:ActCorp1Brief.gpc:66","line","1","ActCorp1Brief / Them","Christ. Look, I don't care if you're fucking her. It's a corporation. This is business, and it's getting done whoever does it. Unless you're a goddamn employee, I suggest you look at this ridiculous fucking fee again and sign on the figurative fucking line.","Господи. Слушай, мне плевать, даже если ты её трахаешь. Это корпорация. Это бизнес, и он будет сделан, кто бы за него ни взялся. Если ты не её грёбаный сотрудник, советую ещё раз глянуть на свой охрененный гонорар и расписаться на фигуральной, мать её, пунктирной линии."
"gpc:ActCorp1Debrief.gpc:2","line","1","ActCorp1Debrief / Them","Get it?","Достал?"
"gpc:ActCorp1Debrief.gpc:6","choice","1","ActCorp1Debrief / Me","Got it. The prototype's at a TX Fabrication facility on Lyle.","Достал. Прототип на объекте TX Fabrication на Лайл-стрит."
"gpc:ActCorp1Debrief.gpc:14","line","1","ActCorp1Debrief / Them","Fuckin A. You'll hear from me when we're ready to move.","Зашибись. Когда будем готовы действовать, я с тобой свяжусь."
"gpc:ActCorp2Brief.gpc:2","line","1","ActCorp2Brief / Them","I know you've taken a job to steal one of my prototypes.","Я знаю, что ты взялся украсть один из моих прототипов."
"gpc:ActCorp2Brief.gpc:6","choice","1","ActCorp2Brief / Me","Yep.","Ага."
"gpc:ActCorp2Brief.gpc:8","choice","1","ActCorp2Brief / Me","Pfft, that doesn't sound like me.","Пф-ф, это на меня не похоже."
"gpc:ActCorp2Brief.gpc:10","choice","1","ActCorp2Brief / Me","Honestly, it was the only thing going.","Честно говоря, другой работы не было."
"gpc:ActCorp2Brief.gpc:14","line","1","ActCorp2Brief / Them","It's fine, you're freelance, you're under no obligation to my company. I'm contacting you because the job was a ruse. The prototype you're looking for doesn't exist, we've left the lethal weapons market completely.","Ничего страшного, ты фрилансер и ничем не обязан моей компании. Я связалась с тобой, потому что это задание — уловка. Прототипа, который ты ищешь, не существует: мы полностью ушли с рынка летального оружия."
"gpc:ActCorp2Brief.gpc:18","choice","1","ActCorp2Brief / Me","Well, that's gonna make my mission to retrieve it trickier.","Что ж, это несколько усложнит мою задачу по его похищению."
"gpc:ActCorp2Brief.gpc:26","line","1","ActCorp2Brief / Them","Maybe not. I'd actually like Intex to steal something from us - something with a tracker on it. I'd be interested to know where it ends up.","Возможно, и нет. Я бы даже хотела, чтобы Intex у нас кое-что украл — кое-что с маячком. Интересно, где это окажется."
"gpc:ActCorp2Brief.gpc:30","choice","1","ActCorp2Brief / Me","Why are you telling me?","Зачем вы мне это рассказываете?"
"gpc:ActCorp2Brief.gpc:38","line","1","ActCorp2Brief / Them","We honestly don't have one. We don't have anything you could steal that would be convincing to Gessler as a prototype weapon. So... I need you to steal one.","У нас его правда нет. У нас нет ничего, что Гесслер принял бы за прототип оружия. Так что... мне нужно, чтобы ты его украл."
"gpc:ActCorp2Brief.gpc:42","choice","1","ActCorp2Brief / Me","Aren't you afraid I'll tell Gessler?","А вы не боитесь, что я расскажу Гесслеру?"
"gpc:ActCorp2Brief.gpc:44","choice","1","ActCorp2Brief / Me","From who?","У кого?"
"gpc:ActCorp2Brief.gpc:46","choice","1","ActCorp2Brief / Me","So that I can give it to you, so that I can steal it from you.","Чтобы я отдал его вам, а потом украл у вас."
"gpc:ActCorp2Brief.gpc:50","choice","1","ActCorp2Brief / Me","Well, this all makes perfect sense. Where am I going?","Что ж, всё предельно логично. Куда идти?"
"gpc:ActCorp2Brief.gpc:58","line","1","ActCorp2Brief / Them","39 London Road.","Лондон-роуд, 39."
"gpc:ActCorp2Brief.gpc:62","choice","1","ActCorp2Brief / Me","Got it.","Понял."
"gpc:ActCorp2Brief.gpc:64","choice","1","ActCorp2Brief / Me","Any special requests?","Особые пожелания?"
"gpc:ActCorp2Brief.gpc:70","line","1","ActCorp2Brief / Them","I'd appreciate it if you could#keep violence to a minimum.","Я была бы признательна, если бы ты#свёл насилие к минимуму."
"gpc:ActCorp2Brief.gpc:74","line","1","ActCorp2Brief / Them","Yes.","Да."
"gpc:ActCorp2Brief.gpc:78","choice","1","ActCorp2Brief / Me","I hate this job.","Ненавижу эту работу."
"gpc:ActCorp2Brief.gpc:80","choice","1","ActCorp2Brief / Me","I love this job.","Обожаю эту работу."
"gpc:ActCorp2Brief.gpc:82","choice","1","ActCorp2Brief / Me","Alright, whatever.","Ладно, как скажете."
"gpc:ActCorp2Brief.gpc:86","line","1","ActCorp2Brief / Them","The same fabrication company who make our prototypes. They build them for other clients too, and I want you to steal something they're making for the automotive industry. It won't look like a weapon, but Intex won't know what it is. That means it'll get to their labs, and we can trace it there.","У той же производственной компании, что делает наши прототипы. Они работают и на других клиентов, и я хочу, чтобы ты украл то, что они делают для автопрома. На оружие это не похоже, но в Intex не поймут, что это такое. Значит, вещь попадёт в их лаборатории, и мы её там отследим."
"gpc:ActCorp2Brief.gpc:90","line","1","ActCorp2Brief / Them","No, go ahead. It'll sound exactly like a ruse to cover up our secret prototype.","Нет, давай. Это прозвучит в точности как уловка, чтобы прикрыть наш секретный прототип."
"gpc:ActCorp2Debrief.gpc:2","line","1","ActCorp2Debrief / Them","Find it OK?","Нашёл?"
"gpc:ActCorp2Debrief.gpc:6","choice","1","ActCorp2Debrief / Me","Yep.","Ага."
"gpc:ActCorp2Debrief.gpc:8","choice","1","ActCorp2Debrief / Me","What the hell is this?","Что это вообще за хрень?"
"gpc:ActCorp2Debrief.gpc:14","line","1","ActCorp2Debrief / Them","Great. Drop it in the trashcan at Union, I'll have someone pick it up, plant the tracker, and move it to the TX facility.","Отлично. Брось его в урну на «Юнион», мои люди заберут его, поставят маячок и отвезут на объект TX."
"gpc:ActCorp2Debrief.gpc:18","line","1","ActCorp2Debrief / Them","Some kind of electric accelerator. My R&D guys looked into something a bit like it for projectiles once. Drop it in the trashcan at Union, I'll have someone pick it up, plant the tracker, and move it to the TX facility.","Какой-то электрический ускоритель. Мои ребята из R&D как-то изучали нечто похожее для снарядов. Брось его в урну на «Юнион», мои люди заберут его, поставят маячок и отвезут на объект TX."
"gpc:ActCorp3Brief.gpc:2","line","1","ActCorp3Brief / Them","OK, you oughta know where you're going but I'll say it anyway: TX Fabrication, Lyle street. Steal Rooke's prototype.","Ну, куда ехать, ты и так в курсе, но повторю: TX Fabrication на Лайл-стрит. Стащи у Rooke прототип."
"gpc:ActCorp3Debrief.gpc:2","line","1","ActCorp3Debrief / Them","You get it?","Достал?"
"gpc:ActCorp3Debrief.gpc:6","choice","1","ActCorp3Debrief / Me","Yep.","Ага."
"gpc:ActCorp3Debrief.gpc:8","choice","1","ActCorp3Debrief / Me","Yes, but there's something you should know about it.","Да, но вам кое-что нужно о нём знать."
"gpc:ActCorp3Debrief.gpc:14","line","1","ActCorp3Debrief / Them","Yeah? Well spit it out.","Да? Ну так выкладывай."
"gpc:ActCorp3Debrief.gpc:18","choice","1","ActCorp3Debrief / Me","It's a fake, and there's a tracker. Rooke had me help set it up.","Это подделка, и в ней маячок. Рук попросила меня помочь всё это устроить."
"gpc:ActCorp3Debrief.gpc:20","choice","1","ActCorp3Debrief / Me","It's really heavy. My arms hurt.","Он очень тяжёлый. У меня руки болят."
"gpc:ActCorp3Debrief.gpc:26","line","1","ActCorp3Debrief / Them","Jesus H Ballsack. Are you fucking serious? No, don't answer that this time. Gimme a second.","Иисус, мать его, Мошонкин. Ты, блядь, серьёзно? Нет, в этот раз не отвечай. Дай мне секунду."
"gpc:ActCorp3Debrief.gpc:30","line","1","ActCorp3Debrief / Them","Alright, you know what? Fuck it. Play along. Do whatever she wants. Let's see what the robot bitch can do when I know she's coming.","Ладно, знаешь что? Похер. Подыграй ей. Делай всё, что она скажет. Посмотрим, что сможет эта сука-робот, когда я знаю, что она идёт."
"gpc:ActCorp3Debrief.gpc:34","choice","1","ActCorp3Debrief / Me","Um, OK.","Э-э, ладно."
"gpc:ActCorp3Debrief.gpc:36","choice","1","ActCorp3Debrief / Me","I'm fine with this for exactly as long as you're both paying me.","Меня это устраивает ровно до тех пор, пока вы оба мне платите."
"gpc:ActCorp3Debrief.gpc:42","line","1","ActCorp3Debrief / Them","Fuckin fantastico. Get off at Central, switch bags with the guy on the far bench. The cash is in his.","Охренительно фантастико. Выйди на «Сентрал» и поменяйся сумками с парнем на дальней скамейке. Деньги в его сумке."
"gpc:ActCorp4Brief.gpc:2","line","1","ActCorp4Brief / Them","The tracker's operational. It's in a building we didn't know belonged to Intex, so if this is real, it could be big.","Маячок работает. Он в здании, о котором мы не знали, что оно принадлежит Intex, так что, если всё по-настоящему, это может быть что-то крупное."
"gpc:ActCorp4Brief.gpc:6","choice","1","ActCorp4Brief / Me","What am I doing there?","А мне там что делать?"
"gpc:ActCorp4Brief.gpc:14","line","1","ActCorp4Brief / Them","Get the prototype back, so they don't have time to realise it's fake, and take anything else in that room that looks interesting. It's likely to be with their most sensitive stuff.","Верни прототип, пока они не успели понять, что он поддельный, и забери всё, что покажется интересным в той же комнате. Скорее всего, он лежит рядом с их самым секретным добром."
"gpc:ActCorp4Brief.gpc:18","choice","1","ActCorp4Brief / Me","Got it.","Понял."
"gpc:ActCorp4Debrief.gpc:2","line","1","ActCorp4Debrief / Them","What did you find?","Что нашёл?"
"gpc:ActCorp4Debrief.gpc:6","choice","1","ActCorp4Debrief / Me","Got the fake prototype and something else. Where do you want it?","Забрал поддельный прототип и ещё кое-что. Куда это доставить?"
"gpc:ActCorp4Debrief.gpc:14","line","1","ActCorp4Debrief / Them","Great work! Same dead drop as last time, I'll have a man there shortly.","Отличная работа! В тот же тайник, что и в прошлый раз, мой человек скоро там будет."
"gpc:ActOne1Brief.gpc:2","line","1","ActOne1Brief / Them","On the top floor of this building there's a bank of servers with a computer nearby. If you can get to that, you can wipe the evidence that you were at our offices when Selena was killed.","На верхнем этаже этого здания стоят серверы, а рядом компьютер. Если доберёшься до него, сможешь стереть доказательства того, что ты был у нас в офисе, когда убили Селену."
"gpc:ActOne1Brief.gpc:14","choice","1","ActOne1Brief / Me","How do I get in?","Как мне попасть внутрь?"
"gpc:ActOne1Brief.gpc:16","choice","1","ActOne1Brief / Me","How do I wipe the data?","Как стереть данные?"
"gpc:ActOne1Brief.gpc:18","choice","1","ActOne1Brief / Me","Got it.","Понял."
"gpc:ActOne1Brief.gpc:30","line","1","ActOne1Brief / Them","Good. Right now you look guilty as hell, and if you go down for this her real killer gets away.","Хорошо. Сейчас ты выглядишь чертовски виновным, и если тебя посадят, настоящий убийца уйдёт."
"gpc:ActOne1Brief.gpc:42","line","1","ActOne1Brief / Them","I've had one of our tech guys open the front door for you - their electrical systems are hackable from here, but for obvious reasons their servers aren't.","Один из наших техников открыл для тебя парадную дверь: их электросистемы можно взломать отсюда, а вот серверы, по понятным причинам, нет."
"gpc:ActOne1Brief.gpc:54","line","1","ActOne1Brief / Them","I've seen your record, this'll be well within your abilities. Once you're in, the scrubber script I'm sending you will auto-wipe anything with today's date ending in .mp4.","Я видела твоё досье, с этим ты легко справишься. Когда войдёшь, скрипт-чистильщик, который я тебе отправлю, автоматически сотрёт все .mp4 с сегодняшней датой."
"gpc:ActOne1Debrief.gpc:2","line","1","ActOne1Debrief / Them","Good job.","Хорошая работа."
"gpc:ActOne1Debrief.gpc:14","choice","1","ActOne1Debrief / Me","Thanks.","Спасибо."
"gpc:ActOne1Debrief.gpc:16","choice","1","ActOne1Debrief / Me","Well, not particularly.","Ну, не особо."
"gpc:ActOne1Debrief.gpc:18","choice","1","ActOne1Debrief / Me","Walking through already open doors is my speciality.","Проходить через открытые двери — мой конёк."
"gpc:ActOne1Debrief.gpc:30","line","1","ActOne1Debrief / Them","Our feeds are backed up at four more facilities - the others are slightly better guarded, but nothing too taxing. I'll give you the addresses in order of security since, frankly, I have no idea how good you are.","Наши записи продублированы ещё на четырёх объектах — остальные охраняются чуть лучше, но ничего сложного. Дам тебе адреса по возрастанию уровня охраны, потому что, честно говоря, понятия не имею, насколько ты хорош."
"gpc:ActOne1Debrief.gpc:42","choice","1","ActOne1Debrief / Me","OK.","Ладно."
"gpc:ActOne1Debrief.gpc:44","choice","1","ActOne1Debrief / Me","That's a slightly creepy level of micro-management, but OK.","Немного жутковатый уровень микроменеджмента, но ладно."
"gpc:ActOne1Debrief.gpc:46","choice","1","ActOne1Debrief / Me","Thanks for giving my personal crisis a difficulty curve.","Спасибо, что добавили моему личному кризису кривую сложности."
"gpc:ActOne1Debrief.gpc:58","line","1","ActOne1Debrief / Them","You'll see a mission briefing for a job on Proudmore Drive - take it.","Увидишь брифинг задания на Праудмор-драйв — бери его."
"gpc:ActOne1Debrief.gpc:70","line","1","ActOne1Debrief / Them","Any time.","Обращайся."
"gpc:ActOne2Brief.gpc:2","line","1","ActOne2Brief / Them","The Westfield facility has better security: my guy can open the front door for you, but the door to the server room is secure. Two guards working tonight - whoever's in the server room can probably open the door to it, so get him to do it for you.","На объекте в Уэстфилде охрана получше: мой человек откроет тебе парадную дверь, но дверь в серверную защищена. Сегодня ночью дежурят двое охранников — тот, кто в серверной, наверняка может её открыть, так что пусть он сделает это за тебя."
"gpc:ActOne2Brief.gpc:21","choice","1","ActOne2Brief / Me","Got it.","Понял."
"gpc:ActOne2Brief.gpc:23","choice","1","ActOne2Brief / Me","Isn't that kind of the opposite of a guard's job description?","Разве это не прямо противоположно обязанностям охранника?"
"gpc:ActOne2Brief.gpc:41","line","1","ActOne2Brief / Them","It is, but these guys spend more time dealing with electrical faults than professional spies. It shouldn't be hard to outwit them.","Так и есть, но эти ребята куда чаще имеют дело с неполадками проводки, чем с профессиональными шпионами. Перехитрить их будет несложно."
"gpc:ActOne3Brief.gpc:2","line","1","ActOne3Brief / Them","I can't open the server room door on Ellis Street, and there are no guards working tonight. You'll have to do it yourself.","Я не могу открыть дверь серверной на Эллис-стрит, и охраны сегодня ночью нет. Придётся тебе самому."
"gpc:ActOne3Brief.gpc:16","choice","1","ActOne3Brief / Me","How?","Как?"
"gpc:ActOne3Brief.gpc:18","choice","1","ActOne3Brief / Me","No problem.","Без проблем."
"gpc:ActOne3Brief.gpc:32","line","1","ActOne3Brief / Them","Any building wired in the last 20 years puts everything on a single power grid. The way things are connected is all handled in software, and software can be hacked. If you've got a Crosslink, you can see all the connections and drag them around to work however you want: make a lightswitch open a door, whatever.","В любом здании, где проводку делали за последние 20 лет, всё сидит на одной электросети. Все соединения управляются программно, а программы можно взломать. С Кросслинком ты видишь все соединения и можешь перетаскивать их как угодно: пусть выключатель открывает дверь, что угодно."
"gpc:ActOne3Brief.gpc:47","choice","1","ActOne3Brief / Me","What actually is a Crosslink?","А что вообще такое Кросслинк?"
"gpc:ActOne3Brief.gpc:49","choice","1","ActOne3Brief / Me","That doesn't seem like a great security feature.","Не слишком надёжная защита, похоже."
"gpc:ActOne3Brief.gpc:51","choice","1","ActOne3Brief / Me","Got it.","Понял."
"gpc:ActOne3Brief.gpc:65","line","1","ActOne3Brief / Them","It's not. Anyone who's actually expecting a hacker puts all their important stuff on an isolated circuit. The data here is a backup of a backup of a backup. They're more worried about hard drive failures than spies.","Так и есть. Тот, кто всерьёз ждёт хакеров, держит всё важное на изолированной цепи. Здесь лежит копия копии копии. Они больше боятся отказа жёсткого диска, чем шпионов."
"gpc:ActOne3Brief.gpc:81","line","1","ActOne3Brief / Them","It's just a mod for your phone that lets you hack into a building's electronics and rewire stuff. Some security geek put it out in closed beta, the only people using it are espionage operatives and asshole kids.","Это просто мод для телефона, который позволяет взламывать электронику здания и перекоммутировать её. Какой-то гик от безопасности выпустил его в закрытую бету, и пользуются им только шпионы и малолетние засранцы."
"gpc:ActOne4Brief.gpc:2","line","1","ActOne4Brief / Them","I can't open the server room door on Ellis Street, and there are no guards working tonight. You'll have to do it yourself.","Я не могу открыть дверь серверной на Эллис-стрит, и охраны сегодня ночью нет. Придётся тебе самому."
"gpc:ActOne4Brief.gpc:16","choice","1","ActOne4Brief / Me","How?","Как?"
"gpc:ActOne4Brief.gpc:18","choice","1","ActOne4Brief / Me","No problem.","Без проблем."
"gpc:ActOne4Brief.gpc:32","line","1","ActOne4Brief / Them","Any building wired in the last 20 years puts everything on a single power grid. The way things are connected is all handled in software, and software can be hacked. If you've got a Crosslink, you can see all the connections and drag them around to work however you want: make a lightswitch open a door, whatever.","В любом здании, где проводку делали за последние 20 лет, всё сидит на одной электросети. Все соединения управляются программно, а программы можно взломать. С Кросслинком ты видишь все соединения и можешь перетаскивать их как угодно: пусть выключатель открывает дверь, что угодно."
"gpc:ActOne4Brief.gpc:47","choice","1","ActOne4Brief / Me","What actually is a Crosslink?","А что вообще такое Кросслинк?"
"gpc:ActOne4Brief.gpc:49","choice","1","ActOne4Brief / Me","That doesn't seem like a great security feature.","Не слишком надёжная защита, похоже."
"gpc:ActOne4Brief.gpc:51","choice","1","ActOne4Brief / Me","Got it.","Понял."
"gpc:ActOne4Brief.gpc:65","line","1","ActOne4Brief / Them","It's not. Anyone who's actually expecting a hacker puts all their important stuff on an isolated circuit. The data here is a backup of a backup of a backup. They're more worried about hard drive failures than spies.","Так и есть. Тот, кто всерьёз ждёт хакеров, держит всё важное на изолированной цепи. Здесь лежит копия копии копии. Они больше боятся отказа жёсткого диска, чем шпионов."
"gpc:ActOne4Brief.gpc:81","line","1","ActOne4Brief / Them","It's just a mod for your phone that lets you hack into a building's electronics and rewire stuff. Some security geek put it out in closed beta, the only people using it are espionage operatives and asshole kids.","Это просто мод для телефона, который позволяет взламывать электронику здания и перекоммутировать её. Какой-то гик от безопасности выпустил его в закрытую бету, и пользуются им только шпионы и малолетние засранцы."
"gpc:ActOne5Brief.gpc:2","line","1","ActOne5Brief / Them","This is the last facility with a copy of the footage, but it's stored on three different servers. You'll need to get to three different terminals and hack each one.","Это последний объект с копией записи, но она хранится на трёх разных серверах. Придётся добраться до трёх разных терминалов и взломать каждый."
"gpc:ActOne5Brief.gpc:16","choice","1","ActOne5Brief / Me","Got it.","Понял."
"gpc:ActOne5Brief.gpc:18","choice","1","ActOne5Brief / Me","Are you seeing anyone about your backup addiction?","Вы к кому-нибудь обращались насчёт своей зависимости от резервных копий?"
"gpc:ActOne5Brief.gpc:32","line","1","ActOne5Brief / Them","Well, you never know when a suspected murderer is going to try systematically erasing them.","Ну, никогда не знаешь, когда подозреваемый в убийстве начнёт их методично стирать."
"gpc:ActOne5Brief.gpc:47","choice","1","ActOne5Brief / Me","Fair point.","Справедливо."
"gpc:ActOne5Brief.gpc:49","choice","1","ActOne5Brief / Me","You do if you hired him.","Знаете, если сами его наняли."
"gpc:ActOne5Brief.gpc:51","choice","1","ActOne5Brief / Me","I guess you should actually be backing up more.","Видимо, вам стоит делать ещё больше копий."
"gpc:ActOne5Brief.gpc:66","line","1","ActOne5Brief / Them","Good luck.","Удачи."
"gpc:ActOne5Debrief.gpc:2","line","1","ActOne5Debrief / Them","Well, I think that concludes our business. There's nothing left that links you to Selena's murder, so the East Point police are going to have to look a little harder. If they don't find him, I will. And if they do, I'll know exactly where he is.","Что ж, думаю, на этом наши дела закончены. Ничто больше не связывает тебя с убийством Селены, так что полиции Ист-Пойнта придётся поискать получше. Если они его не найдут, найду я. А если найдут, я буду точно знать, где он."
"gpc:ActOne5Debrief.gpc:14","choice","1","ActOne5Debrief / Me","Good.","Хорошо."
"gpc:ActOne5Debrief.gpc:16","choice","1","ActOne5Debrief / Me","I appreciate the help, whatever the reasons.","Ценю вашу помощь, какими бы ни были причины."
"gpc:ActOne5Debrief.gpc:18","choice","1","ActOne5Debrief / Me","Then what?","А потом что?"
"gpc:ActOne5Debrief.gpc:31","line","1","ActOne5Debrief / Them","Indeed.","Именно."
"gpc:ActOne5Debrief.gpc:43","line","1","ActOne5Debrief / Them","I have a medical degree and a gun company. He's going to find out why that makes it a bad idea to kill someone I like.","У меня медицинский диплом и оружейная компания. Он узнает, почему убивать того, кто мне нравится, — плохая идея."
"gpc:ActPolice1Brief.gpc:2","line","1","ActPolice1Brief / Them","Thanks for responding. The case I'm interested in is one you might have heard of - the victim's name was Selena Delgado, an employee of the Rooke firearms company.","Спасибо, что откликнулись. Меня интересует дело, о котором вы, возможно, слышали: жертву звали Селена Дельгадо, она работала в оружейной компании Rooke."
"gpc:ActPolice1Brief.gpc:6","choice","1","ActPolice1Brief / Me","Yes, I'm... familiar with it.","Да, я... с ним знаком."
"gpc:ActPolice1Brief.gpc:8","choice","1","ActPolice1Brief / Me","Nope, not ringing any bells.","Не-а, впервые слышу."
"gpc:ActPolice1Brief.gpc:14","line","1","ActPolice1Brief / Them","The security camera footage from the murder scene was wiped, and Delgado's colleague Katie Collins was charged with the murder. I don't think she did it, and I'd like you to help prove that.","Записи камер наблюдения с места убийства стёрли, а в убийстве обвинили коллегу Дельгадо, Кэти Коллинз. Не думаю, что это она, и хочу, чтобы вы помогли это доказать."
"gpc:ActPolice1Brief.gpc:18","choice","1","ActPolice1Brief / Me","Let me guess, you're a friend of the suspect?","Дайте угадаю: вы друг подозреваемой?"
"gpc:ActPolice1Brief.gpc:20","choice","1","ActPolice1Brief / Me","Let me guess, you knew the victim?","Дайте угадаю: вы знали жертву?"
"gpc:ActPolice1Brief.gpc:22","choice","1","ActPolice1Brief / Me","Don't make me guess - why do you care?","Не заставляйте меня гадать — вам-то какое дело?"
"gpc:ActPolice1Brief.gpc:26","line","1","ActPolice1Brief / Them","I'm the chief of police.","Я начальник полиции."
"gpc:ActPolice1Brief.gpc:30","choice","1","ActPolice1Brief / Me","You're hiring me to investigate your own incompetence? Cool.","Вы нанимаете меня расследовать собственную некомпетентность? Круто."
"gpc:ActPolice1Brief.gpc:38","line","1","ActPolice1Brief / Them","No, the department's. I was transferred here to do something about this town's atrocious record for corruption, and every other police chief who's been given that task has vanished or died in a freak gun accident.","Нет, некомпетентность управления. Меня перевели сюда, чтобы разобраться с чудовищной коррупцией в этом городе, и все прежние начальники полиции, получавшие такое задание, исчезли или погибли от нелепого несчастного случая с оружием."
"gpc:ActPolice1Brief.gpc:42","line","1","ActPolice1Brief / Them","I'm not them. I intend to do some actual good here, and to do that, I need to stay alive. So when it gets hard to tell whether my men are being lazy, stupid, or actually corrupt, it seems wiser not to ask them directly. That's why I need you.","Я не они. Я собираюсь принести здесь реальную пользу, а для этого мне нужно остаться в живых. Так что когда трудно понять, ленивы ли мои люди, глупы или действительно продажны, разумнее не спрашивать их напрямую. Поэтому мне нужны вы."
"gpc:ActPolice1Brief.gpc:46","choice","1","ActPolice1Brief / Me","What's the plan?","Какой план?"
"gpc:ActPolice1Brief.gpc:54","line","1","ActPolice1Brief / Them","Every off-site backup of that security camera feed was wiped that night, but the camera itself wasn't. Not everyone knows it, but the older models Rooke uses keep a local backup on the camera itself. I want you to go to the crime scene and get the camera's memory card.","Все внешние копии записей той камеры в ту ночь стёрли, но саму камеру не тронули. Не все об этом знают, но старые модели, которые использует Rooke, хранят локальную копию прямо в камере. Я хочу, чтобы вы отправились на место преступления и достали карту памяти камеры."
"gpc:ActPolice1Brief.gpc:58","choice","1","ActPolice1Brief / Me","And that would, er, show you whoever was caught on camera there that night?","И на ней, э-э, будет видно, кто попал в кадр той ночью?"
"gpc:ActPolice1Brief.gpc:60","choice","1","ActPolice1Brief / Me","So where am I headed?","Так куда мне идти?"
"gpc:ActPolice1Brief.gpc:66","line","1","ActPolice1Brief / Them","Wedgewood Road, the Rooke office. Just get to the camera on the third floor, it should be easy to get the card out of it. The data will be strongly encrypted, but I can decode it if you can get it to me.","Уэджвуд-роуд, офис Rooke. Доберитесь до камеры на третьем этаже, достать из неё карту должно быть несложно. Данные будут надёжно зашифрованы, но я смогу их расшифровать, если вы мне их передадите."
"gpc:ActPolice1Brief.gpc:70","line","1","ActPolice1Brief / Them","Hopefully, yes. If it's blank, we keep digging.","Надеюсь, да. Если карта пустая, копаем дальше."
"gpc:ActPolice1Debrief.gpc:2","line","1","ActPolice1Debrief / Them","Did you get the card?","Карта у вас?"
"gpc:ActPolice1Debrief.gpc:6","choice","1","ActPolice1Debrief / Me","Yep, sending you the data now.","Ага, отправляю данные."
"gpc:ActPolice1Debrief.gpc:8","choice","1","ActPolice1Debrief / Me","Yep, but there's nothing on it.","Ага, но на ней ничего нет."
"gpc:ActPolice1Debrief.gpc:10","choice","1","ActPolice1Debrief / Me","Nope, it was gone.","Не-а, её там не было."
"gpc:ActPolice1Debrief.gpc:14","line","1","ActPolice1Debrief / Them","Excellent, good job.","Превосходно, отличная работа."
"gpc:ActPolice1Debrief.gpc:18","line","1","ActPolice1Debrief / Them","God damn it. One of my idiot officers must have switched the camera back on - the card's full, but it's only the last few nights. Whatever it recorded on the night of the murder was over-written days ago.","Чёрт побери. Кто-то из моих болванов, видимо, снова включил камеру — карта заполнена, но там только последние несколько ночей. Всё, что было записано в ночь убийства, перезаписано ещё несколько дней назад."
"gpc:ActPolice1Debrief.gpc:22","line","1","ActPolice1Debrief / Them","That's suspicious. Very few people know about the on-board backup on that model, and I can't think why someone would wipe the card and then go to the trouble of putting it back in.","Это подозрительно. Мало кто знает о встроенной копии в этой модели, и я не понимаю, зачем кому-то стирать карту, а потом утруждаться и вставлять её обратно."
"gpc:ActPolice1Debrief.gpc:26","line","1","ActPolice1Debrief / Them","Thanks for your help, anyway. I'll get back to you when I know our next move.","В любом случае спасибо за помощь. Свяжусь с вами, когда пойму, каким будет следующий шаг."
"gpc:ActPolice1Debrief.gpc:30","line","1","ActPolice1Debrief / Them","Damn. I'm surprised, very few people know about the on-board backup on that model.","Чёрт. Удивительно, о встроенной копии в этой модели мало кто знает."
"gpc:ActPolice2Brief.gpc:2","line","1","ActPolice2Brief / Them","We caught a break: one of the DataSec facilities the murderer broke into that night had a security camera. Unfortunately I can't get a warrant for the footage without letting my men know I've re-opened the case, so I need you to get it for me.","Нам повезло: на одном из объектов DataSec, куда той ночью проник убийца, была камера наблюдения. К сожалению, я не могу получить ордер на запись, не дав своим людям понять, что снова открыл дело, так что мне нужно, чтобы вы её добыли."
"gpc:ActPolice2Brief.gpc:6","choice","1","ActPolice2Brief / Me","You think the guy who wiped footage didn't wipe the footage of him wiping the footage?","Думаете, тот, кто стёр запись, не стёр запись того, как он стирает запись?"
"gpc:ActPolice2Brief.gpc:8","choice","1","ActPolice2Brief / Me","So if I get this, we'll know who he is?","Значит, если я её достану, мы узнаем, кто он?"
"gpc:ActPolice2Brief.gpc:10","choice","1","ActPolice2Brief / Me","Did any of the guards see him?","Кто-нибудь из охраны его видел?"
"gpc:ActPolice2Brief.gpc:14","choice","1","ActPolice2Brief / Me","Alright, how do I do it?","Ладно, как мне это сделать?"
"gpc:ActPolice2Brief.gpc:22","line","1","ActPolice2Brief / Them","He may not be a clever man.","Возможно, он не слишком умён."
"gpc:ActPolice2Brief.gpc:26","line","1","ActPolice2Brief / Them","If he walked in front of that camera, we'll know what he looks like. He may not be in our database, so we'll still need to figure out how to find him.","Если он прошёл перед камерой, мы узнаем, как он выглядит. Его может не быть в нашей базе, так что нам ещё придётся придумать, как его найти."
"gpc:ActPolice2Brief.gpc:30","line","1","ActPolice2Brief / Them","None who could give a usable description. ""Guy in a coat,"" was my favourite.","Никто, кто мог бы дать внятное описание. Моё любимое — «мужик в пальто»."
"gpc:ActPolice2Brief.gpc:34","line","1","ActPolice2Brief / Them","Just get to the terminal at their main servers on the ground floor. The data will probably be encrypted again, so just copy it and send it to me when you get out.","Просто доберитесь до терминала у главных серверов на первом этаже. Данные, скорее всего, снова будут зашифрованы, так что скопируйте их и пришлите мне, когда выберетесь."
"gpc:ActPolice2Brief.gpc:38","choice","1","ActPolice2Brief / Me","Got it.","Понял."
"gpc:ActPolice2Brief.gpc:40","choice","1","ActPolice2Brief / Me","Sure, I'll definitely do exactly that.","Конечно, именно так я и сделаю."
"gpc:ActPolice2Debrief.gpc:2","line","1","ActPolice2Debrief / Them","Any luck?","Есть успехи?"
"gpc:ActPolice2Debrief.gpc:6","choice","1","ActPolice2Debrief / Me","Yep, here's what I got off the servers. (Real data)","Ага, вот что я достал с серверов. (Настоящие данные)"
"gpc:ActPolice2Debrief.gpc:8","choice","1","ActPolice2Debrief / Me","Yep, here's what I got off the servers. (Random garbage)","Ага, вот что я достал с серверов. (Случайный мусор)"
"gpc:ActPolice2Debrief.gpc:14","line","1","ActPolice2Debrief / Them","Alright, you don't need to actually say it's the real data, I trust you.","Ладно, не обязательно уточнять, что данные настоящие, я вам доверяю."
"gpc:ActPolice2Debrief.gpc:18","line","1","ActPolice2Debrief / Them","Decrypted - we have actual footage of our killer! Guy in a trenchcoat and hat. Can't see his face, but there's no way this is Katie Collins. Anyone else we suspect, we can compare their movement signatures to this and prove whether it's the same person. Good job.","Расшифровано — у нас настоящая запись нашего убийцы! Мужчина в плаще и шляпе. Лица не видно, но это точно не Кэти Коллинз. Любого другого подозреваемого мы можем сравнить по манере движений и доказать, тот это человек или нет. Хорошая работа."
"gpc:ActPolice2Debrief.gpc:22","line","1","ActPolice2Debrief / Them","Decrypted - no luck. The night of the break-in's here, but the guy never sets foot in the lobby. He's smarter than we thought.","Расшифровано — безрезультатно. Ночь взлома тут есть, но этот тип так и не ступил в вестибюль. Он умнее, чем мы думали."
"gpc:ActPolice2Debrief.gpc:26","line","1","ActPolice2Debrief / Them","Hmm, it's not decrypting. You're right, this is just random garbage. Either that or they're using a whole new cypher for some reason. I'll keep working on it and let you know what our next move is.","Хм, не расшифровывается. Вы правы, это просто случайный мусор. Либо так, либо они почему-то используют совершенно новый шифр. Продолжу над этим работать и сообщу, каким будет наш следующий шаг."
"gpc:ActPolice3Brief.gpc:2","line","1","ActPolice3Brief / Them","I've discovered evidence that Selena Delgado's post-mortem was altered after Katie Collins was arrested. What I don't know is why - are my men covering for one of their own, or just changing the facts to fit the easiest suspect to convict?","Я нашёл доказательства, что заключение о вскрытии Селены Дельгадо изменили после ареста Кэти Коллинз. Чего я не знаю, так это зачем: мои люди покрывают кого-то из своих или просто подгоняют факты под подозреваемую, которую проще всего осудить?"
"gpc:ActPolice3Brief.gpc:6","choice","1","ActPolice3Brief / Me","What do you want me to do about it?","И что вы хотите, чтобы я с этим сделал?"
"gpc:ActPolice3Brief.gpc:14","line","1","ActPolice3Brief / Them","If you can get to the coroner's computer in our HQ, you might be able to find an autosave of the original somewhere on there. If we can see what the difference is, it might confirm whether this is corruption or just laziness.","Если доберётесь до компьютера коронера в нашем управлении, возможно, найдёте там где-нибудь автосохранение оригинала. Если увидим, в чём разница, это может подтвердить, коррупция это или просто лень."
"gpc:ActPolice3Brief.gpc:18","choice","1","ActPolice3Brief / Me","Got it.","Понял."
"gpc:ActPolice3Brief.gpc:20","choice","1","ActPolice3Brief / Me","Can't you, police chief of the actual police, get this police thing from the police?","А вы, начальник самой настоящей полиции, не можете получить эту полицейскую штуку от полиции?"
"gpc:ActPolice3Brief.gpc:26","line","1","ActPolice3Brief / Them","Ask my predecessor. You can't, he was shot six times in the chest shortly after referring one of his officers to internal affairs for document forgery.","Спросите моего предшественника. Не выйдет: его застрелили шестью пулями в грудь вскоре после того, как он передал одного из своих офицеров в отдел внутренних расследований за подделку документов."
"gpc:ActPolice3Brief.gpc:30","choice","1","ActPolice3Brief / Me","Alright, point taken.","Ладно, понял."
"gpc:ActPolice3Brief.gpc:32","choice","1","ActPolice3Brief / Me","Who's to say that was even related?","А кто сказал, что это вообще связано?"
"gpc:ActPolice3Brief.gpc:38","line","1","ActPolice3Brief / Them","The police chief of the actual police.","Начальник самой настоящей полиции."
"gpc:ActPolice3Brief.gpc:42","line","1","ActPolice3Brief / Them","(Me)","(Я)"
"gpc:ActPolice3Debrief.gpc:2","line","1","ActPolice3Debrief / Them","Did you find the original obituary?","Нашли оригинал заключения?"
"gpc:ActPolice3Debrief.gpc:6","choice","1","ActPolice3Debrief / Me","Yep, here it is.","Ага, вот оно."
"gpc:ActPolice3Debrief.gpc:8","choice","1","ActPolice3Debrief / Me","Fresh from the Recycle Bin - I suspect we are not dealing with a clever cop.","Прямиком из корзины — подозреваю, мы имеем дело не с самым умным копом."
"gpc:ActPolice3Debrief.gpc:14","line","1","ActPolice3Debrief / Them","Superb.","Великолепно."
"gpc:ActPolice3Debrief.gpc:18","line","1","ActPolice3Debrief / Them","Oh wow. She was shot three times, not one. And the second two shots were point blank range, seconds after she hit the ground. Whoever killed Selena Delgado, they dropped out of a third story window to make sure she was dead. We're either dealing with a professional operative or more than one shooter. Either way, this suggests Katie Collins is innocent.","Ого. В неё стреляли три раза, а не один. И два последних выстрела — в упор, через несколько секунд после того, как она упала. Кто бы ни убил Селену Дельгадо, он спрыгнул из окна третьего этажа, чтобы убедиться, что она мертва. Либо мы имеем дело с профессиональным агентом, либо стрелявших было несколько. Так или иначе, это говорит о том, что Кэти Коллинз невиновна."
"gpc:ActPolice3Debrief.gpc:22","choice","1","ActPolice3Debrief / Me","Can we release it?","Можем это обнародовать?"
"gpc:ActPolice3Debrief.gpc:30","line","1","ActPolice3Debrief / Them","Yes, but not yet. I need enough to get every dirty cop in this town arrested the moment I go public with this, or I'll disappear under suspicious circumstances. I can handle that side of it, but I'll get in touch if I find any more about our killer. Thanks, Conway.","Да, но не сейчас. Мне нужно достаточно улик, чтобы арестовать всех продажных копов в городе в ту же минуту, как я это обнародую, иначе я исчезну при подозрительных обстоятельствах. С этой стороной я справлюсь, но свяжусь с вами, если узнаю что-то ещё о нашем убийце. Спасибо, Конвэй."
"gpc:ActPolice4Brief.gpc:2","line","1","ActPolice4Brief / Them","I think I've got something.","Кажется, у меня кое-что есть."
"gpc:ActPolice4Brief.gpc:6","choice","1","ActPolice4Brief / Me","What?","Что?"
"gpc:ActPolice4Brief.gpc:14","line","1","ActPolice4Brief / Them","That post-mortem you retrieved showed that Selena was shot again, point blank, with the same weapon, right after hitting the ground. Which suggests our killer threw himself out of a third story window just to make sure she was dead.","Заключение о вскрытии, которое вы достали, показало, что в Селену стреляли ещё раз, в упор, из того же оружия, сразу после того, как она упала. Значит, наш убийца выбросился из окна третьего этажа только ради того, чтобы убедиться, что она мертва."
"gpc:ActPolice4Brief.gpc:18","choice","1","ActPolice4Brief / Me","Agreed.","Согласен."
"gpc:ActPolice4Brief.gpc:20","choice","1","ActPolice4Brief / Me","Can't fault him for enthusiasm.","Энтузиазма ему не занимать."
"gpc:ActPolice4Brief.gpc:22","choice","1","ActPolice4Brief / Me","People who throw themselves out of third story windows aren't all bad.","Те, кто выбрасывается из окон третьего этажа, не так уж плохи."
"gpc:ActPolice4Brief.gpc:26","line","1","ActPolice4Brief / Them","That means he had tech - I'm guessing a Dropshot trenchcoat, but who knows what else. So I tracked some shipments from TX Fabrications, who make that stuff, and it turned up an address right across the street from the crime scene.","Значит, у него было снаряжение — думаю, плащ Dropshot, но кто знает, что ещё. Я отследил несколько поставок от TX Fabrications, которые делают такие штуки, и всплыл адрес прямо через дорогу от места преступления."
"gpc:ActPolice4Brief.gpc:30","choice","1","ActPolice4Brief / Me","Oh... cool.","О... круто."
"gpc:ActPolice4Brief.gpc:32","choice","1","ActPolice4Brief / Me","Oh.... yeah?","О... да?"
"gpc:ActPolice4Brief.gpc:34","choice","1","ActPolice4Brief / Me","Oh... great.","О... отлично."
"gpc:ActPolice4Brief.gpc:38","line","1","ActPolice4Brief / Them","I want you to check it out, look for any evidence of what kit this guy might have, and anything else suspicious. Up for it?","Я хочу, чтобы вы его проверили: поищите любые улики о том, какое у этого типа снаряжение, и всё остальное подозрительное. Возьмётесь?"
"gpc:ActPolice4Brief.gpc:42","choice","1","ActPolice4Brief / Me","Always.","Всегда."
"gpc:ActPolice4Brief.gpc:44","choice","1","ActPolice4Brief / Me","I, um, have to go now...","Мне, э-э, пора идти..."
"gpc:ActPolice4Debrief.gpc:2","line","1","ActPolice4Debrief / Them","Find anything?","Нашли что-нибудь?"
"gpc:ActPolice4Debrief.gpc:6","choice","1","ActPolice4Debrief / Me","Yep, packaging for Bullfrog projectile trousers.","Ага, упаковку от брюк-катапульт Bullfrog."
"gpc:ActPolice4Debrief.gpc:8","choice","1","ActPolice4Debrief / Me","Nope, the place was clean. Only thing this guy's guilty of is great taste.","Не-а, там чисто. Этот парень виновен разве что в отличном вкусе."
"gpc:ActPolice4Debrief.gpc:14","line","1","ActPolice4Debrief / Them","Damn. It might be a dummy address, I can't find any records of who rents it. I'll keep digging and let you know what turns up.","Чёрт. Возможно, это фиктивный адрес, я не могу найти записей о том, кто его снимает. Продолжу копать и сообщу, что найду."
"gpc:ActPolice4Debrief.gpc:18","line","1","ActPolice4Debrief / Them","That's interesting. It proves he's an agent, but to be honest that's pretty novice kit. A pro like ours wouldn't just be getting around to trying out the springy legs gadget. Let me keep digging and I'll get back to you.","Интересно. Это доказывает, что он агент, но, честно говоря, это довольно новичковое снаряжение. Профи вроде нашего не стал бы только сейчас пробовать гаджет с пружинными ногами. Дайте мне ещё покопать, я с вами свяжусь."
"gpc:ActPolice5Brief.gpc:2","line","1","ActPolice5Brief / Them","A source I trust has tipped me off to a recording of everything that happened in Rooke's office the night of Delgado's murder. It's from a second camera, one that was backed up to a secure DataSec facility without the killer knowing. I need you to break into DataSec and get that recording for me.","Надёжный источник сообщил мне о записи всего, что произошло в офисе Rooke в ночь убийства Дельгадо. Она со второй камеры, копия которой без ведома убийцы сохранялась на защищённом объекте DataSec. Мне нужно, чтобы вы проникли в DataSec и достали мне эту запись."
"gpc:ActPolice5Brief.gpc:6","choice","1","ActPolice5Brief / Me","Where was the second camera?","Где была вторая камера?"
"gpc:ActPolice5Brief.gpc:8","choice","1","ActPolice5Brief / Me","Who's the source?","Кто источник?"
"gpc:ActPolice5Brief.gpc:10","choice","1","ActPolice5Brief / Me","Why do you believe them?","Почему вы ему верите?"
"gpc:ActPolice5Brief.gpc:14","choice","1","ActPolice5Brief / Me","Right, I'll just check it out then.","Ладно, тогда просто проверю."
"gpc:ActPolice5Brief.gpc:16","choice","1","ActPolice5Brief / Me","Well, thanks for the information, you've been a big help.","Что ж, спасибо за информацию, вы очень помогли."
"gpc:ActPolice5Brief.gpc:22","line","1","ActPolice5Brief / Them","I can't tell you that yet.","Пока не могу сказать."
"gpc:ActPolice5DebriefSeen.gpc:2","line","1","ActPolice5DebriefSeen / Them","Thanks, now I have everything I need.","Спасибо, теперь у меня есть всё, что нужно."
"gpc:ActPolice5DebriefSeen.gpc:6","choice","1","ActPolice5DebriefSeen / Me","Er, I haven't sent you the data yet.","Э-э, я вам ещё не отправил данные."
"gpc:ActPolice5DebriefSeen.gpc:8","choice","1","ActPolice5DebriefSeen / Me","For what?","Для чего?"
"gpc:ActPolice5DebriefSeen.gpc:14","line","1","ActPolice5DebriefSeen / Them","The file on that terminal is random garbage. I put it there myself. I just needed to get you on camera, so I could compare it to the footage from the break-in at DataSec. The movement signatures are a match. You killed Selena Delgado.","Файл на том терминале — случайный мусор. Я сам его туда положил. Мне просто нужно было снять вас на камеру, чтобы сравнить с записью взлома в DataSec. Манера движений совпадает. Это вы убили Селену Дельгадо."
"gpc:ActPolice5DebriefSeen.gpc:66","choice","1","ActPolice5DebriefSeen / Me","I didn't, but I was there, and think I know who did.","Не я, но я там был и, кажется, знаю, кто это сделал."
"gpc:ActPolice5DebriefSeen.gpc:68","choice","1","ActPolice5DebriefSeen / Me","News to me. Good luck proving it with the inadmissable evidence I stole for you, though.","Впервые слышу. Но удачи доказать это с помощью недопустимых улик, которые я для вас украл."
"gpc:ActPolice5DebriefSeen.gpc:70","choice","1","ActPolice5DebriefSeen / Me","Sure, OK, why not.","Конечно, ладно, почему бы и нет."
"gpc:ActPolice5DebriefSeen.gpc:74","line","1","ActPolice5DebriefSeen / Them","I don't know why you did it, but I'm not going to stop until I have something I can use in court. I hope you have a good lawyer.","Не знаю, зачем вы это сделали, но я не остановлюсь, пока не найду то, что можно предъявить в суде. Надеюсь, у вас хороший адвокат."
"gpc:ActPolice5DebriefSeen.gpc:78","choice","1","ActPolice5DebriefSeen / Me","Seriously, I did wipe the DataSec footage because I was at the scene, but I didn't kill her.","Серьёзно, я стёр запись DataSec, потому что был на месте преступления, но я её не убивал."
"gpc:ActPolice5DebriefSeen.gpc:80","choice","1","ActPolice5DebriefSeen / Me","I hope you have a good morgue. And I've been there, you don't.","А я надеюсь, что у вас хороший морг. Я там бывал — у вас плохой."
"gpc:ActPolice5DebriefSeen.gpc:82","choice","1","ActPolice5DebriefSeen / Me","Logically though, shouldn't you hope I have a bad one?","Хотя, если подумать логически, разве вам не стоит надеяться, что у меня плохой адвокат?"
"gpc:ActPolice5DebriefSeen.gpc:86","line","1","ActPolice5DebriefSeen / Them","This ought to be good. Who did?","Это должно быть интересно. И кто же?"
"gpc:ActPolice5DebriefSeen.gpc:90","choice","1","ActPolice5DebriefSeen / Me","Rooke's husband, Mark Jackson.","Муж Рук, Марк Джексон."
"gpc:ActPolice5DebriefSeen.gpc:92","choice","1","ActPolice5DebriefSeen / Me","An Intex agent, I don't know his name.","Агент Intex, не знаю, как его зовут."
"gpc:ActPolice5DebriefSeen.gpc:94","choice","1","ActPolice5DebriefSeen / Me","It actually was Katie Collins, and this has all been a hilariously ironic waste of time.","Вообще-то это действительно была Кэти Коллинз, и всё это было уморительно ироничной тратой времени."
"gpc:ActPolice5DebriefSeen.gpc:98","line","1","ActPolice5DebriefSeen / Them","Yeah, nice try. I don't know why you did it, but I'm not going to stop until I have something I can use in court. I hope you have a good lawyer.","Да, хорошая попытка. Не знаю, зачем вы это сделали, но я не остановлюсь, пока не найду то, что можно предъявить в суде. Надеюсь, у вас хороший адвокат."
"gpc:ActPolice5DebriefUnseen.gpc:2","line","1","ActPolice5DebriefUnseen / Them","So, did you find the file?","Итак, нашли файл?"
"gpc:ActPolice5DebriefUnseen.gpc:6","choice","1","ActPolice5DebriefUnseen / Me","Yep, here it is.","Ага, вот он."
"gpc:ActPolice5DebriefUnseen.gpc:8","choice","1","ActPolice5DebriefUnseen / Me","(Lie) Nope, there was nothing on the terminal.","(Ложь) Не-а, на терминале ничего не было."
"gpc:ActPolice5DebriefUnseen.gpc:14","line","1","ActPolice5DebriefUnseen / Them","I know for a fact there was, and not just because you put (Lie) in front of all your lies. I put a dummy file on that server to see if you really wanted to catch Selena's killer or not. You don't - because you did it.","Я точно знаю, что был, и не только потому, что вы ставите (Ложь) перед каждой своей ложью. Я положил на тот сервер фиктивный файл, чтобы проверить, действительно ли вы хотите поймать убийцу Селены. Не хотите — потому что это сделали вы."
"gpc:ActPolice5DebriefUnseen.gpc:18","line","1","ActPolice5DebriefUnseen / Them","Huh. I'll be honest, this is a dummy file I put there. You match everything we know about Selena's killer, so I had to test where your allegiances lay. I apologise for the distrust, I'm sure you understand.","Хм. Буду честен: это фиктивный файл, я сам его туда положил. Вы подходите подо всё, что мы знаем об убийце Селены, так что мне пришлось проверить, на чьей вы стороне. Прошу прощения за недоверие, уверен, вы понимаете."
"gpc:ActPolice5DebriefUnseen.gpc:22","choice","1","ActPolice5DebriefUnseen / Me","Of course.","Конечно."
"gpc:ActPolice5DebriefUnseen.gpc:24","choice","1","ActPolice5DebriefUnseen / Me","No, I kinda lost the plot on mission 2. I just like getting paid.","Нет, я как-то потерял нить ещё на втором задании. Мне просто нравится, что мне платят."
"gpc:ActPolice5DebriefUnseen.gpc:26","choice","1","ActPolice5DebriefUnseen / Me","Well, you were close: I did wipe the DataSec footage, but I didn't kill Delgado.","Что ж, вы были близки: запись DataSec действительно стёр я, но Дельгадо я не убивал."
"gpc:ActPolice5DebriefUnseen.gpc:30","line","1","ActPolice5DebriefUnseen / Them","What? And you've been helping me investigate... yourself?","Что? И вы помогали мне расследовать... самого себя?"
"gpc:ActPolice5DebriefUnseen.gpc:34","choice","1","ActPolice5DebriefUnseen / Me","I may have issues.","Возможно, у меня есть проблемы."
"gpc:ActPolice5DebriefUnseen.gpc:36","choice","1","ActPolice5DebriefUnseen / Me","Well, I knew we'd never catch me.","Ну, я знал, что меня мы никогда не поймаем."
"gpc:ActPolice5DebriefUnseen.gpc:38","choice","1","ActPolice5DebriefUnseen / Me","What can I say, you pay well.","Что тут скажешь, вы хорошо платите."
"gpc:ActPolice5DebriefUnseen.gpc:42","line","1","ActPolice5DebriefUnseen / Them","So you wiped the footage because it made you look guilty. Did you see who actually did it?","Значит, вы стёрли запись, потому что она выставляла вас виновным. Вы видели, кто на самом деле это сделал?"
"gpc:ActPolice5DebriefUnseen.gpc:46","choice","1","ActPolice5DebriefUnseen / Me","No, but I suspect it was Rooke's husband, Mark Jackson.","Нет, но подозреваю, что это был муж Рук, Марк Джексон."
"gpc:ActPolice5DebriefUnseen.gpc:48","choice","1","ActPolice5DebriefUnseen / Me","No, but I suspect it was someone working for Intex.","Нет, но подозреваю, что это был кто-то, кто работает на Intex."
"gpc:ActPolice5DebriefUnseen.gpc:50","choice","1","ActPolice5DebriefUnseen / Me","No, I'm still working on that.","Нет, я ещё над этим работаю."
"gpc:ActPolice5DebriefUnseen.gpc:54","line","1","ActPolice5DebriefUnseen / Them","Jesus. Alright, well you've helped me get to the bottom of my corruption problem, at least. Turns out my men are just lazy idiots. That's gonna make it hard to make progress on the Delgado case for a while, so if you find the guy who did it before I do...","Господи. Ладно, по крайней мере, вы помогли мне разобраться с моей проблемой коррупции. Оказывается, мои люди просто ленивые идиоты. Из-за этого делу Дельгадо какое-то время будет трудно сдвинуться с места, так что если вы найдёте того, кто это сделал, раньше меня..."
"gpc:ActPolice5DebriefUnseen.gpc:58","line","1","ActPolice5DebriefUnseen / Them","Just send me a text on your way there. If we get reports of gunshots or anything, we might be a bit slow to respond. We might not solve that case.","Просто пришлите мне сообщение по дороге туда. Если поступят сообщения о выстрелах или чём-то подобном, мы можем немного замешкаться с реакцией. Можем и не раскрыть это дело."
"gpc:ActPolice5DebriefUnseen.gpc:62","line","1","ActPolice5DebriefUnseen / Them","Alright, I'll keep looking into it. Let me know if you find anything yourself, and thanks for all your help.","Ладно, буду дальше разбираться. Сообщите, если сами что-нибудь найдёте, и спасибо за всю вашу помощь."
"gpc:ActPolice5DebriefUnseen.gpc:66","choice","1","ActPolice5DebriefUnseen / Me","I didn't, but I was there, and think I know who did.","Не я, но я там был и, кажется, знаю, кто это сделал."
"gpc:ActPolice5DebriefUnseen.gpc:68","choice","1","ActPolice5DebriefUnseen / Me","Good luck proving that with the inadmissable evidence I stole for you.","Удачи доказать это с помощью недопустимых улик, которые я для вас украл."
"gpc:ActPolice5DebriefUnseen.gpc:70","choice","1","ActPolice5DebriefUnseen / Me","Sure, OK, why not.","Конечно, ладно, почему бы и нет."
"gpc:ActPolice5DebriefUnseen.gpc:74","line","1","ActPolice5DebriefUnseen / Them","I don't know why you did it, but I'm not going to stop until I have something I can use in court. I hope you have a good lawyer.","Не знаю, зачем вы это сделали, но я не остановлюсь, пока не найду то, что можно предъявить в суде. Надеюсь, у вас хороший адвокат."
"gpc:ActPolice5DebriefUnseen.gpc:78","choice","1","ActPolice5DebriefUnseen / Me","Seriously, I did wipe the DataSec footage, but I didn't kill her.","Серьёзно, я стёр запись DataSec, но я её не убивал."
"gpc:ActPolice5DebriefUnseen.gpc:80","choice","1","ActPolice5DebriefUnseen / Me","I hope you have a good morgue. And I've been there, you don't.","А я надеюсь, что у вас хороший морг. Я там бывал — у вас плохой."
"gpc:ActPolice5DebriefUnseen.gpc:82","choice","1","ActPolice5DebriefUnseen / Me","Logically though, shouldn't you hope I have a bad one?","Хотя, если подумать логически, разве вам не стоит надеяться, что у меня плохой адвокат?"
"gpc:ActPolice5DebriefUnseen.gpc:86","line","1","ActPolice5DebriefUnseen / Them","This ought to be good. Who did?","Это должно быть интересно. И кто же?"
"gpc:ActPolice5DebriefUnseen.gpc:90","choice","1","ActPolice5DebriefUnseen / Me","Rooke's husband, Mark Jackson.","Муж Рук, Марк Джексон."
"gpc:ActPolice5DebriefUnseen.gpc:92","choice","1","ActPolice5DebriefUnseen / Me","An Intex agent, I don't know his name.","Агент Intex, не знаю, как его зовут."
"gpc:ActPolice5DebriefUnseen.gpc:94","choice","1","ActPolice5DebriefUnseen / Me","It actually was Collins, and this has all been a hilariously ironic waste of time.","Вообще-то это действительно была Коллинз, и всё это было уморительно ироничной тратой времени."
"gpc:ActPolice5DebriefUnseen.gpc:98","line","1","ActPolice5DebriefUnseen / Them","Yeah, nice try. I don't know why you did it, but I'm not going to stop until I have something I can use in court. I hope you have a good lawyer.","Да, хорошая попытка. Не знаю, зачем вы это сделали, но я не остановлюсь, пока не найду то, что можно предъявить в суде. Надеюсь, у вас хороший адвокат."
"gpc:ActThreeJacksonDebrief.gpc:2","line","1","ActThreeJacksonDebrief / Them","My badass fucking super agent! I saw the recording go up! You do realise you just set the internet on fire?","Мой охренительный, мать его, суперагент! Я видел, как всплыла запись! Ты хоть понимаешь, что только что поджёг интернет?"
"gpc:ActThreeJacksonDebrief.gpc:6","choice","1","ActThreeJacksonDebrief / Me","I do.","Понимаю."
"gpc:ActThreeJacksonDebrief.gpc:8","choice","1","ActThreeJacksonDebrief / Me","Oh good.","О, отлично."
"gpc:ActThreeJacksonDebrief.gpc:10","choice","1","ActThreeJacksonDebrief / Me","I hate to bring up money but- no, turns out I'm fine with it.","Не хочу поднимать тему денег, но... нет, оказывается, хочу."
"gpc:ActThreeJacksonDebrief.gpc:14","line","1","ActThreeJacksonDebrief / Them","I'm about to wire you cash you could drown in, the second my release goes through.","Как только меня выпустят, я переведу тебе столько денег, что в них утонуть можно."
"gpc:ActThreeJacksonDebrief.gpc:18","line","1","ActThreeJacksonDebrief / Them","Listen, I am sorry about Katie. And Selena. Christ, this got fucked up. But you did the right thing. I don't know which agent he used, but Gessler's the one who has to go down for Selena. I'm just glad he finally pissed off someone with the balls to do it.","Слушай, мне жаль насчёт Кэти. И Селены. Господи, как же всё по-уродски вышло. Но ты поступил правильно. Не знаю, какого агента он использовал, но за Селену должен ответить Гесслер. Я просто рад, что он наконец разозлил человека, у которого хватит яиц это сделать."
"gpc:ActThreeJacksonDebrief.gpc:22","line","1","ActThreeJacksonDebrief / Them","Hilariously, the bug he had in my phone also recorded him blackmailing me and conspiring to steal from Rooke. If you can get to him tonight and make sure he's in no state to leave his office, the cops will take it from there.","Самое смешное, что жучок в моём телефоне записал ещё и то, как он меня шантажирует и сговаривается обокрасть Rooke. Если доберёшься до него сегодня ночью и сделаешь так, чтобы он не смог покинуть свой офис, дальше копы разберутся сами."
"gpc:ActThreeJacksonDebrief.gpc:26","line","1","ActThreeJacksonDebrief / Them","But if you just want to kill the fucker, you've got my blessing.","Но если хочешь просто прикончить этого ублюдка — благословляю."
"gpc:ActThreeJacksonIntro.gpc:2","line","1","ActThreeJacksonIntro / Them","This is Jackson. The recording you have of me is real, but it's not the whole story. Selena and I were having an affair. When I told her not to say anything, I was trying to protect her.","Это Джексон. Запись со мной у тебя настоящая, но это не вся история. У нас с Селеной был роман. Когда я велел ей молчать, я пытался её защитить."
"gpc:ActThreeJacksonIntro.gpc:6","choice","1","ActThreeJacksonIntro / Me","From who?","От кого?"
"gpc:ActThreeJacksonIntro.gpc:8","choice","1","ActThreeJacksonIntro / Me","From whom?","От кого, позвольте уточнить?"
"gpc:ActThreeJacksonIntro.gpc:14","line","1","ActThreeJacksonIntro / Them","Intex. They blackmailed me to steal a large sum of money from Rooke. I used their plan to take it, but I didn't give it to Intex: I was going to use it to blow the country with Selena. I was warning her to keep that to herself, because I knew if Intex found out they'd have her killed. If I'd known they were tapping my phone... the irony is not fucking lost.","От Intex. Они шантажом заставили меня украсть у Rooke крупную сумму. Я забрал деньги по их плану, но Intex их не отдал: собирался свалить с ними из страны вместе с Селеной. Я предупреждал её держать язык за зубами, потому что знал: если Intex узнает, её убьют. Знай я, что они прослушивают мой телефон... ирония, сука, не ускользает."
"gpc:ActThreeJacksonIntro.gpc:18","choice","1","ActThreeJacksonIntro / Me","Why didn't Intex kill you too?","А почему Intex не убил и тебя?"
"gpc:ActThreeJacksonIntro.gpc:20","choice","1","ActThreeJacksonIntro / Me","Why did you even tell Selena?","Зачем ты вообще рассказал Селене?"
"gpc:ActThreeJacksonIntro.gpc:22","choice","1","ActThreeJacksonIntro / Me","Cut to the chase.","Ближе к делу."
"gpc:ActThreeJacksonIntro.gpc:26","line","1","ActThreeJacksonIntro / Them","She was a smart girl, she wasn't going to run off with me without knowing where the money came from. I knew she wouldn't be wild about stealing from Rooke, but we didn't have much choice. Giving it to Intex would be worse, and doing nothing meant Intex would go public with the affair.","Она была умной девочкой и не сбежала бы со мной, не зная, откуда деньги. Я знал, что ей не понравится идея обокрасть Rooke, но выбора у нас особо не было. Отдать их Intex было бы хуже, а если ничего не делать, Intex растрезвонил бы о нашем романе."
"gpc:ActThreeJacksonIntro.gpc:30","line","1","ActThreeJacksonIntro / Them","They needed me to steal the money from Rooke. We sometimes channel money through my firm to dodge tax, so for a day or two the money would be in my name. If I died before transferring it to Intex, the money would go straight back to Rooke when she inherited my company.","Им было нужно, чтобы я украл деньги у Rooke. Иногда мы гоняем деньги через мою фирму, чтобы уйти от налогов, так что на день-два деньги оказались бы на моё имя. Если бы я умер, не успев перевести их Intex, деньги сразу вернулись бы к Рук, когда она унаследует мою компанию."
"gpc:ActThreeJacksonIntro.gpc:34","line","1","ActThreeJacksonIntro / Them","I don't know how Rooke got hold of that recording, but I know why she edited it, and I know why she gave it to you. She knows about me and Selena, and she knows about the money. If I get arrested now, it defaults back to her. She's trying to frame me.","Не знаю, как Рук достала эту запись, но знаю, зачем она её смонтировала и зачем отдала тебе. Она знает обо мне и Селене и знает про деньги. Если меня сейчас арестуют, они вернутся к ней. Она пытается меня подставить."
"gpc:ActThreeJacksonIntro.gpc:38","choice","1","ActThreeJacksonIntro / Me","So what do you want?","И чего ты хочешь?"
"gpc:ActThreeJacksonIntro.gpc:46","line","1","ActThreeJacksonIntro / Them","The full recording. Public. Online. It proves the one Rooke leaked was doctored, and it proves I didn't kill Selena. The terminal that recorded it logged the location of both phones at the time: I was out of town minutes before she died.","Полную запись. Публично. В сети. Она докажет, что запись, которую слила Рук, смонтирована, и что я не убивал Селену. Терминал, который её записал, зафиксировал местоположение обоих телефонов: я уехал из города за несколько минут до её смерти."
"gpc:ActThreeJacksonIntro.gpc:50","line","1","ActThreeJacksonIntro / Them","That terminal is in Intex's ops center on Harvey Street. If you can get in, you can upload the full recording from there. I'll post it as an official job so I can pay you securely.","Этот терминал в оперативном центре Intex на Харви-стрит. Если проникнешь туда, сможешь выложить полную запись прямо оттуда. Я размещу это как официальный заказ, чтобы надёжно тебе заплатить."
"gpc:ActThreeRookeDebrief.gpc:2","line","1","ActThreeRookeDebrief / Them","Is it done?","Готово?"
"gpc:ActThreeRookeDebrief.gpc:6","choice","1","ActThreeRookeDebrief / Me","It's done.","Готово."
"gpc:ActThreeRookeDebrief.gpc:8","choice","1","ActThreeRookeDebrief / Me","Is what done?","Что готово?"
"gpc:ActThreeRookeDebrief.gpc:14","line","1","ActThreeRookeDebrief / Them","Fantastic. God, it's been a shitty few days. Thank you for ending it.","Фантастика. Боже, ну и паршивые выдались дни. Спасибо, что положил этому конец."
"gpc:ActThreeRookeDebrief.gpc:18","choice","1","ActThreeRookeDebrief / Me","No problem.","Без проблем."
"gpc:ActThreeRookeDebrief.gpc:20","choice","1","ActThreeRookeDebrief / Me","You could thank me by telling me who killed Selena Delgado.","Можете отблагодарить, рассказав, кто убил Селену Дельгадо."
"gpc:ActThreeRookeDebrief.gpc:26","line","1","ActThreeRookeDebrief / Them","Selena was killed by an agent codenamed Hightower, on Gessler's orders. Gessler was blackmailing Jackson to steal from me, but Jackson was planning to run off with Selena and the money. Gessler would have killed them both, but the money was still in Jackson's name. So he took away Jackson's reason to run.","Селену убил агент под кодовым именем Хайтауэр по приказу Гесслера. Гесслер шантажировал Джексона, чтобы тот меня обокрал, но Джексон собирался сбежать с Селеной и деньгами. Гесслер убил бы обоих, но деньги всё ещё были на имя Джексона. Поэтому он лишил Джексона причины бежать."
"gpc:ActThreeRookeDebrief.gpc:30","line","1","ActThreeRookeDebrief / Them","I have enough evidence to put Gessler away, but he knows that now. If you don't get him and Hightower tonight, they'll both be gone by the morning. I still have access to Intex's comms network - I've called Hightower to Intex HQ, told him Gessler wants to meet. I strongly recommend you bring a gun, even if you don't intend to fire it.","У меня достаточно улик, чтобы упечь Гесслера, но теперь он об этом знает. Если не возьмёшь его и Хайтауэра сегодня ночью, к утру их обоих и след простынет. У меня всё ещё есть доступ к сети связи Intex — я вызвала Хайтауэра в штаб-квартиру Intex, сказала, что Гесслер хочет встретиться. Очень советую взять пистолет, даже если не собираешься стрелять."
"gpc:ActThreeRookeDebrief.gpc:34","choice","1","ActThreeRookeDebrief / Me","Thanks, it's been a pleasure.","Спасибо, было приятно."
"gpc:ActThreeRookeDebrief.gpc:36","choice","1","ActThreeRookeDebrief / Me","Thanks, it's been weird.","Спасибо, было странно."
"gpc:ActThreeRookeDebrief.gpc:38","choice","1","ActThreeRookeDebrief / Me","Thanks, I'm off to commit double homicide.","Спасибо, пойду совершу двойное убийство."
"gpc:ActThreeRookeDebrief.gpc:42","line","1","ActThreeRookeDebrief / Them","I'm not going to miss working with you, am I?","Мне ведь не будет не хватать работы с тобой, правда?"
"gpc:ActThreeRookeDebrief.gpc:46","line","1","ActThreeRookeDebrief / Them","Good luck, Richard.","Удачи, Ричард."
"gpc:ActThreeRookeIntro.gpc:2","line","1","ActThreeRookeIntro / Them","Conway, it's Rooke. Ignore Jackson.","Конвэй, это Рук. Не слушай Джексона."
"gpc:ActThreeRookeIntro.gpc:6","choice","1","ActThreeRookeIntro / Me","You don't even know what he said.","Вы даже не знаете, что он сказал."
"gpc:ActThreeRookeIntro.gpc:8","choice","1","ActThreeRookeIntro / Me","Why?","Почему?"
"gpc:ActThreeRookeIntro.gpc:14","line","1","ActThreeRookeIntro / Them","Did he say 'The recording you have of me is real, but it's not the whole story'?","Он сказал: «Запись со мной у тебя настоящая, но это не вся история»?"
"gpc:ActThreeRookeIntro.gpc:18","choice","1","ActThreeRookeIntro / Me","... no.","...нет."
"gpc:ActThreeRookeIntro.gpc:20","choice","1","ActThreeRookeIntro / Me","... yes.","...да."
"gpc:ActThreeRookeIntro.gpc:22","choice","1","ActThreeRookeIntro / Me","To be honest, I wasn't listening.","Честно говоря, я не слушал."
"gpc:ActThreeRookeIntro.gpc:26","line","1","ActThreeRookeIntro / Them","Intex are still bugging his phone, and I've taken over their network.","Intex до сих пор прослушивает его телефон, а я захватила их сеть."
"gpc:ActThreeRookeIntro.gpc:30","line","1","ActThreeRookeIntro / Them","I know who killed Selena, I know exactly where he is now, and I know what will happen if that recording gets out. The killer will vanish, forever. The only reason he hasn't disappeared already is that he knows Jackson's going down for it. As soon as the cops start looking for someone else, he's gone.","Я знаю, кто убил Селену, знаю, где он сейчас, и знаю, что будет, если запись выйдет наружу. Убийца исчезнет навсегда. Он ещё не исчез только потому, что знает: за это сядет Джексон. Как только копы начнут искать кого-то другого, его и след простынет."
"gpc:ActThreeRookeIntro.gpc:34","choice","1","ActThreeRookeIntro / Me","Who is it?","Кто он?"
"gpc:ActThreeRookeIntro.gpc:36","choice","1","ActThreeRookeIntro / Me","Can't we just get the real killer, then leak the recording?","А нельзя сначала взять настоящего убийцу, а потом слить запись?"
"gpc:ActThreeRookeIntro.gpc:38","choice","1","ActThreeRookeIntro / Me","You want to let an innocent man go down to catch a guilty one?","Вы хотите, чтобы сел невиновный, лишь бы поймать виновного?"
"gpc:ActThreeRookeIntro.gpc:42","choice","1","ActThreeRookeIntro / Me","So you want me to get Jackson convicted. How?","Значит, вы хотите, чтобы Джексона осудили. Как?"
"gpc:ActThreeRookeIntro.gpc:50","line","1","ActThreeRookeIntro / Them","You could, if you knew where he was. I could, if I wanted that recording leaked. But if Jackson gets out, I lose everything. The money he took broke our agreement, but it wasn't illegal - I can't get it back unless he's convicted.","Можно было бы, знай ты, где он. Да и я могла бы, если бы хотела, чтобы запись утекла. Но если Джексон выйдет, я потеряю всё. Забрав деньги, он нарушил наш договор, но закон не нарушил — я не смогу их вернуть, если его не осудят."
"gpc:ActThreeRookeIntro.gpc:54","line","1","ActThreeRookeIntro / Them","Not the word I would use. Jackson framed Katie Collins for Selena's murder, which led directly to her death. The fact that he also cheated on me and stole most of my capital just makes me less conflicted about destroying him.","Я бы выбрала другое слово. Джексон подставил Кэти Коллинз под убийство Селены, что напрямую привело к её смерти. То, что он ещё и изменял мне и украл большую часть моего капитала, просто избавляет меня от сомнений, стоит ли его уничтожать."
"gpc:ActThreeRookeIntro.gpc:58","choice","1","ActThreeRookeIntro / Me","Point taken.","Справедливо."
"gpc:ActThreeRookeIntro.gpc:60","choice","1","ActThreeRookeIntro / Me","Hmm.","Хм."
"gpc:ActThreeRookeIntro.gpc:62","choice","1","ActThreeRookeIntro / Me","Still, every marriage has its rough patches.","И всё же в каждом браке бывают трудные времена."
"gpc:ActThreeRookeIntro.gpc:66","line","1","ActThreeRookeIntro / Them","It's the old cliche. Husband runs off with a younger woman who doesn't spend her spare time thinking of less and less traceable ways to destroy people. Wife untraceably destroys him.","Старое клише. Муж сбегает с женщиной помоложе, которая не тратит свободное время на поиск всё менее отслеживаемых способов уничтожать людей. Жена бесследно его уничтожает."
"gpc:ActThreeRookeIntro.gpc:70","line","1","ActThreeRookeIntro / Them","I'm witholding that until you can secure Jackson's conviction.","Я скажу это, только когда ты обеспечишь Джексону обвинительный приговор."
"gpc:ActThreeRookeIntro.gpc:74","line","1","ActThreeRookeIntro / Them","The terminal at Intex that Jackson wants you to upload the recording from. I need you to get to it, and wipe it instead. Jackson goes down for Selena's murder, I get my company back, and you can do what you like to the man who killed your client. It's an easy call.","Терминал в Intex, с которого Джексон хочет, чтобы ты выложил запись. Мне нужно, чтобы ты до него добрался и вместо этого всё стёр. Джексона осудят за убийство Селены, я верну свою компанию, а ты сможешь сделать что угодно с тем, кто убил твою клиентку. Выбор простой."
"gpc:ActTwo1Brief.gpc:2","line","1","ActTwo1Brief / Them","hi! thanks so much for replying!!","привет! спасибо огромное что ответили!!"
"gpc:ActTwo1Brief.gpc:5","choice","1","ActTwo1Brief / Me","No problem.","Без проблем."
"gpc:ActTwo1Brief.gpc:7","choice","1","ActTwo1Brief / Me","What's the situation?","Что случилось?"
"gpc:ActTwo1Brief.gpc:9","choice","1","ActTwo1Brief / Me","For this money, even lower case 'I's couldn't keep me away.","За такие деньги меня даже строчные буквы не отпугнут."
"gpc:ActTwo1Brief.gpc:13","line","1","ActTwo1Brief / Them","haha! sorry my typings not great, i borrowed this phone from a sex worker and i havent figured out how to do capitals on it yet","хаха! извините я плохо печатаю, я одолжила этот телефон у секс-работницы и ещё не разобралась как тут делать заглавные"
"gpc:ActTwo1Brief.gpc:17","line","1","ActTwo1Brief / Them","my names katie collins. i work at rooke, the gun company, and my friend selena was killed last night. someones saying they saw me there, and all the security footage has been deleted!!","меня зовут Кэти Коллинз. я работаю в Rooke, оружейной компании, и вчера ночью убили мою подругу Селену. кто-то говорит, что видел меня там, а все записи с камер стёрли!!"
"gpc:ActTwo1Brief.gpc:21","choice","1","ActTwo1Brief / Me","Ah.","А."
"gpc:ActTwo1Brief.gpc:23","choice","1","ActTwo1Brief / Me","Oh. Shit.","Ох. Чёрт."
"gpc:ActTwo1Brief.gpc:25","choice","1","ActTwo1Brief / Me","Wow, that's kind of a dick move by somebody.","Ничего себе, кто-то поступил как последний козёл."
"gpc:ActTwo1Brief.gpc:29","line","1","ActTwo1Brief / Them","i know!! i wasnt there at all last night, but i live alone so i cant prove it without the footage.","вот именно!! меня там вчера вообще не было, но я живу одна и без записей не могу это доказать."
"gpc:ActTwo1Brief.gpc:33","choice","1","ActTwo1Brief / Me","What can I do?","Чем я могу помочь?"
"gpc:ActTwo1Brief.gpc:41","line","1","ActTwo1Brief / Them","the person saying they saw me there is melanie rookes husband, jackson. i dont wanna get anyone in trouble, but maybe you could stop by his building and just see whats going on.","тот кто говорит что видел меня там — джексон, муж мелани рук. я не хочу никому создавать проблем, но может вы могли бы заглянуть в его здание и просто посмотреть что происходит."
"gpc:ActTwo1Brief.gpc:45","choice","1","ActTwo1Brief / Me","What exactly do you need?","Что именно вам нужно?"
"gpc:ActTwo1Brief.gpc:47","choice","1","ActTwo1Brief / Me","Get him in trouble? I'd want to get him in acid.","Создать ему проблемы? Я бы ему ванну с кислотой создал."
"gpc:ActTwo1Brief.gpc:49","choice","1","ActTwo1Brief / Me","Yes, we should be forgiving of everyone involved in this.","Да, нам стоит простить всех, кто в этом замешан."
"gpc:ActTwo1Brief.gpc:53","line","1","ActTwo1Brief / Them","hell probably be in his office on the top floor. if you can get close enough to hear what hes saying, maybe you could listen in for a clue or something","он наверно будет у себя в кабинете на верхнем этаже. если подберётесь достаточно близко чтобы услышать что он говорит, может подслушаете какую-нибудь зацепку"
"gpc:ActTwo1Brief.gpc:57","choice","1","ActTwo1Brief / Me","Got it.","Понял."
"gpc:ActTwo1Brief.gpc:59","choice","1","ActTwo1Brief / Me","And then throw him in some acid?","А потом бросить его в кислоту?"
"gpc:ActTwo1Brief.gpc:65","line","1","ActTwo1Brief / Them","thankyou so much. i hate to be a pain but i really want to get out of here. its scary.","спасибо огромное. не хочу быть занудой но я очень хочу отсюда выбраться. тут страшно."
"gpc:ActTwo1Brief.gpc:69","line","1","ActTwo1Brief / Them","please no acid! i just want to know whats going on","пожалуйста никакой кислоты! я просто хочу знать что происходит"
"gpc:ActTwo1Brief.gpc:73","line","1","ActTwo1Brief / Them","yeah, he always seemed so nice so i just wanna figure out why hed do this.","ага, он всегда казался таким милым, так что я просто хочу понять зачем он так."
"gpc:ActTwo1Brief.gpc:77","line","1","ActTwo1Brief / Them","haha! i just wanna know why he would do this, he always seemed so nice. maybe theres a reason.","хаха! я просто хочу понять зачем он так, он всегда казался таким милым. может есть какая-то причина."
"gpc:ActTwo1BriefDemo.gpc:2","line","1","ActTwo1BriefDemo / Them","hi! thanks so much for replying!!","привет! спасибо огромное что ответили!!"
"gpc:ActTwo1BriefDemo.gpc:5","choice","1","ActTwo1BriefDemo / Me","No problem.","Без проблем."
"gpc:ActTwo1BriefDemo.gpc:7","choice","1","ActTwo1BriefDemo / Me","What's the situation?","Что случилось?"
"gpc:ActTwo1BriefDemo.gpc:9","choice","1","ActTwo1BriefDemo / Me","For this money, even lower case 'I's couldn't keep me away.","За такие деньги меня даже строчные буквы не отпугнут."
"gpc:ActTwo1BriefDemo.gpc:13","line","1","ActTwo1BriefDemo / Them","haha! sorry my typings not great, i borrowed this phone from a sex worker and i havent figured out how to do capitals on it yet","хаха! извините я плохо печатаю, я одолжила этот телефон у секс-работницы и ещё не разобралась как тут делать заглавные"
"gpc:ActTwo1BriefDemo.gpc:17","line","1","ActTwo1BriefDemo / Them","my names katie collins. i work at rooke, the gun company, and my friend selena was killed last night. someones saying they saw me there, and all the security footage has been deleted!!","меня зовут кэти коллинз. я работаю в rooke, оружейной компании, и вчера ночью убили мою подругу селену. кто-то говорит что видел меня там, а все записи камер стёрли!!"
"gpc:ActTwo1BriefDemo.gpc:21","choice","1","ActTwo1BriefDemo / Me","Ah.","А."
"gpc:ActTwo1BriefDemo.gpc:23","choice","1","ActTwo1BriefDemo / Me","Oh.","Ох."
"gpc:ActTwo1BriefDemo.gpc:25","choice","1","ActTwo1BriefDemo / Me","Wow, that's kind of a dick move by somebody.","Ничего себе, кто-то поступил как последний козёл."
"gpc:ActTwo1BriefDemo.gpc:29","line","1","ActTwo1BriefDemo / Them","i know!! i wasnt there at all last night, but i live alone so i cant prove it without the footage.","вот именно!! меня там вчера вообще не было, но я живу одна и без записей не могу это доказать."
"gpc:ActTwo1BriefDemo.gpc:33","choice","1","ActTwo1BriefDemo / Me","What can I do?","Чем я могу помочь?"
"gpc:ActTwo1BriefDemo.gpc:41","line","1","ActTwo1BriefDemo / Them","the person saying they saw me there is melanie rookes husband, jackson. i dont wanna get anyone in trouble, but maybe you could stop by his building and just see whats going on.","тот кто говорит что видел меня там — джексон, муж мелани рук. я не хочу никому создавать проблем, но может вы могли бы заглянуть в его здание и просто посмотреть что происходит."
"gpc:ActTwo1BriefDemo.gpc:45","choice","1","ActTwo1BriefDemo / Me","What exactly do you need?","Что именно вам нужно?"
"gpc:ActTwo1BriefDemo.gpc:47","choice","1","ActTwo1BriefDemo / Me","Get him in trouble? I'd want to get him in acid.","Создать ему проблемы? Я бы ему ванну с кислотой создал."
"gpc:ActTwo1BriefDemo.gpc:49","choice","1","ActTwo1BriefDemo / Me","Yes, we should be forgiving of everyone involved in this.","Да, нам стоит простить всех, кто в этом замешан."
"gpc:ActTwo1BriefDemo.gpc:53","line","1","ActTwo1BriefDemo / Them","hell probably be in his office on the top floor. if you can get close enough to hear what hes saying, maybe you could listen in for a clue or something","он, наверное, будет у себя в кабинете на верхнем этаже. если подберёшься достаточно близко, чтобы услышать, что он говорит, может, получится подслушать какую-нибудь зацепку"
"gpc:ActTwo1BriefDemo.gpc:57","choice","1","ActTwo1BriefDemo / Me","I'd like to help, but someone's replaced my 'Start mission' button.","Я бы рад помочь, но кто-то заменил мою кнопку «Начать задание»."
"gpc:ActTwo1BriefDemo.gpc:59","choice","1","ActTwo1BriefDemo / Me","And then throw him in some acid?","А потом бросить его в кислоту?"
"gpc:ActTwo1BriefDemo.gpc:65","line","1","ActTwo1BriefDemo / Them","oh. thats weird. what did they replace it with?","ой. странно. и на что заменили?"
"gpc:ActTwo1BriefDemo.gpc:69","line","1","ActTwo1BriefDemo / Them","please no acid! i just want to know whats going on","пожалуйста никакой кислоты! я просто хочу знать что происходит"
"gpc:ActTwo1BriefDemo.gpc:73","line","1","ActTwo1BriefDemo / Them","yeah, he always seemed so nice so i just wanna figure out why hed do this.","ага, он всегда казался таким милым, так что я просто хочу понять зачем он так."
"gpc:ActTwo1BriefDemo.gpc:77","line","1","ActTwo1BriefDemo / Them","haha! i just wanna know why he would do this, he always seemed so nice. maybe theres a reason.","хаха! я просто хочу понять зачем он так, он всегда казался таким милым. может есть какая-то причина."
"gpc:ActTwo1BriefDemo.gpc:81","choice","1","ActTwo1BriefDemo / Me","'Buy game'. I have no idea what that means.","«Купить игру». Понятия не имею, что это значит."
"gpc:ActTwo1BriefDemo.gpc:83","choice","1","ActTwo1BriefDemo / Me","'Buy game'. I think I've been hacked.","«Купить игру». Кажется, меня взломали."
"gpc:ActTwo1BriefDemo.gpc:85","choice","1","ActTwo1BriefDemo / Me","'Buy game'. It probably means something to the person secretly controlling my actions.","«Купить игру». Наверное, тот, кто тайно управляет моими действиями, знает, что это значит."
"gpc:ActTwo1BriefDemo.gpc:89","line","1","ActTwo1BriefDemo / Them","huh. i cant help you there im afraid. it sounds important though, i hope you get it figured out. i feel like im in a web of intrigue, corruption and betrayal here. it could involve about 20 missions with surprises, hard choices, and no easy solutions. it might be pretty compelling to unravel.","хм. боюсь, тут я тебе не помогу. но звучит важно, надеюсь, ты разберёшься. кажется, я попала в паутину интриг, коррупции и предательства. тут может набраться около 20 заданий с сюрпризами, трудным выбором и непростыми решениями. распутывать её наверняка будет очень увлекательно."
"gpc:ActTwo1BriefDemo.gpc:93","line","1","ActTwo1BriefDemo / Them","and jail. im also in jail. so.","и тюрьма. я ещё и в тюрьме. вот."
"gpc:ActTwo1BriefDemo.gpc:97","choice","1","ActTwo1BriefDemo / Me","You make a good point.","Убедительный довод."
"gpc:ActTwo1BriefDemo.gpc:99","choice","1","ActTwo1BriefDemo / Me","I don't know, I feel like I'm being manipulated here.","Не знаю, у меня ощущение, что мной манипулируют."
"gpc:ActTwo1BriefDemo.gpc:105","line","1","ActTwo1BriefDemo / Them","great, hope i hear from you soon!","здорово, надеюсь, скоро услышу тебя снова!"
"gpc:ActTwo1BriefDemo.gpc:109","line","1","ActTwo1BriefDemo / Them","someone secretly controls your actions?","кто-то тайно управляет твоими действиями?"
"gpc:ActTwo1BriefDemo.gpc:113","choice","1","ActTwo1BriefDemo / Me","Yeah. Well, I always assumed.","Да. Ну, я всегда так думал."
"gpc:ActTwo1BriefDemo.gpc:115","choice","1","ActTwo1BriefDemo / Me","No, I have no idea why someone secretly controlled me to say that.","Нет, понятия не имею, зачем кто-то тайно заставил меня это сказать."
"gpc:ActTwo1BriefDemo.gpc:121","line","1","ActTwo1BriefDemo / Them","that must be pretty strange!","наверное, это очень странно!"
"gpc:ActTwo1BriefDemo.gpc:125","choice","1","ActTwo1BriefDemo / Me","So 'buy game' doesn't mean anything to you?","То есть «купить игру» тебе ни о чём не говорит?"
"gpc:ActTwo1BriefDemo.gpc:133","line","1","ActTwo1BriefDemo / Them","no, sorry. it sounds important though, i hope you get it figured out. i feel like im in a web of intrigue, corruption and betrayal here. it could involve about 20 missions with surprises, hard choices, and no easy solutions. it might be pretty compelling to unravel.","нет, извини. но звучит важно, надеюсь, ты разберёшься. кажется, я попала в паутину интриг, коррупции и предательства. тут может набраться около 20 заданий с сюрпризами, трудным выбором и непростыми решениями. распутывать её наверняка будет очень увлекательно."
"gpc:ActTwo1BriefDemo.gpc:137","line","1","ActTwo1BriefDemo / Them","oh, im sure its nothing like that.","ой, уверена, ничего такого."
"gpc:ActTwo1BriefDemo.gpc:141","choice","1","ActTwo1BriefDemo / Me","Buy game.","Купить игру."
"gpc:ActTwo1BriefDemo.gpc:143","choice","1","ActTwo1BriefDemo / Me","Buy game.","Купить игру."
"gpc:ActTwo1BriefDemo.gpc:145","choice","1","ActTwo1BriefDemo / Me","Buy game.","Купить игру."
"gpc:ActTwo1Debrief.gpc:2","line","1","ActTwo1Debrief / Them","hey!! what happened, did you hear anything?","привет!! что случилось, удалось что-нибудь узнать?"
"gpc:ActTwo1Debrief.gpc:6","choice","1","ActTwo1Debrief / Me","He says a company called Intex have an incriminating recording of him.","Он говорит, у компании Intex есть запись, которая его компрометирует."
"gpc:ActTwo1Debrief.gpc:14","line","1","ActTwo1Debrief / Them","whoa. theyre our main rivals, a big multinational company who just opened an office here in east point.","ого. это наши главные конкуренты, крупная международная компания. они недавно открыли офис здесь, в Ист-Пойнте."
"gpc:ActTwo1Debrief.gpc:18","choice","1","ActTwo1Debrief / Me","Any idea what Jackson would be saying that he shouldn't?","Есть мысли, что такого Джексон мог наговорить?"
"gpc:ActTwo1Debrief.gpc:20","choice","1","ActTwo1Debrief / Me","Any idea why they'd be recording Jackson's phone calls?","Есть мысли, зачем им записывать звонки Джексона?"
"gpc:ActTwo1Debrief.gpc:26","line","1","ActTwo1Debrief / Them","this is really messed up, but thanks for doing this, i think its gonna be a huge help.","всё это какой-то кошмар, но спасибо тебе за помощь. думаю, это очень поможет."
"gpc:ActTwo1Debrief.gpc:30","line","1","ActTwo1Debrief / Them","oh god. i dont wanna think it, but if hes trying to frame me maybe hes involved with selenas death somehow.","о боже. не хочется об этом думать, но если он пытается меня подставить, может, он как-то связан со смертью Селены."
"gpc:ActTwo1Debrief.gpc:34","choice","1","ActTwo1Debrief / Me","We'll keep digging.","Продолжим копать."
"gpc:ActTwo1Debrief.gpc:36","choice","1","ActTwo1Debrief / Me","Oh, you think?","Да ну, правда?"
"gpc:ActTwo1Debrief.gpc:42","line","1","ActTwo1Debrief / Them","yeah.","да."
"gpc:ActTwo1Debrief.gpc:46","line","1","ActTwo1Debrief / Them","well, jackson runs his own company, but its a dummy company for rooke. intex would definitely want to hear his calls.","ну, у Джексона своя компания, но это подставная фирма Рук. Intex наверняка хочет прослушивать его звонки."
"gpc:ActTwo1Debrief.gpc:50","line","1","ActTwo1Debrief / Them","im not sure, let me think and ill get back to you","не уверена. дай подумать, я тебе напишу."
"gpc:ActTwo2Brief.gpc:2","line","1","ActTwo2Brief / Them","id really like to know whats on that recording. i dont want to get jackson arrested or anything, but if the recording proves he framed me i really need it to get out of here.","очень хочу узнать, что на той записи. я не хочу, чтобы Джексона арестовали или что-то такое, но если запись доказывает, что он меня подставил, она мне очень нужна, чтобы выбраться отсюда."
"gpc:ActTwo2Brief.gpc:6","choice","1","ActTwo2Brief / Me","Agreed. What's the plan?","Согласен. Какой план?"
"gpc:ActTwo2Brief.gpc:14","line","1","ActTwo2Brief / Them","rooke told me once that intex base all their dirty ops out of their office on marlowe street. if you can get in, the recording should be on the main terminal there.","Рук как-то говорила, что Intex проводит все свои грязные операции из офиса на Марлоу-стрит. если сможешь туда пробраться, запись должна быть на главном терминале."
"gpc:ActTwo2Brief.gpc:18","choice","1","ActTwo2Brief / Me","Hack a thing, got it.","Что-то взломать. Понял."
"gpc:ActTwo2Brief.gpc:26","line","1","ActTwo2Brief / Them","conway - thanks.","Конвэй — спасибо."
"gpc:ActTwo2Debrief.gpc:2","line","1","ActTwo2Debrief / Them","did you find it?","ты её нашёл?"
"gpc:ActTwo2Debrief.gpc:6","choice","1","ActTwo2Debrief / Me","Gone, I'm afraid. But the server logs showed it was once downloaded by a Rooke IP.","Боюсь, её удалили. Но в журналах сервера видно, что однажды её скачали с IP-адреса Рук."
"gpc:ActTwo2Debrief.gpc:14","line","1","ActTwo2Debrief / Them","oh, maybe that was jackson! if you send me the ip, i might know which office it came from, and maybe we can get it from there.","о, может, это был Джексон! пришли мне IP-адрес, может, я пойму, из какого офиса её скачали. тогда попробуем достать её там."
"gpc:ActTwo3Brief.gpc:2","line","1","ActTwo3Brief / Them","hey. this could be really dangerous, so its ok if you want to back out. this is my last chance, and itll only work if that recording is what we hope it is.","привет. это может быть очень опасно, так что я пойму, если захочешь отказаться. это мой последний шанс, и он сработает, только если на записи то, на что мы надеемся."
"gpc:ActTwo3Brief.gpc:6","choice","1","ActTwo3Brief / Me","I'm in.","Я в деле."
"gpc:ActTwo3Brief.gpc:8","choice","1","ActTwo3Brief / Me","You just went 3 sentences without an exclaimation mark, Katie. What's wrong?","Кэти, ты написала три предложения без единого восклицательного знака. Что случилось?"
"gpc:ActTwo3Brief.gpc:14","line","1","ActTwo3Brief / Them","thanks. its getting kind of scary in here. ive got no alibi, im one of the only people who could have wiped that footage, and jacksons word carries a lot of weight. i dont wanna get you in trouble for a lost cause.","спасибо. здесь становится страшновато. у меня нет алиби, я одна из немногих, кто мог стереть ту запись, а слово Джексона много значит. не хочу втягивать тебя в неприятности ради безнадёжного дела."
"gpc:ActTwo3Brief.gpc:18","choice","1","ActTwo3Brief / Me","It's not lost till I'm done. At which point, yeah, it might be totally lost.","Оно не безнадёжно, пока я не закончил. А вот после — да, вполне может стать совсем безнадёжным."
"gpc:ActTwo3Brief.gpc:20","choice","1","ActTwo3Brief / Me","I don't get in trouble. Trouble gets... in... OK that one's not going anywhere.","Я не попадаю в неприятности. Неприятности попадают... в... Ладно, что-то не складывается."
"gpc:ActTwo3Brief.gpc:22","choice","1","ActTwo3Brief / Me","Fuck that.","Да пошло оно."
"gpc:ActTwo3Brief.gpc:26","line","1","ActTwo3Brief / Them","haha!! thank you. good luck!","хаха!! спасибо. удачи!"
"gpc:ActTwo3Brief.gpc:30","line","1","ActTwo3Brief / Them","haha. its just kind of scary in here. ive got no alibi, im one of the only people who could have wiped that footage, and jacksons word carries a lot of weight. i dont wanna get you in trouble for a lost cause.","хаха. просто здесь страшновато. у меня нет алиби, я одна из немногих, кто мог стереть ту запись, а слово Джексона много значит. не хочу втягивать тебя в неприятности ради безнадёжного дела."
"gpc:ActTwo3Debrief.gpc:2","line","1","ActTwo3Debrief / Them","did you get it?!","достал?!"
"gpc:ActTwo3Debrief.gpc:6","choice","1","ActTwo3Debrief / Me","No luck, someone thoroughly scrubbed it from that machine.","Не вышло. Кто-то основательно вычистил её с этого компьютера."
"gpc:ActTwo3Debrief.gpc:14","line","1","ActTwo3Debrief / Them","oh","ох"
"gpc:ActTwo3Debrief.gpc:18","choice","1","ActTwo3Debrief / Me","It was a long shot.","Шансов было мало."
"gpc:ActTwo3Debrief.gpc:20","choice","1","ActTwo3Debrief / Me","I'm sorry, Katie. Don't pay me for this one. We'll keep working on it.","Прости, Кэти. За это задание не плати. Продолжим искать."
"gpc:ActTwo3Debrief.gpc:26","line","1","ActTwo3Debrief / Them","i know. thanks for trying.","знаю. спасибо, что попытался."
"gpc:ActTwo3Debrief.gpc:30","line","1","ActTwo3Debrief / Them","i just dont know what to do now. i dont know why someone would want to frame me like this. i hate thinking someone hates me that much. they went to all that trouble to delete every copy of the security video that showed i wasnt there.","просто не знаю, что теперь делать. не понимаю, зачем кому-то так меня подставлять. ужасно думать, что кто-то настолько меня ненавидит. они так старались удалить все копии записи с камер, на которой видно, что меня там не было."
"gpc:ActTwo3Debrief.gpc:34","choice","1","ActTwo3Debrief / Me","We'll fix it.","Мы всё исправим."
"gpc:ActTwo3Debrief.gpc:36","choice","1","ActTwo3Debrief / Me","It's just Jackson covering his tracks, don't let him get to you.","Это просто Джексон заметает следы. Не позволяй ему тебя сломить."
"gpc:ActTwo3Debrief.gpc:38","choice","1","ActTwo3Debrief / Me","Uh, there's something you should know about that.","Эм, тебе стоит кое-что об этом знать."
"gpc:ActTwo3Debrief.gpc:42","line","1","ActTwo3Debrief / Them","maybe","может быть"
"gpc:ActTwo3Debrief.gpc:46","line","1","ActTwo3Debrief / Them","thats really sweet of you, but im still sending you the money. i cant use it.","это очень мило с твоей стороны, но деньги я всё равно пришлю. мне они ни к чему."
"gpc:ActTwo3Debrief.gpc:50","line","1","ActTwo3Debrief / Them","what?","что?"
"gpc:ActTwo3Debrief.gpc:54","choice","1","ActTwo3Debrief / Me","It was me. I didn't kill Selena, but the footage showed me there. I had to wipe it.","Это был я. Я не убивал Селену, но на записи было видно, что я там был. Пришлось её стереть."
"gpc:ActTwo3Debrief.gpc:56","choice","1","ActTwo3Debrief / Me","It was... .MOV format.","Она была... в формате .MOV."
"gpc:ActTwo3Debrief.gpc:62","line","1","ActTwo3Debrief / Them","... ok","... ладно"
"gpc:ActTwo4Brief.gpc:2","line","1","ActTwo4Brief / Them","I have the recording you've been looking for. It's from a phone call in which Jackson threatens to kill Selena if she talks. It would be enough to get Katie Collins released and my husband arrested.","У меня есть запись, которую ты ищешь. Это телефонный разговор, в котором Джексон угрожает убить Селену, если она заговорит. Её хватило бы, чтобы освободить Кэти Коллинз и арестовать моего мужа."
"gpc:ActTwo4Brief.gpc:6","choice","1","ActTwo4Brief / Me","Oh, awesome.","О, отлично."
"gpc:ActTwo4Brief.gpc:8","choice","1","ActTwo4Brief / Me","""Would""?","«Хватило бы»?"
"gpc:ActTwo4Brief.gpc:14","line","1","ActTwo4Brief / Them","I can't give it to the police. I didn't obtain it legally, so it's inadmissable. That why I need you. I want you to copy it onto the police servers and leave a security hole for the press to find it there.","Я не могу передать её полиции. Я получила её незаконно, поэтому суд её не примет. Вот зачем ты мне нужен. Скопируй её на серверы полиции и оставь дыру в защите, чтобы пресса смогла её там найти."
"gpc:ActTwo4Brief.gpc:18","choice","1","ActTwo4Brief / Me","Does that actually work?","И это правда работает?"
"gpc:ActTwo4Brief.gpc:20","choice","1","ActTwo4Brief / Me","Will that get Collins off?","Это поможет снять обвинения с Коллинз?"
"gpc:ActTwo4Brief.gpc:26","line","1","ActTwo4Brief / Them","I don't know, it's never been done before. But the East Point police would probably rather claim they were sitting on vital evidence than admit they don't know how it even got there.","Не знаю, такого ещё никто не делал. Но полиция Ист-Пойнта скорее заявит, что всё это время хранила важную улику, чем признается, что даже не знает, как та к ним попала."
"gpc:ActTwo4Brief.gpc:30","choice","1","ActTwo4Brief / Me","What does the evidence say, exactly?","Что именно на записи?"
"gpc:ActTwo4Brief.gpc:32","choice","1","ActTwo4Brief / Me","Have you told Collins?","Вы рассказали Коллинз?"
"gpc:ActTwo4Brief.gpc:34","choice","1","ActTwo4Brief / Me","You're OK with getting your husband arrested?","Вас устраивает, что вашего мужа арестуют?"
"gpc:ActTwo4Brief.gpc:38","line","1","ActTwo4Brief / Them","The terminal you need to plant it on is on the first floor of the evidence warehouse on Union. I'm sending you a script that'll make it vulnerable: once it's active, I'll tip off a journalist friend.","Нужный терминал находится на первом этаже склада улик на «Юнион». Я пришлю скрипт, который сделает его уязвимым. Как только он заработает, я дам наводку знакомому журналисту."
"gpc:ActTwo4Brief.gpc:42","line","1","ActTwo4Brief / Them","Jackson: ""I mean it, if you say one word about this, anywhere, you'll be dead before you leave the building.""","Джексон: «Я серьёзно. Если хоть где-нибудь скажешь об этом хоть слово, ты умрёшь раньше, чем выйдешь из здания»."
"gpc:ActTwo4Brief.gpc:46","choice","1","ActTwo4Brief / Me","Shit.","Чёрт."
"gpc:ActTwo4Brief.gpc:48","choice","1","ActTwo4Brief / Me","Yeah, that's not a good thing to say the night someone's killed.","Да, не лучшая фраза для ночи, когда кого-то убили."
"gpc:ActTwo4Brief.gpc:50","choice","1","ActTwo4Brief / Me","Kind of a weird way to say it.","Как-то странно он это сформулировал."
"gpc:ActTwo4Brief.gpc:54","line","1","ActTwo4Brief / Them","He's gone dark. I can't believe he did it, and I don't know if he'll go down for it. But he put Collins in this situation, so he can damn well take the fallout.","Он залёг на дно. Не могу поверить, что он это сделал, и не знаю, посадят ли его. Но он втянул Коллинз в эту историю, так что пусть теперь сам расхлёбывает."
"gpc:ActTwo4Brief.gpc:58","line","1","ActTwo4Brief / Them","No, and I'd appreciate it if you didn't either. She has trouble coping with the guilt if I bring her a coffee, I don't want her to know I'm risking my career for her.","Нет, и буду признательна, если ты тоже не расскажешь. Она мучается чувством вины, даже когда я приношу ей кофе. Не хочу, чтобы она знала, что я рискую ради неё карьерой."
"gpc:ActTwo4Debrief.gpc:2","line","1","ActTwo4Debrief / Them","It's Katie.","Это Кэти."
"gpc:ActTwo4Debrief.gpc:6","choice","1","ActTwo4Debrief / Me","What?","Что?"
"gpc:ActTwo4Debrief.gpc:8","choice","1","ActTwo4Debrief / Me","I uploaded the data! Wait, what?","Я загрузил данные! Погодите, что?"
"gpc:ActTwo4Debrief.gpc:14","line","1","ActTwo4Debrief / Them","I just got the call. They found her in her cell.","Мне только что позвонили. Её нашли в камере."
"gpc:ActTwo4Debrief.gpc:18","line","1","ActTwo4Debrief / Them","The note just said she didn't want to be a burden.","В записке было только то, что она не хотела быть обузой."
"gpc:CorpGesslerBrief.gpc:2","line","1","CorpGesslerBrief / Them","Oh Jesus fucking Christ this is going to be beautiful. No job this time, just set this up as a mission to send you your payout through the normal channels.","О господи, мать твою, это будет прекрасно. На этот раз никакой работы: я оформил это как задание, чтобы перевести тебе гонорар обычным способом."
"gpc:CorpGesslerBrief.gpc:6","choice","1","CorpGesslerBrief / Me","My kind of mission. Pleasure doing business.","Вот такие задания мне по душе. Приятно иметь с вами дело."
"gpc:CorpGesslerBrief.gpc:8","choice","1","CorpGesslerBrief / Me","I have to ask, what the hell did I just deliver?","Не могу не спросить: что, чёрт возьми, я только что доставил?"
"gpc:CorpGesslerBrief.gpc:14","line","1","CorpGesslerBrief / Them","Oh, it's a bomb. Great honking log of plastique, set to go off as soon as it reaches any of Rooke's facilities. Wish I could be there, it's going to be a thing to see.","А, это бомба. Здоровенная хреновина из пластита, которая рванёт, как только попадёт на любой объект Рук. Жаль, меня там не будет. Вот это будет зрелище."
"gpc:CorpGesslerDebrief.gpc:2","line","1","CorpGesslerDebrief / Them","Conway","Конвэй"
"gpc:CorpGesslerDebrief.gpc:6","line","1","CorpGesslerDebrief / Them","Turn on the news","Включи новости"
"gpc:CorpGesslerDebrief.gpc:10","line","1","CorpGesslerDebrief / Them","Prototype you stole was an explosive","Прототип, который ты украл, оказался бомбой"
"gpc:CorpGesslerDebrief.gpc:14","line","1","CorpGesslerDebrief / Them","Blast just killed three good people at my R&D labs","Взрыв только что убил троих хороших людей в моих исследовательских лабораториях"
"gpc:CorpGesslerDebrief.gpc:18","line","1","CorpGesslerDebrief / Them","Gessler must have known you were coming","Гесслер, должно быть, знал, что ты придёшь"
"gpc:CorpGesslerDebrief.gpc:22","line","1","CorpGesslerDebrief / Them","Watch your back","Береги спину"
"gpc:CorpGesslerDebrief.gpc:26","line","1","CorpGesslerDebrief / Them","And kill that fucking animal if you ever have the shot","И убей эту грёбаную скотину, если представится шанс"
"gpc:CorpRookeBrief.gpc:2","line","1","CorpRookeBrief / Them","Seriously. Grow a fucking dick and shove it up your ass.","Серьёзно. Отрасти себе, блядь, член и засунь его себе в задницу."
"gpc:CorpRookeBrief.gpc:6","line","1","CorpRookeBrief / Them","Asshole.","Мудак."
"gpc:Epilogue.gpc:2","line","1","Epilogue / Them","Ugh.","Ух."
"gpc:Epilogue.gpc:14","choice","1","Epilogue / Me","The week echoed in my mind like a gunshot in an empty street.","Прошедшая неделя отдавалась в голове, как выстрел на пустой улице."
"gpc:Epilogue.gpc:16","choice","1","Epilogue / Me","The week echoed in my mind like something that happened in the last week.","Прошедшая неделя отдавалась в голове, как что-то, что случилось на прошлой неделе."
"gpc:Epilogue.gpc:18","choice","1","Epilogue / Me","I've had better weeks.","Бывали у меня недели и получше."
"gpc:Epilogue.gpc:30","line","1","Epilogue / Them","They don't let me name names on this blog, but the person behind the hit I was investigating is probably being picked up by the East Point police about now.","В этом блоге мне не разрешают называть имена, но того, кто заказал убийство, которое я расследовал, сейчас, скорее всего, задерживает полиция Ист-Пойнта."
"gpc:Epilogue.gpc:34","choice","1","Epilogue / Me","Killing him wasn't worth the stain on my conscience.","Его смерть не стоила пятна на моей совести."
"gpc:Epilogue.gpc:36","choice","1","Epilogue / Me","Killing him wasn't worth the stain on my relatively new coat.","Его смерть не стоила пятна на моём относительно новом плаще."
"gpc:Epilogue.gpc:38","choice","1","Epilogue / Me","I, er, may have killed more people than I actually avenged here.","Я, эм, кажется, убил больше людей, чем отомстил."
"gpc:Epilogue.gpc:50","line","1","Epilogue / Them","They don't let me name names on this blog, but the person behind the hit I was investigating is dead now.","В этом блоге мне не разрешают называть имена, но тот, кто заказал убийство, которое я расследовал, теперь мёртв."
"gpc:Epilogue.gpc:54","choice","1","Epilogue / Me","He played a dangerous game, and he didn't have the cards.","Он играл в опасную игру, а нужных карт у него не было."
"gpc:Epilogue.gpc:56","choice","1","Epilogue / Me","He played a dangerous game: insulting my hat. ","Он играл в опасную игру: оскорблял мою шляпу."
"gpc:Epilogue.gpc:58","choice","1","Epilogue / Me","In fact, I may have killed more people than I actually avenged here.","Вообще-то я, кажется, убил больше людей, чем отомстил."
"gpc:Epilogue.gpc:69","line","1","Epilogue / Them","I didn't get the trigger man.","До самого убийцы я не добрался."
"gpc:Epilogue.gpc:73","choice","1","Epilogue / Me","When it came down to it, the cost of revenge was one I couldn't pay.","Когда дошло до дела, цена мести оказалась мне не по карману."
"gpc:Epilogue.gpc:75","choice","1","Epilogue / Me","When it came down to it, it turned out I didn't really care.","Когда дошло до дела, оказалось, что мне, в общем-то, всё равно."
"gpc:Epilogue.gpc:77","choice","1","Epilogue / Me","It was the only play I could stomach. Wish I could say it was the right one.","Это был единственный ход, с которым я мог жить. Хотел бы я сказать, что он был правильным."
"gpc:Epilogue.gpc:89","line","1","Epilogue / Them","The trigger man's going down.","Убийца сядет."
"gpc:Epilogue.gpc:93","choice","1","Epilogue / Me","I thought that would feel good, but there's no escaping what it cost.","Я думал, от этого станет легче, но забыть, чего это стоило, не получится."
"gpc:Epilogue.gpc:95","choice","1","Epilogue / Me","I thought that would feel good. It did.","Я думал, от этого станет легче. Так и вышло."
"gpc:Epilogue.gpc:97","choice","1","Epilogue / Me","That would have felt good if I hadn't just taken a seven story body slam.","От этого стало бы легче, если бы меня только что не впечатали в землю с высоты седьмого этажа."
"gpc:Epilogue.gpc:109","line","1","Epilogue / Them","The trigger man's dead.","Убийца мёртв."
"gpc:Epilogue.gpc:113","choice","1","Epilogue / Me","I thought that would feel good, but there's no escaping what it cost.","Я думал, от этого станет легче, но забыть, чего это стоило, не получится."
"gpc:Epilogue.gpc:115","choice","1","Epilogue / Me","I thought that would feel good. It did.","Я думал, от этого станет легче. Так и вышло."
"gpc:Epilogue.gpc:117","choice","1","Epilogue / Me","That would have felt good if I hadn't just taken a seven story dive.","От этого стало бы легче, если бы я только что не сиганул с седьмого этажа."
"gpc:Epilogue.gpc:129","line","1","Epilogue / Them","And now my back hurts, for reasons I won't go into.","А теперь у меня болит спина. О причинах распространяться не буду."
"gpc:Epilogue.gpc:133","line","1","Epilogue / Them","I don't know.","Не знаю."
"gpc:Epilogue.gpc:137","choice","1","Epilogue / Me","I think I picked the right side.","Думаю, я выбрал правильную сторону."
"gpc:Epilogue.gpc:139","choice","1","Epilogue / Me","Sometimes I think I picked the wrong side.","Иногда мне кажется, что я выбрал не ту сторону."
"gpc:Epilogue.gpc:141","choice","1","Epilogue / Me","I guess I picked the least shitty of two incredibly shitty sides.","Наверное, из двух невероятно дерьмовых сторон я выбрал наименее дерьмовую."
"gpc:Epilogue.gpc:153","line","1","Epilogue / Them","Maybe that doesn't matter. Maybe all that matters is...","Может, это неважно. Может, важно только..."
"gpc:Epilogue.gpc:157","choice","1","Epilogue / Me","Justice.","Правосудие."
"gpc:Epilogue.gpc:159","choice","1","Epilogue / Me","Revenge.","Месть."
"gpc:Epilogue.gpc:161","choice","1","Epilogue / Me","That I now have the ability to kick down doors.","Что теперь я умею вышибать двери ногой."
"gpc:Epilogue.gpc:173","line","1","Epilogue / Them","Either way,","Как бы там ни было,"
"gpc:Epilogue.gpc:177","choice","1","Epilogue / Me","I need a drink.","Мне нужно выпить."
"gpc:Epilogue.gpc:179","choice","1","Epilogue / Me","I need to get out of this city.","Мне нужно уехать из этого города."
"gpc:Epilogue.gpc:181","choice","1","Epilogue / Me","I think I need 10ccs of ketamine and a Columbo marathon.","Думаю, мне нужны 10 кубиков кетамина и марафон «Коломбо»."
"gpc:Epilogue.gpc:193","choice","1","Epilogue / Me","Publish (launches web browser)","Опубликовать (откроется браузер)"
"gpc:IntroDebrief.gpc:2","line","1","IntroDebrief / Them","Conway, this is Melanie Rooke. Selena Delgado worked for me. Do you have time to talk?","Конвэй, это Мелани Рук. Селена Дельгадо работала на меня. Есть время поговорить?"
"gpc:IntroDebrief.gpc:6","choice","1","IntroDebrief / Me","Sure.","Конечно."
"gpc:IntroDebrief.gpc:8","choice","1","IntroDebrief / Me","I didn't kill her!","Я её не убивал!"
"gpc:IntroDebrief.gpc:10","choice","1","IntroDebrief / Me","How do you know my name?","Откуда вы знаете моё имя?"
"gpc:IntroDebrief.gpc:14","line","1","IntroDebrief / Them","I know you didn't kill Selena. ","Я знаю, что ты не убивал Селену."
"gpc:IntroDebrief.gpc:18","line","1","IntroDebrief / Them","I just watched the footage - you walked right in front of a security camera on your way to Selena's office, after the shots were fired.","Я только что посмотрела запись: по пути в кабинет Селены ты прошёл прямо перед камерой наблюдения. Уже после выстрелов."
"gpc:IntroDebrief.gpc:22","line","1","IntroDebrief / Them","But the East Point Police won't look beyond an easy conviction. That footage puts you at the scene, and I have to turn it over to them.","Но полиция Ист-Пойнта не станет искать дальше, если можно легко закрыть дело. Запись доказывает, что ты был на месте преступления, и я обязана её передать."
"gpc:IntroDebrief.gpc:26","line","1","IntroDebrief / Them","I know. ","Знаю."
"gpc:IntroDebrief.gpc:30","line","1","IntroDebrief / Them","It's on your profile, it's your phone's public ID, and you once gave it to me on a business card while saying ""My name is Conway.""","Оно в твоём профиле, в открытом идентификаторе твоего телефона, и однажды ты дал мне визитку со словами: «Меня зовут Конвэй»."
"gpc:IntroDebrief.gpc:34","choice","1","IntroDebrief / Me","... Continue.","... Продолжайте."
"gpc:IntroDebrief.gpc:36","choice","1","IntroDebrief / Me","That could have been anyone.","Это мог быть кто угодно."
"gpc:IntroDebrief.gpc:38","choice","1","IntroDebrief / Me","I see I've underestimated you.","Вижу, я вас недооценил."
"gpc:IntroDebrief.gpc:42","choice","1","IntroDebrief / Me","Why do you care?","Почему вам не всё равно?"
"gpc:IntroDebrief.gpc:44","choice","1","IntroDebrief / Me","I agree that I am boned.","Согласен, мне крышка."
"gpc:IntroDebrief.gpc:50","line","1","IntroDebrief / Them","I have to hand that footage over if I have it. Let's make sure I don't have it. I've wiped my copy, but my camera feeds get backed up to data centers in five different offsite locations. If you can wipe them all, you're in the clear and the police will have to find the real killer.","Если запись у меня есть, я обязана её передать. Давай сделаем так, чтобы её у меня не было. Свою копию я стёрла, но записи с камер резервируются в пяти внешних дата-центрах. Если сотрёшь их все, ты чист, и полиции придётся искать настоящего убийцу."
"gpc:IntroDebrief.gpc:54","line","1","IntroDebrief / Them","Selena was a friend, I want her real killer caught. In fact I want him dead, but once he's in a jail cell that becomes simpler to achieve.","Селена была моей подругой. Я хочу, чтобы её настоящего убийцу поймали. Вообще-то я хочу его смерти, но когда он окажется в камере, добиться этого станет проще."
"gpc:IntroDebrief.gpc:58","choice","1","IntroDebrief / Me","Why can't you wipe it remotely?","Почему нельзя стереть её удалённо?"
"gpc:IntroDebrief.gpc:60","choice","1","IntroDebrief / Me","That actually sounds fairly wise.","Вообще-то звучит вполне разумно."
"gpc:IntroDebrief.gpc:66","line","1","IntroDebrief / Them","Head to the DataSec facility at Port Heath - I'll make sure the front door is open, but you'll have to take it from there.","Отправляйся на объект DataSec в Порт-Хит. Я позабочусь, чтобы входная дверь была открыта, но дальше придётся действовать самому."
"gpc:IntroDebrief.gpc:70","line","1","IntroDebrief / Them","If you could wipe it remotely, there wouldn't be any point in storing it remotely.","Если бы запись можно было стереть удалённо, не было бы смысла хранить её удалённо."
"exe:71b14c","tech","1","BitmapFontFile::VisitEnter","y",""
"exe:71b150","word","2","BitmapFontFile::VisitEnter | gml::ResOption -> gml::operator+, gml::operator+","x",""
"exe:71d2fc","tech","1","oDebug_Draw_0 -> gml::operator+, gml::PGMLVar::cast","vspeed: ",""
"exe:71d310","tech","1","oDebug_Draw_0 -> gml::operator+, gml::PGMLVar::cast","gravity: ",""
"exe:71d324","tech","1","oDebug_Draw_0 -> gml::operator+, gml::PGMLVar::cast","x: ",""
"exe:71d32c","tech","1","oDebug_Draw_0 -> gml::operator+, gml::PGMLVar::cast","hspeed: ",""
"exe:71d340","tech","1","oDebug_Draw_0 -> gml::operator+, gml::PGMLVar::cast","State: ",""
"exe:71d350","tech","1","oDebug_Draw_0 -> gml::operator+, gml::PGMLVar::cast","sprite_index=FallingSprite: ",""
"exe:71d390","text","1","Scripting_oCameraObjective_Create_0_Action_0 -> gml::CreateDescriber, GMLObjectInstance::Get","Your objective: get to the camera and press W to retrieve the footage.","Цель: добраться до камеры и нажать W, чтобы забрать запись."
"exe:71d420","text","1","Scripting_oCameraObjective_Step_0 -> gml::operator+",": Retrieve",": Забрать"
"exe:71d438","text","1","Scripting_oFlashbackEnder_Draw_0 -> gml::operator+, gml::PGMLVar::cast"," SECONDS EARLIER"," СЕКУНД РАНЕЕ"
"exe:71d45c","check","26","Scripting_oGessler_Create_0 -> GMLObjectInstance::Get, gml::PGMLVar::operator= | Scripting_oGesslerController_Create_0 -> GMLObjectInstance::Get, gml::PGMLVar::operator= | People_oPlayer_Collision_115 -> GMLMap::Get, PGMLVar::Get","Gessler",""
"exe:71d470","text","2","Scripting_oGessler_Create_0_Action_24 -> GMLObjectInstance::Get, PGMLVar::Get | Scripting_oGesslerController_Create_0_Action_0 -> gml::CreateDescriber, GMLObjectInstance::Get","Fritz Gessler, Intex CEO. Kill or incapacitate.","Фриц Гесслер, гендиректор Intex. Убить или обезвредить."
"exe:71d530","text","1","Scripting_oGesslerController_Create_0 -> GMLObjectInstance::Get, gml::PGMLVar::operator=","I don't know why he thought I wouldn't do that.","Не знаю, с чего он решил, что я этого не сделаю."
"exe:71d5a0","check","3","Scripting_oGesslerController_Step_0 -> PGMLVar::Get, gml::PGMLVar::operator= | People_oGunman_Alarm_1_Action_1 -> GMLObjectInstance::Get, gml::PGMLVar::operator= | gml::HuntForPlayer -> GMLObjectInstance::Get, gml::operator==","Cocked",""
"exe:71d5b0","text","1","Scripting_oGesslerController_Step_0 -> GMLObjectInstance::Get, gml::operator+","Player y close to mine, ",""
"exe:71d5e4","text","1","Scripting_oGesslerController_Step_0 -> GMLObjectInstance::Get, gml::operator+","No existing Gessler, ",""
"exe:71d610","text","1","Scripting_oGesslerController_Step_0 -> GMLObjectInstance::Get, gml::operator+","Not dealt with, ",""
"exe:71d634","text","1","Scripting_oGesslerController_Step_0 -> GMLObjectInstance::Get, gml::operator+","Not holding off on firing, ",""
"exe:71d66c","check","33","Scripting_oHightowerFinale_Step_0 -> gml::ChangeSpriteTo | People_oPlayer_Step_0_Action_1 -> gml::GetOffBody, GMLObjectInstance::Get | People_oPlayer_Step_0_Action_1 -> GMLMap::Get, gml::operator==","Left",""
"exe:71d678","text","1","Scripting_oGesslerController_Step_0 -> GMLObjectInstance::Get, gml::operator+","No blocks in the way, creating Gessler.",""
"exe:71d6c8","check","8","Scripting_oHightowerFinale_Step_0 -> GMLMap::Get, gml::PGMLVar::operator= | Scripting_oHightowerFinale_Step_0 -> GMLMap::Get, gml::operator== | People_oPlayer_Step_0_Action_1 -> GMLMap::Get, gml::operator==","Tackled",""
"exe:71d6e8","word","12","Scripting_oHightowerFinale_Step_0 | gml::FallIfNotSupported -> GMLObjectInstance::Get | gml::RightClimbDown","Bottom",""
"exe:71d6f8","check","5","Scripting_oHightowerFinale_Step_0 -> GMLMap::Get, gml::PGMLVar::operator= | People_oPlayer_Step_0_Action_3 -> GMLMap::Get, gml::operator== | Workings_oInventory_Draw_0_Action_0 -> GMLMap::Get, gml::operator==","Struggling",""
"exe:71d728","text","1","Scripting_oJacksonEavesdropTrigger_Create_0_Action_1 -> gml::CreateDescriber, GMLObjectInstance::Get","Get here to listen in on Jackson's conversation.","Добраться сюда, чтобы подслушать разговор Джексона."
"exe:71d78c","check","1","Scripting_oJacksonEavesdropTrigger_Collision_1 -> GMLMap::Get, gml::PGMLVar::operator=","Eavesdropping",""
"exe:71d7a8","text","1","Scripting_oMysteryPrototype_Create_0_Action_1 -> gml::CreateDescriber","Your objective: a baffling prototype that could pass for weapons tech.","Цель: загадочный прототип, который вполне сойдёт за оружейную технологию."
"exe:71d838","text","3","Scripting_oMysteryPrototype_Step_0 -> gml::operator+ | Scripting_oPrototypeBomb_Step_0 -> gml::operator+ | Scripting_oShippingReceiptObjective_Step_0 -> gml::operator+",": Take",": Взять"
"exe:71d84c","check","62","Scripting_oPlayerThrown_Alarm_9 -> GMLMap::Get, gml::PGMLVar::operator= | Dialogue_oDialogueJackson_Alarm_7 -> GMLMap::Get, gml::PGMLVar::operator= | People_oPlayer_Create_0_Action_1 -> GMLMap::Get, gml::PGMLVar::operator=","Down",""
"exe:71d858","text","2","Scripting_oPlayerThrown_Step_1 -> PGMLVar::Get, PGMLVar::At | Dialogue_oDialogueIntro_Create_0_Action_1 -> gml::AddLine","Well, try to move on. What did you need?","Ну, постарайтесь это пережить. Так что вам нужно?"
"exe:71d8b0","text","1","Scripting_oPrototypeBomb_Create_0_Action_1 -> gml::CreateDescriber","Your objective: some kind of weapon technology developed by Intex.","Цель: какая-то оружейная технология, разработанная Intex."
"exe:71d958","text","2","Scripting_oShippingReceiptObjective_Create_0_Action_1 -> gml::CreateDescriber | Environment_oShippingReceiptIntro_Create_0_Action_0 -> gml::CreateDescriber","A shipping receipt for a pair of Hypertrousers.","Квитанция о доставке пары гиперштанов."
"exe:71d9c8","text","5","Dialogue_oTextMessage_Create_0_Action_0 -> GMLObjectInstance::Get, gml::PGMLVar::operator= | ActTwo4Debrief_Create -> PGMLVar::Get, gml::PGMLVar::operator= | ActThreeJacksonIntro_Create -> PGMLVar::Get, gml::PGMLVar::operator=","End call","Завершить звонок"
"exe:71d9dc","text","1","Dialogue_oTextMessage_Create_0_Action_0 -> GMLObjectInstance::Get, gml::PGMLVar::operator=","Buy game","Купить игру"
"exe:71d9f0","check","2","Dialogue_oTextMessage_Create_0_Action_0 -> GMLObjectInstance::Get, gml::PGMLVar::operator= | gml::ChoiceBubble -> GMLObjectInstance::Get, gml::operator==","Start mission",""
"exe:71da34","check","4","Dialogue_oTextMessage_Create_0_Action_36 -> GMLObjectInstance::Get, PGMLVar::At | Dialogue_oTextMessage_Create_0_Action_36 -> gml::SayLineAt | Dialogue_oTextMessage_Alarm_0 -> GMLObjectInstance::Get, gml::SayLineAt","Them:",""
"exe:71da40","check","1","Dialogue_oTextMessage_Create_0_Action_36 -> GMLMap::Get, gml::string"," injured. 20 jobs. $13,000.",""
"exe:71da78","word","1","Dialogue_oTextMessage_Create_0_Action_36 -> gml::operator+, gml::operator+"," dead. ",""
"exe:71da98","word","2","Dialogue_oTextMessage_Create_0 -> GMLObjectInstance::Get, gml::PGMLVar::operator= | ActPolice1Brief_Create","Client","Клиент"
"exe:71dac0","tech","1","Dialogue_oTextMessage_Alarm_1_Action_0 -> GMLObjectInstance::Get, gml::string","&C5=",""
"exe:71dacc","tech","1","Dialogue_oTextMessage_Alarm_1_Action_0 -> GMLObjectInstance::Get, gml::string","&C4=",""
"exe:71dad8","tech","1","Dialogue_oTextMessage_Alarm_1_Action_0 -> GMLObjectInstance::Get, gml::string","&C3=",""
"exe:71dae4","tech","1","Dialogue_oTextMessage_Alarm_1_Action_0 -> GMLObjectInstance::Get, gml::string","&C2=",""
"exe:71daf0","tech","1","Dialogue_oTextMessage_Alarm_1_Action_0 -> GMLObjectInstance::Get, gml::string","&E2=",""
"exe:71dafc","tech","1","Dialogue_oTextMessage_Alarm_1_Action_0 -> GMLObjectInstance::Get, gml::string","&C1=",""
"exe:71db08","tech","1","Dialogue_oTextMessage_Alarm_1_Action_0 -> GMLObjectInstance::Get, gml::string","&E1=",""
"exe:71db14","tech","1","Dialogue_oTextMessage_Alarm_1_Action_0 -> GMLMap::Get, gml::string","&C0=",""
"exe:71db20","tech","1","Dialogue_oTextMessage_Alarm_1_Action_0 -> GMLMap::Get, gml::operator+","&U=",""
"exe:71db28","tech","1","Dialogue_oTextMessage_Alarm_1_Action_0 -> gml::operator+","?K=",""
"exe:71db30","tech","1","Dialogue_oTextMessage_Alarm_1_Action_0 -> gml::operator+, gml::operator+","http://www.pentadact.com/category/conwaysblog/",""
"exe:71db90","tech","1","Dialogue_oTextMessage_Alarm_1_Action_0 -> gml::Achieve, @__security_check_cookie@4","Published",""
"exe:71dbc8","text","1","Dialogue_oTextMessage_Draw_0_Action_1 -> gml::PGMLVar::cast, GMLObjectInstance::Get","Conway's Secret Blog","Секретный блог Конвэя"
"exe:71dbf4","text","1","Dialogue_oTextMessage_Draw_0_Action_1 -> gml::PGMLVar::cast, GMLObjectInstance::Get","Richard Conway#Freelance Spy","Ричард Конвэй#Шпион-фрилансер"
"exe:71dc34","check","4","Dialogue_oTextMessage_Draw_0_Action_1 -> GMLObjectInstance::Get, ??Ggml@@YA?AVPGMLVar@0@ABV10@H@Z | gml::ChoiceBubble -> gml::operator== | gml::ChoiceBubble -> gml::operator!=, GMLObjectInstance::Get","Case Notes",""
"exe:71dc4c","text","1","Dialogue_oTextMessage_Draw_0_Action_3 -> GMLObjectInstance::Get, gml::operator+"," has disconnected"," больше не в сети"
"exe:71dc70","text","1","Dialogue_oTextMessage_Draw_0_Action_3 -> GMLObjectInstance::Get, gml::operator+"," is typing..."," печатает..."
"exe:71dc90","text","1","Dialogue_oDialogueIntro_Create_0_Action_1 -> gml::AddLine","Did you just get thrown out of a plate glass window?","Тебя что, только что вышвырнули через стеклянное окно?"
"exe:71dcfc","text","1","Dialogue_oDialogueIntro_Create_0_Action_1 -> gml::AddLine","... No?","... Нет?"
"exe:71dd0c","text","1","Dialogue_oDialogueIntro_Create_0_Action_1 -> gml::AddLine","Sure, buzz me in.","Конечно, впустите меня."
"exe:71dd30","text","1","Dialogue_oDialogueIntro_Create_0_Action_1 -> gml::AddLine","I work at the gun company across the road - someone just got thrown out of your apartment window.","Я работаю в оружейной компании через дорогу — кто-то только что вылетел из окна твоей квартиры."
"exe:71ddf4","text","1","Dialogue_oDialogueIntro_Create_0_Action_1 -> gml::AddLine","I don't want to talk about it.","Не хочу об этом говорить."
"exe:71de38","text","1","Dialogue_oDialogueIntro_Create_0_Action_1 -> gml::AddLine","I was actually about to call you about something else, but now I'm more interested in this.","Вообще-то я собиралась позвонить тебе по другому поводу, но теперь мне куда интереснее это."
"exe:71df44","text","1","Dialogue_oDialogueIntro_Draw_0_Action_1 -> gml::ForceUseTip","Space: Answer your phone","Пробел: ответить на звонок"
"exe:71df78","text","1","Dialogue_oDialogueIntro_Create_0_Action_1 -> gml::AddLine","My name's Selena Delgado, my boss Rooke says you're some kind of freelance spy? I might have a job for you. Wanna come up?","Меня зовут Селена Дельгадо. Моя начальница Рук говорит, что ты вроде как шпион-фрилансер? Возможно, у меня есть для тебя работа. Поднимешься?"
"exe:71e070","text","4","Dialogue_oDialogueIntro_Draw_0_Action_1 -> gml::ForceUseTip | Dialogue_oDialogueIntroFlashback_Draw_0_Action_1 -> gml::ForceUseTip, GMLObjectInstance::Get | Dialogue_oDialogueGessler_Draw_0_Action_1 -> gml::ForceUseTip, GMLObjectInstance::Get","Space: Continue","Пробел: продолжить"
"exe:71e090","text","1","Dialogue_oDialogueIntroFlashback_Create_0_Action_1 -> gml::AddLine","'Congratulations on purchasing your new BULLFROG brand hypertrousers.'","«Поздравляем с покупкой новых гиперштанов марки BULLFROG»."
"exe:71e120","text","1","Dialogue_oDialogueIntroFlashback_Create_0_Action_1 -> gml::AddLine","'CAUTION: a maximum strength jump may shatter glass ceilings, windows, and... children?'","«ВНИМАНИЕ: прыжок на максимальной мощности может разбить стеклянные потолки, окна и... детей?»"
"exe:71e1d4","text","1","Dialogue_oDialogueIntroFlashback_Create_0_Action_1 -> gml::AddLine","'Outdoor use only.'","«Использовать только на открытом воздухе»."
"exe:71e1fc","word","1","Dialogue_oDialogueIntroFlashback_Create_0_Action_1 -> gml::AddLine","Hmm.","Хм."
"exe:71e22c","text","1","Dialogue_oDialogueGessler_Create_0 -> GMLObjectInstance::Get, gml::PGMLVar::operator=","Not a fucking chance.","Ни единого, блять, шанса."
"exe:71e258","text","1","Dialogue_oDialogueGessler_Create_0_Action_4 -> gml::AddLine","Well, look at that. Shit Hat Conway packs a piece.","Надо же. Конвэй Говношляп-то при стволе."
"exe:71e2c0","check","1","Dialogue_oDialogueGessler_Create_0_Action_4 -> gml::AddLine, GMLMap::Get","For your own safety, Fritz, do not insult the hat.",""
"exe:71e338","text","1","Dialogue_oDialogueGessler_Create_0_Action_4 -> gml::AddLine, GMLObjectInstance::Get","You know what? Fuck this. I've seen your record, I know you'll shoot.","Знаешь что? Да ну на хер. Я видел твоё досье, я знаю, что ты выстрелишь."
"exe:71e3c4","text","1","Dialogue_oDialogueGessler_Create_0 -> PGMLVar::Get, gml::PGMLVar::operator=","Christ that guy talked a lot.","Господи, ну и трепло же он был."
"exe:71e400","text","1","Dialogue_oDialogueGessler_Create_0_Action_4 -> gml::AddLine","I've seen your record, you've never shot a goddamn soul.","Я видел твоё досье, ты в жизни ни одну чёртову душу не застрелил."
"exe:71e474","check","14","Dialogue_oDialogueGessler_Draw_0_Action_1 -> PGMLVar::Get | People_oPlayer_Step_0_Action_9 -> GMLMap::Get, gml::operator!= | People_oGunman_Alarm_10_Action_1 -> GMLObjectInstance::Get, gml::operator==","Unconscious",""
"exe:71e48c","check","24","Dialogue_oDialogueGessler_Draw_0_Action_1 -> PGMLVar::Get | People_oGunman_Alarm_10_Action_1 -> GMLObjectInstance::Get, gml::operator== | People_oGunman_Alarm_9_Action_1 -> GMLObjectInstance::Get, gml::operator==","Dead",""
"exe:71e498","text","1","Dialogue_oDialogueGessler_Create_0_Action_4 -> gml::AddLine, GMLObjectInstance::Get","You'd be a good one to start with. Drop it.","С тебя вполне можно начать. Бросай."
"exe:71e4f0","text","1","Dialogue_oDialogueGessler_Create_0 -> GMLObjectInstance::Get, gml::PGMLVar::operator=","Good boy. Now drop it.","Хороший мальчик. А теперь бросай."
"exe:71e520","check","41","Dialogue_oDialogueGessler_Draw_0_Action_1 -> GMLMap::Get, gml::operator!= | Dialogue_oDialogueGessler_Draw_0_Action_1 -> GMLMap::Get, gml::operator== | People_oPlayer_Step_0_Action_1 -> GMLMap::Get, gml::operator==","Pinned",""
"exe:71e56c","word","1","Dialogue_oDialogueGessler_Draw_0_Action_1 -> PGMLVar::Get, gml::PGMLVar::operator=","Surrendered",""
"exe:71e584","tech","1","Dialogue_oDialogueGessler_Draw_0_Action_1 -> gml::Achieve, GMLObjectInstance::Get","GesslerSurrender",""
"exe:71e5a8","text","1","Dialogue_oDialogueJackson_Create_0_Action_2 -> gml::AddLine","No, Intex have that whole call recorded!","Нет, у Intex весь этот звонок записан!"
"exe:71e610","text","1","Dialogue_oDialogueJackson_Create_0_Action_2 -> gml::AddLine","Yeah, well, thank you Captain Hindsight. I didn't know they were bugging me.","Ага, ну спасибо, Капитан Очевидность. Я не знал, что они меня прослушивают."
"exe:71e6b8","text","1","Dialogue_oDialogueJackson_Create_0_Action_2 -> gml::AddLine","You can't hear a bug. It's not the fucking nineties.","Жучок не услышишь. Сейчас, блять, не девяностые."
"exe:71e738","text","1","Dialogue_oDialogueJackson_Create_0 -> GMLObjectInstance::Get, gml::PGMLVar::operator=","Yeah, alright, I'll let you know.","Ага, ладно, я дам знать."
"exe:71e7b4","check","55","People_oPlayer_Create_0 -> GMLMap::Get, gml::PGMLVar::operator= | People_oPlayer_Alarm_5_Action_1 -> GMLMap::Get, gml::PGMLVar::operator= | People_oPlayer_Step_0_Action_1 -> GMLMap::Get, gml::PGMLVar::operator=","None",""
"exe:71e7cc","check","7","People_oPlayer_Create_0 -> GMLObjectInstance::Get, gml::PGMLVar::operator= | Electronics_Elevator_oElevator_Create_0_Action_1 -> GMLObjectInstance::Get, gml::PGMLVar::operator= | Electronics_Elevator_oElevator_Alarm_0_Action_1 -> GMLObjectInstance::Get, gml::PGMLVar::operator=","Ready",""
"exe:71e7d8","tech","3","People_oPlayer_Alarm_7_Action_1 -> gml::PGMLVar::cast, ??0?$basic_string@_WU?$char_traits@_W@std@@V?$allocator@_W@2@@std@@QAE@ABV01@@Z | People_oPlayer_Alarm_7_Action_1 -> gml::PGMLVar::cast, gml::file_text_open_read | People_oPlayer_Alarm_7_Action_1 -> gml::PGMLVar::cast, gml::file_text_open_write","Replay\SaveCount.gnp",""
"exe:71e830","tech","2","People_oPlayer_Alarm_7_Action_1 -> gml::operator+, gml::PGMLVar::cast","Replay\Save",""
"exe:71e88c","tech","4","People_oPlayer_Alarm_6_Action_1 -> gml::SaveGameAs | Workings_oGuidanceLoadMenu_Create_0_Action_2 -> GMLMap::Get, gml::operator+ | Workings_oGuidanceLoadMenu_Step_0 -> gml::PGMLVar::cast, ??0?$basic_string@_WU?$char_traits@_W@std@@V?$allocator@_W@2@@std@@QAE@ABV01@@Z","Savegames\Restart.gun",""
"exe:71e8b8","tech","13","People_oPlayer_Alarm_6_Action_1 -> gml::SaveGameAs, GMLMap::Get | Workings_oInventory_Step_0_Action_8 -> gml::SaveGameAs, gml::operator== | Workings_oInventory_Step_0_Action_8 -> gml::PGMLVar::cast, ??0?$basic_string@_WU?$char_traits@_W@std@@V?$allocator@_W@2@@std@@QAE@ABV01@@Z","Savegames\Latest.gun",""
"exe:71e920","check","27","People_oPlayer_Alarm_5_Action_1 -> GMLMap::Get, gml::operator== | People_oPlayer_Step_0_Action_1 -> GMLMap::Get, gml::operator== | People_oPlayer_Step_0_Action_3 -> gml::TakeStairs, GMLObjectInstance::Get","Up",""
"exe:71e940","check","6","People_oPlayer_Step_0_Action_1 -> GMLMap::Get, gml::operator== | People_oPlayer_Step_0_Action_5 -> GMLMap::Get, gml::operator== | People_oPlayer_Step_0_Action_7 -> GMLMap::Get, gml::operator==","Hightower Recovery",""
"exe:71e988","check","33","People_oPlayer_Step_0_Action_1 -> gml::GetOffBody, GMLMap::Get | People_oPlayer_Step_0_Action_1 -> GMLMap::Get, gml::operator== | People_oPlayer_Step_0_Action_5 -> GMLMap::Get, gml::PGMLVar::operator=","Right",""
"exe:71e9a0","check","8","People_oPlayer_Step_0_Action_1 -> GMLMap::Get, PGMLVar::Get | People_oGunman_Step_0_Action_13 -> GMLObjectInstance::Get, gml::operator!= | People_oGunman_Step_0_Action_13 -> GMLObjectInstance::Get, gml::PGMLVar::operator=","Falling",""
"exe:71e9fc","check","1","People_oPlayer_Step_0_Action_1 -> GMLMap::Get, gml::operator==","Sliding",""
"exe:71ea44","text","1","People_oPlayer_Step_0_Action_1 -> GMLObjectInstance::Get, gml::PGMLVar::operator=","Movement 1",""
"exe:71ea74","text","1","People_oPlayer_Step_0_Action_1 -> GMLObjectInstance::Get, gml::PGMLVar::operator=","Movement 2",""
"exe:71eaa4","text","1","People_oPlayer_Step_0_Action_1 -> GMLObjectInstance::Get, gml::PGMLVar::operator=","Movement 3",""
"exe:71eadc","text","1","People_oPlayer_Step_0_Action_1 -> GMLObjectInstance::Get, gml::PGMLVar::operator=","Movement 4",""
"exe:71eb24","text","1","People_oPlayer_Step_0_Action_1 -> GMLObjectInstance::Get, gml::PGMLVar::operator=","Movement 5",""
"exe:71eb54","tech","4","People_oPlayer_Step_0_Action_1 -> GMLMap::Get, gml::operator!= | People_oPlayer_Step_0_Action_1 -> GMLMap::Get, gml::operator== | gml::RightClimbDown -> GMLMap::Get, gml::PGMLVar::operator=","NoDown",""
"exe:71eba4","text","1","People_oPlayer_Step_0_Action_1 -> GMLObjectInstance::Get, gml::PGMLVar::operator=","Movement 6",""
"exe:71ebc8","text","1","People_oPlayer_Step_0_Action_1 -> GMLObjectInstance::Get, gml::PGMLVar::operator=","Movement 7",""
"exe:71ebf8","text","1","People_oPlayer_Step_0_Action_1 -> GMLObjectInstance::Get, gml::PGMLVar::operator=","Movement 8",""
"exe:71ec1c","tech","3","People_oPlayer_Step_0_Action_1 -> GMLMap::Get, gml::operator!= | People_oPlayer_Step_0_Action_1 -> GMLMap::Get, gml::operator== | gml::UpClimbRight -> GMLMap::Get, gml::PGMLVar::operator=","NoRight",""
"exe:71ec2c","text","1","People_oPlayer_Step_0_Action_1 -> GMLObjectInstance::Get, gml::PGMLVar::operator=","Movement 9",""
"exe:71ec5c","text","1","People_oPlayer_Step_0_Action_1 -> GMLObjectInstance::Get, gml::PGMLVar::operator=","Movement 10",""
"exe:71ec9c","text","2","People_oPlayer_Step_0_Action_1 -> GMLObjectInstance::Get, gml::PGMLVar::operator=","Movement 11",""
"exe:71ece4","tech","3","People_oPlayer_Step_0_Action_1 -> GMLMap::Get, gml::operator!= | People_oPlayer_Step_0_Action_1 -> GMLMap::Get, gml::operator== | gml::UpClimbLeft -> GMLMap::Get, gml::PGMLVar::operator=","NoLeft",""
"exe:71ed78","tech","2","People_oPlayer_Step_0_Action_3 -> gml::Achieve, gml::HightowerRecovery | People_oPlayer_Step_0_Action_3 -> gml::Achieve, GMLObjectInstance::Get","Payback",""
"exe:71ee00","check","13","People_oPlayer_Step_0_Action_3 -> GMLMap::Get, gml::operator== | People_oPlayer_Step_0_Action_7 -> GMLMap::Get, gml::operator== | People_oPlayer_Collision_115 -> GMLMap::Get, gml::operator==","Elevator",""
"exe:71ee20","check","3","People_oPlayer_Step_0_Action_3 -> GMLMap::Get, gml::PGMLVar::operator= | People_oPlayer_Step_0_Action_3 -> GMLMap::Get, gml::operator==","Gatecrashing",""
"exe:71ee74","tech","1","People_oPlayer_Step_0_Action_3 -> gml::Achieve, GMLObjectInstance::Get","Gatecrashers",""
"exe:71eeec","word","4","People_oPlayer_Step_0_Action_5 -> GMLObjectInstance::Get, gml::PGMLVar::operator=","Stuck",""
"exe:71ef54","check","4","People_oPlayer_Step_0_Action_5 -> GMLMap::Get, gml::operator== | People_oPlayer_Draw_0 -> GMLMap::Get, gml::operator== | Electronics_oDoorOpen_Alarm_1 -> GMLMap::Get, gml::PGMLVar::operator=","Picking Self Up",""
"exe:71f010","word","1","People_oPlayer_Step_0_Action_7 -> GMLObjectInstance::Get, gml::PGMLVar::operator=","Animation",""
"exe:71f094","tech","1","People_oPlayer_Step_0_Action_9 -> gml::Achieve, gml::LandHard","DropShot",""
"exe:71f0a8","text","1","People_oPlayer_Step_0_Action_9 -> GMLObjectInstance::Get, gml::PGMLVar::operator=","Collision 2",""
"exe:71f0c0","text","1","People_oPlayer_Step_0_Action_9 -> GMLObjectInstance::Get, gml::PGMLVar::operator=","Collision 3",""
"exe:71f0d8","text","1","People_oPlayer_Step_0_Action_9 -> GMLObjectInstance::Get, gml::PGMLVar::operator=","Collision 4",""
"exe:71f104","text","1","People_oPlayer_Step_0_Action_9 -> GMLObjectInstance::Get, gml::PGMLVar::operator=","Collision 5",""
"exe:71f11c","text","1","People_oPlayer_Step_0_Action_9 -> GMLObjectInstance::Get, gml::PGMLVar::operator=","Collision 6",""
"exe:71f134","text","1","People_oPlayer_Step_0_Action_9 -> GMLObjectInstance::Get, gml::PGMLVar::operator=","Collision 7",""
"exe:71f14c","text","1","People_oPlayer_Step_0_Action_9 -> GMLObjectInstance::Get, gml::PGMLVar::operator=","Collision 8",""
"exe:71f198","text","1","People_oPlayer_Step_0_Action_9 -> GMLObjectInstance::Get, gml::PGMLVar::operator=","Collision 9",""
"exe:71f210","text","1","People_oPlayer_Step_0_Action_9 -> GMLObjectInstance::Get, gml::PGMLVar::operator=","Collision 10",""
"exe:71f288","tech","12","People_oPlayer_Collision_115 -> GMLObjectInstance::Get, gml::operator== | People_oPlayer_Collision_115 -> GMLObjectInstance::Get, gml::operator!= | People_oGunman_Step_0_Action_7 -> GMLObjectInstance::Get, gml::operator==","Enforcer",""
"exe:71f2c4","check","10","People_oPlayer_Collision_115 -> GMLObjectInstance::Get, gml::PGMLVar::operator= | People_oGunman_Step_0_Action_7 -> GMLObjectInstance::Get, gml::operator== | People_oGunman_Step_0_Action_13 -> GMLObjectInstance::Get, gml::operator!=","Stagger",""
"exe:71f2e4","check","4","People_oPlayer_Collision_115 -> GMLMap::Get, PGMLVar::Get | People_oGunman_Step_0_Action_21 -> GMLObjectInstance::Get, gml::operator== | gml::GuardHitsTheGround -> GMLObjectInstance::Get, gml::PGMLVar::operator=","Stunned",""
"exe:71f3a0","text","1","People_oPlayer_Mouse_53_Action_1 -> gml::ImportantTutorial, GMLObjectInstance::Get","No bullets.","Нет патронов."
"exe:71f3c8","tech","1","People_oPlayer_Mouse_53_Action_1 -> gml::Achieve, PGMLVar::Get","GesslerShot",""
"exe:71f440","tech","1","People_oPlayer_Draw_0 -> gml::Achieve, GMLObjectInstance::Get","Gunpoint",""
"exe:71f484","tech","7","People_oPlayer_KeyReleased_81 -> GMLMap::Get, gml::operator+ | Workings_oInventory_Draw_0_Action_0 -> GMLMap::Get, gml::operator+ | Workings_oGuidanceLoadMenu_Create_0_Action_2 -> GMLMap::Get, gml::operator+","Savegames\Manual save.gun",""
"exe:71f4b8","tech","1","People_oPlayer_KeyReleased_67_Action_1 -> gml::PGMLVar::cast, gml::Steam_UserStats_ClearAchievement","Jumped",""
"exe:71f4d4","check","18","People_oGunman_Create_0 -> GMLObjectInstance::Get, gml::PGMLVar::operator= | People_oGunman_Alarm_4_Action_1 -> GMLObjectInstance::Get, gml::operator== | People_oGunman_Alarm_2_Action_1 -> GMLObjectInstance::Get, gml::PGMLVar::operator=","Guarding",""
"exe:71f4e8","text","1","People_oGunman_Create_0_Action_70 -> gml::CreateDescriber","A guard. Shoots on sight, but can be pounced on from above or behind.","Охранник. Стреляет без предупреждения, но на него можно наброситься сверху или сзади."
"exe:71f574","check","2","People_oGunman_Create_0 -> GMLObjectInstance::Get, gml::PGMLVar::operator= | People_oGunman_Step_0_Action_7 -> GMLObjectInstance::Get, gml::operator==","Guard",""
"exe:71f580","check","3","People_oGunman_Create_0 -> GMLObjectInstance::Get, gml::PGMLVar::operator= | People_oGunman_Alarm_4_Action_1 -> GMLObjectInstance::Get, gml::PGMLVar::operator= | gml::HuntForPlayer -> GMLObjectInstance::Get, gml::operator==","Uncocked",""
"exe:71f594","check","11","People_oGunman_Create_0 -> GMLObjectInstance::Get, gml::PGMLVar::operator= | People_oGunman_Collision_49 -> GMLObjectInstance::Get, gml::operator== | oSoundZone_Create_0 -> GMLObjectInstance::Get, gml::PGMLVar::operator=","No",""
"exe:71f608","check","5","People_oGunman_Alarm_9_Action_1 -> GMLObjectInstance::Get, gml::operator== | People_oGunman_Alarm_8_Action_1 -> GMLObjectInstance::Get, gml::operator== | People_oGunman_Collision_54 -> GMLObjectInstance::Get, gml::operator!=","Scanning",""
"exe:71f64c","check","19","People_oGunman_Alarm_8_Action_1 -> GMLObjectInstance::Get, gml::PGMLVar::operator= | People_oGunman_Alarm_6_Action_1 -> GMLObjectInstance::Get, gml::PGMLVar::operator= | People_oGunman_Alarm_4_Action_1 -> GMLObjectInstance::Get, gml::operator==","Moving",""
"exe:71f69c","check","3","People_oGunman_Alarm_6_Action_1 -> GMLObjectInstance::Get, gml::PGMLVar::operator= | gml::HuntForPlayer -> GMLObjectInstance::Get, gml::operator== | gml::MoveToDestination -> GMLObjectInstance::Get, gml::operator==","Light Switch",""
"exe:71f718","check","14","People_oGunman_Alarm_4_Action_1 -> GMLObjectInstance::Get, gml::operator!= | People_oSniper_Create_0 -> GMLObjectInstance::Get, gml::PGMLVar::operator= | gml::EnemyVisionTest -> GMLObjectInstance::Get, gml::operator==","Sniper",""
"exe:71f760","check","10","People_oGunman_Alarm_4_Action_1 -> GMLObjectInstance::Get, gml::PGMLVar::operator= | People_oGunman_Step_0_Action_7 -> GMLObjectInstance::Get, gml::operator== | People_oGunman_Step_0_Action_13 -> GMLObjectInstance::Get, gml::operator==","Patrol",""
"exe:71f78c","check","2","People_oGunman_Alarm_3_Action_1 -> GMLObjectInstance::Get, gml::operator== | gml::SoundCheck -> GMLObjectInstance::Get, gml::PGMLVar::operator=","Suspicious Reacting",""
"exe:71f7b4","check","2","People_oGunman_Alarm_3_Action_1 -> GMLObjectInstance::Get, gml::PGMLVar::operator= | gml::SoundCheck -> GMLObjectInstance::Get, gml::operator==","Suspicious React",""
"exe:71f7d8","check","2","People_oGunman_Alarm_3_Action_1 -> GMLObjectInstance::Get, gml::operator== | gml::SoundCheck -> GMLObjectInstance::Get, gml::PGMLVar::operator=","Small Reacting",""
"exe:71f7f8","check","2","People_oGunman_Alarm_3_Action_1 -> GMLObjectInstance::Get, gml::PGMLVar::operator= | gml::SoundCheck -> GMLObjectInstance::Get, gml::operator==","Small React",""
"exe:71f810","check","5","People_oGunman_Alarm_2_Action_1 -> GMLObjectInstance::Get, gml::operator!= | People_oGunman_Alarm_0_Action_1 -> GMLObjectInstance::Get, gml::PGMLVar::operator= | People_oGunman_Collision_50 -> GMLObjectInstance::Get, gml::operator==","Panic",""
"exe:71f84c","check","3","People_oGunman_Alarm_0_Action_1 -> GMLObjectInstance::Get, gml::operator== | People_oGunman_Collision_31 -> GMLObjectInstance::Get, gml::operator== | gml::FixGun -> GMLObjectInstance::Get, PGMLVar::Get","Fixing Gun",""
"exe:71f8b8","check","8","People_oGunman_Alarm_0_Action_1 -> GMLObjectInstance::Get, gml::operator== | People_oGunman_Step_0_Action_7 -> GMLObjectInstance::Get, gml::operator== | People_oLaserSight_Step_0 -> GMLObjectInstance::Get, PGMLVar::Get","Eyes on hostile",""
"exe:71f918","text","1","People_oGunman_Step_0_Action_5 -> PGMLVar::Get, gml::PGMLVar::operator=","It, er, only takes one punch to knock them out.","Э-э, вообще-то, чтобы вырубить, хватает одного удара."
"exe:71f978","text","1","People_oGunman_Step_0_Action_5 -> PGMLVar::Get, gml::PGMLVar::operator=","But what you're doing is fine too. That's probably OK.","Но и так тоже можно. Наверное, ничего страшного."
"exe:71f9e8","text","1","People_oGunman_Step_0_Action_5 -> PGMLVar::Get, gml::PGMLVar::operator=","OK, you can stop now.","Ладно, уже можно остановиться."
"exe:71fa14","text","1","People_oGunman_Step_0_Action_5 -> PGMLVar::Get, gml::PGMLVar::operator=","Jesus Christ.","Господи Иисусе."
"exe:71fa30","text","1","People_oGunman_Step_0_Action_5 -> PGMLVar::Get, gml::PGMLVar::operator=","There's no achievement for this.","За это нет достижения."
"exe:71fa74","tech","1","People_oGunman_Step_0_Action_5 -> gml::Achieve","PunchCount",""
"exe:71fa8c","word","1","People_oGunman_Step_0_Action_5 -> GMLObjectInstance::Get, gml::string"," times."," раз."
"exe:71fab0","text","1","People_oGunman_Step_0_Action_5 -> PGMLVar::Get, gml::PGMLVar::operator=","Wait, are you just doing this to see if there are any more messages?","Стоп, это всё только ради того, чтобы проверить, будут ли ещё сообщения?"
"exe:71fb58","text","1","People_oGunman_Step_0_Action_5 -> gml::operator+, gml::operator+","Because that is among the worst reasons to punch someone in the face ","Потому что это одна из худших причин, чтобы ударить кого-то по лицу "
"exe:71fc04","check","8","People_oGunman_Step_0_Action_7 -> GMLObjectInstance::Get, gml::operator== | People_oGunman_Draw_0 -> GMLObjectInstance::Get, gml::operator== | People_oPro_Create_0 -> GMLObjectInstance::Get, gml::PGMLVar::operator=","Pro",""
"exe:71fdac","text","1","People_oGunman_Step_0_Action_21 -> gml::UseTip, gml::PGMLVar::cast","Click: Punch##Hold: Jump off","Щелчок: удар##Удерживать: спрыгнуть"
"exe:71fe48","check","1","People_oGunman_Step_0_Action_21 -> GMLMap::Get, gml::PGMLVar::cast",": Get off",""
"exe:71fe5c","check","2","People_oGunman_Step_0_Action_21 -> GMLMap::Get, gml::PGMLVar::cast | gml::ShowBriefAndControls -> GMLMap::Get, gml::PGMLVar::cast"," or ",""
"exe:71fe68","text","1","People_oGunman_Step_0_Action_21 -> gml::operator+, gml::operator+","Click: Punch##","Щелчок: удар##"
"exe:71fed8","word","3","People_oGunman_Collision_116 -> GMLObjectInstance::Get, gml::PGMLVar::operator= | People_oGunman_Collision_56 -> GMLObjectInstance::Get, gml::PGMLVar::operator= | Workings_oSuspiciousSound_Step_0 -> GMLObjectInstance::Get, PGMLVar::Get","Switching",""
"exe:71ff08","check","2","People_oGunman_Collision_57_Action_1 -> GMLObjectInstance::Get, gml::operator==","Light",""
"exe:72007c","check","6","People_oGunman_Collision_50 -> GMLObjectInstance::Get, gml::operator== | Workings_oSuspiciousSound_Step_0 -> GMLObjectInstance::Get, PGMLVar::Get | gml::HuntForPlayer -> GMLObjectInstance::Get, gml::PGMLVar::operator=","Sound",""
"exe:7200d4","check","5","People_oGunman_Collision_49 -> GMLObjectInstance::Get, PGMLVar::Get | People_oGunman_Collision_49 -> GMLObjectInstance::Get, gml::PGMLVar::operator= | Electronics_oNoiseDetector_Step_0_Action_0 -> GMLObjectInstance::Get, PGMLVar::Get","Small",""
"exe:7200e8","check","4","People_oGunman_Collision_49 -> GMLObjectInstance::Get, gml::operator== | People_oGunman_Collision_49 -> GMLObjectInstance::Get, PGMLVar::Get | Electronics_oNoiseDetector_Step_0_Action_0 -> GMLObjectInstance::Get, PGMLVar::Get","Tiny",""
"exe:7201f8","text","1","People_oEnforcer_Create_0_Action_20 -> GMLObjectInstance::Get, PGMLVar::Get","An Enforcer. Can't be pinned down, but a strong jump will stagger him.","Силовик. Его нельзя повалить, но мощный прыжок его оглушит."
"exe:7202a8","text","1","People_oPro_Create_0_Action_22 -> GMLObjectInstance::Get, PGMLVar::Get","A Professional. Can see in the dark, and shoots even at gunpoint.","Профи. Видит в темноте и стреляет, даже когда на него наставлен ствол."
"exe:72033c","word","2","People_oPlayerShot_Step_0 -> GMLObjectInstance::Get, gml::string"," to ",""
"exe:720350","text","1","People_oPlayerShot_Step_0 -> gml::operator+, gml::operator+","Nearest free spot vertical, moved from ",""
"exe:7203b0","text","1","People_oPlayerShot_Step_0 -> gml::operator+, gml::operator+","Nearest free spot Horizontal, moved from ",""
"exe:720404","text","1","People_oPlayerShot_Step_0 -> gml::Debug, GMLObjectInstance::Get","Vertical collision predicted",""
"exe:720440","text","1","People_oPlayerShot_Step_0 -> gml::Debug, GMLObjectInstance::Get","Traveling up, vspeed stopped",""
"exe:720480","text","1","People_oPlayerShot_Step_0 -> gml::Debug, GMLObjectInstance::Get","Travelling down, presumably hitting floor. Gravity and speed zeroed.",""
"exe:72052c","check","2","People_oSniper_Create_0_Action_10 -> GMLObjectInstance::Get, gml::PGMLVar::operator= | gml::MoveToDestination -> GMLObjectInstance::Get, gml::operator==","Position",""
"exe:720540","text","1","People_oPlayerShot_Step_0 -> gml::Debug, GMLObjectInstance::Get","Horizontal collision predicted, stopping hspeed",""
"exe:7205a0","text","1","People_oPlayerShot_Step_0 -> gml::Debug","We've stopped, check we're not overhanging",""
"exe:7205f8","text","1","People_oPlayerShot_Step_0 -> gml::Debug, GMLObjectInstance::Get","But not under right side - move to there to fall off",""
"exe:720678","text","1","People_oPlayerShot_Step_0 -> gml::Debug, GMLObjectInstance::Get","But not under left side - move to there to fall off",""
"exe:7206f0","text","1","People_oSniper_Create_0_Action_10 -> GMLObjectInstance::Get, PGMLVar::Get","A Police Sniper. Kills instantly from any range. You may be boned.","Полицейский снайпер. Убивает мгновенно с любого расстояния. Похоже, это конец."
"exe:720798","text","1","People_oTomFrancis_Create_0 -> GMLObjectInstance::Get, gml::PGMLVar::operator=","Tom Francis",""
"exe:7207b0","text","1","People_oRyanIke_Create_0 -> GMLObjectInstance::Get, gml::PGMLVar::operator=","Ryan Ike",""
"exe:7207c4","text","1","People_oJohnRoberts_Create_0 -> GMLObjectInstance::Get, gml::PGMLVar::operator=","John Roberts",""
"exe:7207e0","tech","2","People_oCommentaryPerson_Create_0 -> GMLObjectInstance::Get, gml::PGMLVar::operator= | Intro_Create -> PGMLVar::Get, gml::PGMLVar::operator=","IntroTom",""
"exe:7207f4","word","1","People_oCommentaryPerson_Create_0 -> GMLObjectInstance::Get, gml::PGMLVar::operator=","Tom",""
"exe:720808","text","1","People_oCommentaryPerson_Step_0 -> gml::operator+",": Shut him up",": Заткнуть его"
"exe:720824","text","1","People_oCommentaryPerson_Step_0 -> gml::operator+, gml::operator+",": Talk to ",": Поговорить: "
"exe:72083c","tech","1","People_oCommentaryPerson_Step_0 -> GMLObjectInstance::Get",".ogg",""
"exe:720848","tech","1","People_oCommentaryPerson_Step_0 -> gml::operator+, gml::operator+","\Extras\Commentary\",""
"exe:720870","text","2","Environment_oBattery_Alarm_0_Action_1 -> gml::CreateDescriber | Environment_oCertainlyABattery_Create_0_Action_0 -> gml::CreateDescriber","A battery. Restores some of the power that your gadgets use.","Батарея. Частично восстанавливает заряд гаджетов."
"exe:7208ec","word","1","Environment_oCertainlyABattery_Draw_0 -> GMLObjectInstance::Get, GMLObjectInstance::Get"," Random: ",""
"exe:72097c","text","1","Environment_oCertainlyABattery_Draw_0 -> gml::operator+, gml::operator+"," running total ",""
"exe:7209a0","text","1","Environment_oCertainlyABattery_Step_0 -> gml::Description","A battery: restores 25% of the charge that your gadgets use.","Батарея: восстанавливает 25% заряда гаджетов."
"exe:720a1c","text","2","Environment_oCertainlyABattery_Step_0 -> PGMLVar::Get, gml::PGMLVar::operator= | Shop_Interface_oShopBattery_Step_0_Action_0 -> GMLObjectInstance::Get, gml::PGMLVar::operator=","Fully charged.","Полностью заряжено."
"exe:720a3c","word","1","Environment_oBossDesk_Step_0 -> PGMLVar::Get, gml::PGMLVar::operator=","Hacking",""
"exe:720a50","text","1","Environment_oBossDesk_Create_0_Action_3 -> gml::CreateDescriber","This is your objective: a secure terminal with sensitive information.","Это цель задания: защищённый терминал с секретной информацией."
"exe:720ae0","text","1","Environment_oBossDesk_Alarm_1 -> gml::ImportantTutorial","Main objectives complete. Head to the subway on the right when you're ready.","Основные цели выполнены. Когда всё будет готово, можно отправляться к метро справа."
"exe:720b80","text","1","Environment_oBossDesk_Step_0 -> GMLObjectInstance::Get, PGMLVar::Get","You've got what you need from this terminal.","С этого терминала больше нечего взять."
"exe:720bdc","text","2","Environment_oBossDesk_Step_0 -> gml::operator+ | Environment_oLaptop_Step_0_Action_0 -> gml::operator+",": Hack",": Взломать"
"exe:720bf0","text","1","Environment_oLaptop_Create_0_Action_2 -> gml::CreateDescriber","This is an optional objective: a laptop with private data you can steal.","Это дополнительная цель: ноутбук с личными данными, которые можно украсть."
"exe:720cf8","text","1","Environment_oShippingReceiptIntro_Step_0 -> gml::operator+",": Read",": Прочитать"
"exe:720d08","check","1","Environment_oShippingReceiptIntro_Step_0 -> GMLMap::Get, gml::PGMLVar::operator=","Reading",""
"exe:720d18","text","1","Environment_oSubwaySign_Step_0 -> gml::ImportantTutorial, gml::PGMLVar::operator=","Main objectives not complete.","Основные цели не выполнены."
"exe:720d60","text","1","Environment_oSubwaySign_Step_0 -> gml::Description","The subway - head over here when you're done with the level.","Метро — сюда нужно прийти, когда уровень будет пройден."
"exe:720e00","text","1","Environment_Stairs_oStairs_Create_0_Action_3 -> gml::CreateDescriber","A stairwell.","Лестница."
"exe:720e1c","check","1","Environment_Stairs_oStairs_Step_0 -> GMLMap::Get, gml::PGMLVar::cast",": Down",""
"exe:720e2c","text","1","Environment_Stairs_oStairs_Step_0 -> gml::operator+, gml::operator+",": Up##",": Вверх##"
"exe:720e54","check","2","Electronics_Elevator_oElevator_Step_0 -> GMLObjectInstance::Get, gml::operator== | Electronics_Elevator_oElevatorButton_Alarm_0_Action_1 -> GMLObjectInstance::Get, PGMLVar::Get","False",""
"exe:720e60","tech","2","Electronics_Elevator_oElevator_Step_0 -> gml::Achieve, GMLObjectInstance::Get | Electronics_Elevator_oElevatorButton_Step_0 -> gml::Achieve, GMLObjectInstance::Get","ElevatorButton",""
"exe:720e80","word","2","Electronics_Elevator_oElevator_Step_0 -> GMLObjectInstance::Get, gml::PGMLVar::operator= | Electronics_Elevator_oElevatorButton_Step_0 -> GMLObjectInstance::Get, PGMLVar::Get","True",""
"exe:720ecc","check","1","Electronics_Elevator_oElevator_Collision_1 -> GMLMap::Get, gml::PGMLVar::cast",": Go down",""
"exe:720ee0","text","1","Electronics_Elevator_oElevator_Collision_1 -> gml::operator+, gml::operator+",": Go up##",": Подняться##"
"exe:720ef4","text","1","Electronics_Elevator_oElevator_Collision_1 -> gml::operator+",": Get in",": Войти"
"exe:720f08","text","1","Electronics_Elevator_oElevatorButton_Create_0_Action_3 -> GMLObjectInstance::Get, gml::PGMLVar::operator=","an elevator button","кнопку лифта"
"exe:720f30","text","1","Electronics_Elevator_oElevatorButton_Create_0_Action_3 -> GMLObjectInstance::Get, gml::PGMLVar::operator=","When the lift arrives, this button will activate","Когда приедет лифт, эта кнопка активирует"
"exe:720fa0","text","1","Electronics_Elevator_oElevatorButton_Create_0_Action_5 -> gml::CreateDescriber","An elevator button. Summons the elevator when activated.","Кнопка лифта. При активации вызывает лифт."
"exe:721028","text","1","Electronics_Elevator_oElevatorButton_Step_0 -> GMLObjectInstance::Get, PGMLVar::Get","Click to summon the elevator here. Guards on this floor will hear it arrive.","Щелчок — вызвать сюда лифт. Охранники на этом этаже услышат, как он приедет."
"exe:7210d0","text","1","Electronics_Elevator_oElevatorButton_Step_0 -> GMLObjectInstance::Get, PGMLVar::Get","Summons the elevator. Guards on this floor will hear it arrive.","Вызывает лифт. Охранники на этом этаже услышат, как он приедет."
"exe:721170","text","1","Electronics_Elevator_oElevatorButton_Step_0 -> gml::operator+",": Call",": Вызвать"
"exe:7211e0","text","1","Electronics_oAlarm_Create_0_Action_0 -> GMLObjectInstance::Get, gml::PGMLVar::operator=","an alarm","сигнализацию"
"exe:7211f4","text","1","Electronics_oAlarm_Create_0_Action_0 -> GMLObjectInstance::Get, gml::PGMLVar::operator=","This alarm will activate","Эта сигнализация активирует"
"exe:721228","text","1","Electronics_oAlarm_Create_0_Action_2 -> gml::CreateDescriber","An alarm. When it goes off, the nearest guard comes to deactivate it.","Сигнализация. Когда она срабатывает, ближайший охранник идёт её отключить."
"exe:7212b8","text","1","Electronics_oAlarm_Step_0_Action_2 -> gml::Description","An alarm. Guards within one floor will hear it, and the nearest will come running.","Сигнализация. Её услышат охранники в пределах одного этажа, и ближайший прибежит."
"exe:721360","text","1","Electronics_oBulkhead_Create_0_Action_0 -> GMLObjectInstance::Get, gml::PGMLVar::operator=","a vault door","гермодверь"
"exe:72137c","text","1","Electronics_oBulkhead_Create_0_Action_0 -> GMLObjectInstance::Get, gml::PGMLVar::operator=","This vault door will activate","Эта гермодверь активирует"
"exe:7213b8","text","1","Electronics_oBulkhead_Create_0_Action_6 -> GMLObjectInstance::Get, gml::string"," seconds later."," сек."
"exe:7213d8","text","1","Electronics_oBulkhead_Create_0_Action_6 -> gml::operator+, gml::operator+","A vault door. Opens when activated, closes ","Гермодверь. Открывается при активации, закрывается через "
"exe:721430","check","3","Electronics_oBulkhead_Create_0 -> GMLObjectInstance::Get, gml::PGMLVar::operator= | Electronics_oBulkhead_Step_0_Action_0 -> GMLObjectInstance::Get, gml::operator== | Electronics_oBulkhead_Step_0_Action_0 -> GMLObjectInstance::Get, gml::PGMLVar::operator=","Closed",""
"exe:721440","check","3","Electronics_oBulkhead_Alarm_0 -> GMLObjectInstance::Get, gml::PGMLVar::operator= | Electronics_oBulkhead_Step_0_Action_0 -> GMLObjectInstance::Get, gml::operator== | Electronics_oBulkheadObstacle_Step_0 -> GMLObjectInstance::Get, PGMLVar::Get","Closing",""
"exe:721460","check","2","Electronics_oBulkhead_Step_0_Action_0 -> GMLObjectInstance::Get, gml::PGMLVar::operator= | Electronics_oBulkhead_Step_0_Action_0 -> GMLObjectInstance::Get, gml::operator==","Opening",""
"exe:721480","word","1","Electronics_oBulkhead_Step_0_Action_0 -> GMLObjectInstance::Get, gml::PGMLVar::operator=","Open",""
"exe:7214bc","text","2","Electronics_oCamera_Create_0_Action_0 -> GMLObjectInstance::Get, gml::PGMLVar::operator= | Electronics_oCameraLeft_Create_0_Action_1 -> GMLObjectInstance::Get, gml::PGMLVar::operator=","a security camera","камеру наблюдения"
"exe:7214e0","text","1","Electronics_oBulkhead_Step_0_Action_2 -> gml::Description","A vault door that closes shortly after opening.","Гермодверь, которая закрывается вскоре после открытия."
"exe:721540","text","2","Electronics_oCamera_Create_0_Action_0 -> GMLObjectInstance::Get, gml::PGMLVar::operator= | Electronics_oCameraLeft_Create_0_Action_1 -> GMLObjectInstance::Get, gml::PGMLVar::operator=","This security camera will activate","Эта камера наблюдения активирует"
"exe:721588","text","2","Electronics_oCamera_Create_0_Action_2 -> gml::CreateDescriber | Electronics_oCameraLeft_Create_0_Action_3 -> gml::CreateDescriber","A security camera. Activates anything it's linked to when it sees an intruder.","Камера наблюдения. Увидев нарушителя, активирует всё, с чем связана."
"exe:721738","text","1","Electronics_oCircuitBox_Create_0_Action_5 -> gml::CreateDescriber","A circuit box. Using it lets you Crosslink things on this circuit.","Распределительный щиток. Позволяет перемонтировать устройства этой цепи."
"exe:7217c0","check","1","Electronics_oCircuitBox_Step_0 -> gml::Description, GMLMap::Get","A circuit box - tapping into this lets you Crosslink things on this circuit.",""
"exe:72185c","text","1","Electronics_oCircuitBox_Step_0 -> gml::operator+",": Wirejack",": Подключиться"
"exe:721878","text","2","Electronics_oDoor_Create_0_Action_1 -> gml::CreateDescriber | Electronics_oDoorOpen_Create_0 -> GMLObjectInstance::Get, gml::PGMLVar::operator=","A locked door. Opens if anything activates it.","Запертая дверь. Открывается, если её что-то активирует."
"exe:7218d8","tech","1","Electronics_oDoorGatecrash_Step_0 -> gml::Achieve, gml::PGMLVar::cast","GatecrashersGuard",""
"exe:72190c","text","1","Electronics_oDoorGatecrash_Step_0 -> PGMLVar::Get, gml::PGMLVar::operator=","You can bill me for the door.","Счёт за дверь можете выставить мне."
"exe:721948","tech","1","Electronics_oDoorGatecrash_Step_0 -> gml::Achieve, GMLMap::Get","GesslerGatecrash",""
"exe:72196c","tech","1","Electronics_oDoorGatecrash_Step_0 -> gml::Achieve","GatecrashersWindow",""
"exe:721994","text","1","Electronics_oDoorOpen_Create_0_Action_5 -> GMLObjectInstance::Get, gml::PGMLVar::operator=","a door","дверь"
"exe:7219a4","text","1","Electronics_oDoorOpen_Create_0_Action_5 -> GMLObjectInstance::Get, gml::PGMLVar::operator=","This door will activate","Эта дверь активирует"
"exe:7219e0","text","1","Electronics_oDoorOpen_Create_0 -> GMLObjectInstance::Get, gml::PGMLVar::operator=","An open door. Closes if anything activates it.","Открытая дверь. Закрывается, если её что-то активирует."
"exe:721ac0","text","1","Electronics_oGunLink_Create_0 -> GMLObjectInstance::Get, gml::PGMLVar::operator=","a gun","пистолет"
"exe:721acc","text","1","Electronics_oLightSwitch_Create_0_Action_0 -> GMLObjectInstance::Get, gml::PGMLVar::operator=","a lightswitch","выключатель"
"exe:721ae8","text","1","Electronics_oGunLink_Create_0 -> GMLObjectInstance::Get, gml::PGMLVar::operator=","When trigger is pulled, this gun will activate","При нажатии на спуск этот пистолет активирует"
"exe:721b48","text","1","Electronics_oHandScanner_Create_0_Action_0 -> GMLObjectInstance::Get, gml::PGMLVar::operator=","a hand scanner","сканер ладони"
"exe:721b68","text","1","Electronics_oHandScanner_Create_0_Action_0 -> GMLObjectInstance::Get, gml::PGMLVar::operator=","This hand scanner will activate","Этот сканер ладони активирует"
"exe:721ba8","text","1","Electronics_oHandScanner_Create_0_Action_5 -> gml::CreateDescriber","A handprint scanner. Only the guards can use it.","Сканер ладони. Пользоваться им могут только охранники."
"exe:721c0c","text","1","Electronics_oLightSwitch_Step_0 -> gml::operator+",": Switch",": Переключить"
"exe:721c20","text","1","Electronics_oHandScanner_Step_0_Action_2 -> gml::Description","A handprint scanner only the guards can use.","Сканер ладони, которым могут пользоваться только охранники."
"exe:721c7c","text","1","Electronics_oLightSwitch_Create_0_Action_0 -> GMLObjectInstance::Get, gml::PGMLVar::operator=","This lightswitch will activate","Этот выключатель активирует"
"exe:721cbc","text","1","Electronics_oLightSwitch_Create_0_Action_4 -> gml::CreateDescriber","A lightswitch.","Выключатель."
"exe:721cdc","text","1","Electronics_oMasterLight_Create_0_Action_2 -> GMLObjectInstance::Get, gml::PGMLVar::operator=","a light","лампу"
"exe:721cec","text","1","Electronics_oMasterLight_Create_0_Action_2 -> GMLObjectInstance::Get, gml::PGMLVar::operator=","This light will activate","Эта лампа активирует"
"exe:721d20","text","1","Electronics_oMasterLight_Step_0_Action_1 -> gml::Description","A light. Turns on or off when activated.","Лампа. При активации включается или выключается."
"exe:721d74","text","1","Electronics_oMetalDetector_Create_0_Action_0 -> GMLObjectInstance::Get, gml::PGMLVar::operator=","a motion detector","датчик движения"
"exe:721d98","text","1","Electronics_oMetalDetector_Create_0_Action_0 -> GMLObjectInstance::Get, gml::PGMLVar::operator=","This motion detector will activate","Этот датчик движения активирует"
"exe:721de0","text","1","Electronics_oMetalDetector_Create_0_Action_5 -> gml::CreateDescriber","A motion detector. Triggers when anyone walks through.","Датчик движения. Срабатывает, когда через него кто-то проходит."
"exe:721e50","text","1","Electronics_oMetalDetector_Step_0_Action_2 -> gml::Description","Motion detectors trigger when anyone walks through.","Датчики движения срабатывают, когда через них кто-то проходит."
"exe:721eb8","text","1","Electronics_oNoiseDetector_Create_0_Action_2 -> GMLObjectInstance::Get, gml::PGMLVar::operator=","a sound detector","датчик звука"
"exe:721ee8","text","1","Electronics_oNoiseDetector_Create_0_Action_2 -> GMLObjectInstance::Get, gml::PGMLVar::operator=","This sound detector will activate","Этот датчик звука активирует"
"exe:721f38","text","1","Electronics_oNoiseDetector_Create_0_Action_4 -> gml::CreateDescriber","A sound detector. Triggered by sounds on this floor (elevators, etc), or loud noises on adjacent floors (glass, alarms).","Датчик звука. Срабатывает от звуков на своём этаже (лифты и т. п.) или от громкого шума на соседних этажах (стекло, сигнализация)."
"exe:72202c","check","6","Electronics_oNoiseDetector_Step_0_Action_0 -> GMLObjectInstance::Get, PGMLVar::Get | Workings_oSuspiciousSound_Step_0 -> GMLObjectInstance::Get, PGMLVar::Get | gml::SoundCheck -> GMLObjectInstance::Get, gml::operator==","Suspicious",""
"exe:722074","text","1","Electronics_oNoisemaker_Step_0 -> gml::UseTip","Hold W: Pick up","Удерживать W: подобрать"
"exe:722094","tech","3","Electronics_oPrankspasmBelt_Step_0 -> gml::string | gml::GlassBrokenBy -> gml::string | gml::GlassCeilingBreak -> gml::string","% of your gadget charge.",""
"exe:7220c8","text","1","Electronics_oNoiseDetector_Step_0_Action_2 -> gml::Description","Noise detectors are triggered when they hear a loud sound on this floor.","Датчики звука срабатывают, когда слышат громкий звук на своём этаже."
"exe:72215c","text","1","Electronics_oPrankspasmBelt_Step_0 -> gml::operator+, gml::operator+","A Prankspasm needs ","Для Prankspasm нужно "
"exe:722184","word","2","Electronics_oSilentAlarm_Create_0_Action_2 -> gml::string | Electronics_oSilentAlarm_Step_0_Action_2 -> gml::string"," seconds."," сек."
"exe:722198","text","1","Electronics_oNoisemaker_Step_0 -> gml::Description","Link something to this, then activate it to make a loud noise.","Если связать с этим что-нибудь и активировать, раздастся громкий шум."
"exe:722218","text","1","Electronics_oPowerSocket_Create_0_Action_0 -> GMLObjectInstance::Get, gml::PGMLVar::operator=","a power socket","розетку"
"exe:722238","text","1","Electronics_oPowerSocket_Create_0_Action_0 -> GMLObjectInstance::Get, gml::PGMLVar::operator=","This power socket will activate","Эта розетка активирует"
"exe:722278","text","1","Electronics_oPowerSocket_Create_0_Action_3 -> gml::CreateDescriber","A power socket. When activated, knocks out nearby guards.","Розетка. При активации вырубает охранников поблизости."
"exe:7222ec","tech","1","Electronics_oPowerSocket_Step_0 -> gml::Achieve","Prankspasm",""
"exe:722318","text","1","Electronics_oPowerSocket_Step_0 -> gml::ImportantTutorial, gml::ActivateTarget","Prankspasm not triggered, gadget power too low.","Prankspasm не сработал: слишком мало заряда гаджетов."
"exe:722378","text","1","Electronics_oSilentAlarm_Create_0_Action_0 -> GMLObjectInstance::Get, gml::PGMLVar::operator=","a silent alarm","тихую сигнализацию"
"exe:722398","text","1","Electronics_oSilentAlarm_Create_0_Action_0 -> GMLObjectInstance::Get, gml::PGMLVar::operator=","This silent alarm will activate","Эта тихая сигнализация активирует"
"exe:7223d8","text","1","Electronics_oSilentAlarm_Create_0_Action_2 -> gml::operator+, gml::operator+","A silent alarm. When activated, police will arrive in ","Тихая сигнализация. При активации полиция прибудет через "
"exe:722448","text","1","Electronics_oSilentAlarm_Step_0_Action_2 -> gml::operator+, gml::operator+","A silent alarm summons police to seal off the exit in ","Тихая сигнализация вызывает полицию, которая перекроет выход через "
"exe:7224b8","text","1","Electronics_oTrapdoor_Create_0 -> GMLObjectInstance::Get, gml::PGMLVar::operator=","a trapdoor","люк"
"exe:7224d0","text","1","Electronics_oTrapdoor_Create_0 -> GMLObjectInstance::Get, gml::PGMLVar::operator=","This trapdoor will activate","Этот люк активирует"
"exe:722508","text","2","Electronics_oTrapdoor_Create_0 -> gml::CreateDescriber | Electronics_oTrapdoor_Step_0 -> gml::Description, GMLObjectInstance::Get","A trapdoor that opens briefly when activated.","Люк, который ненадолго открывается при активации."
"exe:722564","check","1","Hints_oUseTipWalking_Step_0 -> GMLMap::Get, gml::PGMLVar::cast",": Move right",""
"exe:7225dc","text","1","Hints_oUseTipWalking_Step_0 -> gml::operator+, gml::operator+",": Move left##",": Влево##"
"exe:722604","check","2","Hints_oUseTipClimbing_Step_0 -> GMLMap::Get, gml::PGMLVar::cast | Hints_oUseTipClimbing_Draw_0 -> GMLMap::Get, gml::PGMLVar::cast",": Climb down",""
"exe:722620","text","2","Hints_oUseTipClimbing_Step_0 -> gml::operator+, gml::operator+ | Hints_oUseTipClimbing_Draw_0 -> gml::operator+, gml::operator+",": Climb up##",": Лезть вверх##"
"exe:722688","text","1","Hints_oGuidanceJumping_Draw_0 -> gml::GuidanceBubble","Hold down the left mouse button to aim a jump.##It takes a moment to charge up to full strength.##You can always adjust the strength of a jump by moving the mouse.","Удерживайте левую кнопку мыши, чтобы прицелиться для прыжка.##Чтобы набрать полную силу, нужно немного времени.##Силу прыжка всегда можно изменить, двигая мышь."
"exe:7227d0","text","1","Hints_oGuidanceFallDamage_Draw_0 -> gml::GuidanceBubble","In case it's not already obvious, long falls don't kill you.","Если это ещё не очевидно: падения с большой высоты вас не убивают."
"exe:722850","text","1","Hints_oGuidanceGatecrashers_Draw_0 -> gml::GuidanceBubble","With the Gatecrashers, you can kick down any conventional door by running into it.","С Gatecrashers можно выбить любую обычную дверь, просто врезавшись в неё на бегу."
"exe:722900","text","1","Hints_oGuidanceLongshot_Draw_0 -> GMLObjectInstance::Get, gml::GuidanceBubble","The Longshot lets you Crosslink enemy guns.##When you link FROM a gun TO something else, it'll activate that instead of firing.##When a guard's gun doesn't work as expected, he'll fix it.","Longshot позволяет перемонтировать оружие врагов.##Если провести связь ОТ пистолета К чему-то ещё, вместо выстрела он активирует это.##Если пистолет охранника работает не так, как ожидалось, охранник его починит."
"exe:722a78","text","1","Hints_oGuidanceLongshot_Draw_0 -> GMLObjectInstance::Get, gml::GuidanceBubble","The Longshot also lets you link devices TO guns.##When that device is activated, the gun will go off.##Linking to or from a gun costs 4 batteries.","Longshot также позволяет связывать устройства С пистолетами.##Когда такое устройство активируется, пистолет выстрелит.##Связь с пистолетом или от него стоит 4 батареи."
"exe:722ba0","text","1","Hints_oGuidanceTransfuser_Draw_0 -> GMLObjectInstance::Get, gml::GuidanceBubble","The Transfuser lets you drag connections between things on different circuits.##You need access to both circuits.##It costs 4 batteries to Transfuse.","Transfuser позволяет протягивать связи между устройствами на разных цепях.##Нужен доступ к обеим цепям.##Такая связь стоит 4 батареи."
"exe:722cd0","text","1","Hints_oGuidanceMicrophone_Draw_0 -> GMLObjectInstance::Get, gml::GuidanceBubble","Sound detectors trigger when they hear a sound.##They'll pick up elevator dings on the same floor, or loud sounds anywhere.##When they hear something, they'll activate what they're linked to.","Датчики звука срабатывают, когда слышат звук.##Они улавливают звонок лифта на том же этаже или громкие звуки где угодно.##Услышав что-то, они активируют то, с чем связаны."
"exe:722e58","text","1","Hints_oGuidancePrankspasm_Draw_0 -> GMLObjectInstance::Get, gml::GuidanceBubble","The Prankspasm lets you connect power sockets to things to electrify them.##When the power socket is activated, its target emits a shock.##Link your switch to the socket, and the socket to the switch near the guard.","Prankspasm позволяет подключать розетки к устройствам, чтобы пустить по ним ток.##Когда розетка активируется, её цель бьёт током.##Свяжите свой выключатель с розеткой, а розетку — с выключателем рядом с охранником."
"exe:723008","text","1","Hints_oGuidanceHushcracker_Draw_0 -> GMLObjectInstance::Get, gml::GuidanceBubble","The Hushcracker lets you jump through windows quietly.##Click in mid-air to activate it.##It costs 1 battery to use.","Hushcracker позволяет бесшумно прыгать сквозь окна.##Щёлкните в воздухе, чтобы активировать его.##Одно использование стоит 1 батарею."
"exe:7230f8","check","1","Hints_oGuidanceResolver_Draw_0 -> GMLMap::Get, gml::PGMLVar::cast","to draw your gun.##Guards won't shoot if they're at gunpoint.##If you get close, they'll back off. If you get too close, they'll shoot.",""
"exe:723208","text","1","Hints_oGuidanceResolver_Draw_0 -> gml::operator+, gml::operator+","Hold right mouse or ","Удерживайте правую кнопку мыши или "
"exe:723238","text","1","Hints_oGuidancePros_Draw_0 -> gml::GuidanceBubble","As in life, anyone in a black suit is a professional.##Professionals will shoot even if at gunpoint.##They can also see in the dark why not.","Как и в жизни, все в чёрных костюмах — профи.##Профи стреляют, даже когда на них наставлен пистолет.##А ещё они видят в темноте, а почему бы и нет."
"exe:723358","text","1","Hints_oGuidancePolice_Draw_0 -> gml::GuidanceBubble","If there's a gunshot, police will send backup to block the subway.##When your gun is drawn, police response time is shown on the right.##Guards run to investigate gunshots.","Если прозвучит выстрел, полиция пришлёт подкрепление и перекроет метро.##Когда пистолет в руке, время прибытия полиции показано справа.##Охранники бегут на звук выстрелов."
"exe:7234b8","text","1","Hints_oGuidanceSmashbang_Draw_0 -> GMLObjectInstance::Get, gml::GuidanceBubble","Hold S to place a Smashbang - it costs 2 batteries.##Use Crosslink mode to link a switch to it, then press that to activate.##The noise it makes attracts a nearby guard.","Удерживайте S, чтобы установить Smashbang — это стоит 2 батареи.##В режиме Кросслинка свяжите с ним выключатель, затем нажмите его, чтобы активировать.##Шум привлечёт ближайшего охранника."
"exe:723610","text","2","Hints_oGuidanceGuards_Create_0_Action_1 -> GMLObjectInstance::Get, gml::PGMLVar::operator= | Hints_oGunWarning_Step_0_Action_1 -> GMLObjectInstance::Get, gml::PGMLVar::operator=","Guards will shoot on sight.##The cursor turns red in areas guards can see.##Jump on a guard to pin him to the ground.","Охранники стреляют без предупреждения.##Курсор становится красным там, куда смотрят охранники.##Прыгните на охранника, чтобы повалить его на землю."
"exe:723700","text","1","Hints_oGuidanceGuards2_Create_0_Action_1 -> GMLObjectInstance::Get, gml::PGMLVar::operator=","Only guards can use the red hand-scanners.##In the dark, guards will look for a lightswitch.##Guards can't see very far in the dark.","Только охранники могут пользоваться красными сканерами ладони.##В темноте охранники идут искать выключатель.##В темноте охранники видят недалеко."
"exe:723810","text","1","Hints_oGuidanceEnforcers_Draw_0 -> GMLObjectInstance::Get, gml::GuidanceBubble","Bulky guards are Enforcers.##Enforcers can't be pinned down or bashed.##Jumping into one staggers him a little.","Здоровяки-охранники — это силовики.##Силовиков нельзя повалить или избить.##Если прыгнуть на силовика, он лишь слегка пошатнётся."
"exe:723920","text","1","Hints_oGuidanceElevators_Draw_0 -> GMLObjectInstance::Get, gml::GuidanceBubble","Guards don't see you when you're hidden in an elevator.","Охранники не видят вас, когда вы прячетесь в лифте."
"exe:723a80","text","1","Hints_oGunWarning_Step_0_Action_1 -> GMLObjectInstance::Get, gml::PGMLVar::operator=","Only guards can use the red hand-scanners.#In the dark, guards will look for a lightswitch.##Guards can't see very far in the dark.","Только охранники могут пользоваться красными сканерами ладони.#В темноте охранники идут искать выключатель.##В темноте охранники видят недалеко."
"exe:723b90","text","1","Hints_oGuidanceCrosslink_Draw_0 -> gml::GuidanceBubble","Click and drag a line from any device to link it to any other.#    #If you link from the switch to the door, the switch can open the door.##Direction matters. Linking them the other way around won't do anything.","Зажмите кнопку мыши и протяните линию от любого устройства к любому другому, чтобы связать их.#    #Если связать выключатель с дверью, выключатель сможет открывать дверь.##Направление важно. Связь в обратную сторону ничего не даст."
"exe:723d38","text","1","Hints_oGuidanceCrosslink_Draw_0 -> gml::operator+, gml::operator+","Switch to Crosslink mode with the mouse wheel or ","Переключиться в режим Кросслинка можно колесом мыши или "
"exe:723da0","text","1","Hints_oGuidanceCircuits_Draw_0 -> gml::GuidanceBubble","Get to the green circuit box and use it.##You'll be able to rewire things on the green circuit.##Devices on different coloured circuits can't be linked to each other.","Доберитесь до зелёного щитка и воспользуйтесь им.##Так вы сможете перемонтировать устройства на зелёной цепи.##Устройства на цепях разного цвета нельзя связать друг с другом."
"exe:723ef8","text","1","Hints_oGuidanceDisconnect_Draw_0 -> gml::GuidanceBubble","In crosslink mode, you can disconnect a device by clicking on it.##You can also undo the last change you made in crosslink mode by pressing U.##I cannot think of a third thing to tell you at this time.","В режиме Кросслинка можно отключить устройство, щёлкнув по нему.##Также можно отменить последнее изменение в режиме Кросслинка, нажав U.##Третьего совета я сейчас придумать не могу."
"exe:724090","text","1","Hints_oMulticircuitGuidance_Draw_0 -> gml::GuidanceBubble","Some devices are on two circuits. ##When a device is activated, it also activates whatever it's linked to.##Use dual-circuit devices to connect from one circuit to another.","Некоторые устройства находятся сразу на двух цепях. ##Когда устройство активируется, оно активирует и то, с чем связано.##С помощью таких устройств можно связать одну цепь с другой."
"exe:7241f0","text","1","Hints_oIntroControls_Draw_0 -> GMLObjectInstance::Get, gml::PGMLVar::operator=","Movement: W, A, S, D##Return to screen options: DEL##Save and quit game: Esc","Движение: W, A, S, D##Вернуться к настройкам экрана: DEL##Сохранить и выйти: Esc"
"exe:724290","text","1","Hints_oCrosslinkText_Draw_0 -> GMLObjectInstance::Get, gml::PGMLVar::operator=","Mouse wheel or Space: Switch to Crosslink mode#","Колесо мыши или Пробел: режим Кросслинка#"
"exe:7242f0","text","1","Hints_oGuidanceSnipers_Draw_0 -> GMLObjectInstance::Get, gml::PGMLVar::operator=","1. Hold right mouse to draw your gun, left click to fire.##2. Point your gun at guards to prevent them from firing.##3. If you shoot, a police sniper will guard the exit in 20 seconds.","1. Удерживайте правую кнопку мыши, чтобы достать пистолет, левой — стрелять.##2. Держите охранников на мушке, чтобы они не могли выстрелить.##3. Если выстрелите, через 20 секунд выход перекроет полицейский снайпер."
"exe:724468","text","1","Hints_oCircuitGuidance2_Draw_0 -> GMLObjectInstance::Get, gml::PGMLVar::operator=","Move the mouse over a circuit box in Crosslink mode to see what it will give you access to.","Наведите курсор на щиток в режиме Кросслинка, чтобы увидеть, к чему он даст доступ."
"exe:724520","text","1","Hints_oGunText_Draw_0 -> GMLObjectInstance::Get, gml::PGMLVar::operator=","Hold right mouse: Draw gun##Then click left mouse: fire","Удерживайте правую кнопку мыши: достать пистолет##Затем левая кнопка мыши: выстрел"
"exe:724598","tech","1","Hints_oSplashText_Draw_0 -> GMLObjectInstance::Get, gml::PGMLVar::operator=","This is an early prototype of some of Gunpoint's mechanics.##Please don't give it to anyone else.##They can e-mail me at pentadact@gmail.com if they'd like a copy.##The first time you play, Gunpoint will record your playthrough.##If you'd rather it didn't, or it starts to cause serious juddering, press F2 to disable it.##More info: bit.ly/gunpointgame###Click to start.",""
"exe:724880","text","1","Mission_Interface_oCredits_Create_0 -> GMLObjectInstance::Get, gml::PGMLVar::operator=","DESIGN, CODE, ETC#Tom Francis##CHARACTER AND ENVIRONMENT ART#John Roberts##BACKGROUND ART#Fabian van Dommelen##MUSIC#Ryan Ike#Francisco Cerda#John Robert Matz##SOUNDS#Jeremy Watssman#HyperDuck SoundWorks#bfxr.org#Ben Royle#freesound.org#Benboncan, Jovica, Jenc, Steveygos93, FreqMan, Anton, Sancho82, NoiseCollector, themfish, melack, fastson, m1a2t3z4, xserra, ShotgunPicker, yzhamua, bulbastre, le_abbaye_Noirl, floriangeyer, joedeshon, duckduckpony, DalomarGrimm, m1rk0, pempi, Traveler, Corsica_S, RHumphries, suzenako, Halleck, reinsamba, qubodup, mkoenig, RutgerMuller, lintphishx, FRANAUDIO, Glaneur de sons, LG, junggle, Spandau, cmusounddesign, 833-45, toyoto","ДИЗАЙН, КОД И ПРОЧЕЕ#Tom Francis##ПЕРСОНАЖИ И ОКРУЖЕНИЕ#John Roberts##ФОНЫ#Fabian van Dommelen##МУЗЫКА#Ryan Ike#Francisco Cerda#John Robert Matz##ЗВУКИ#Jeremy Watssman#HyperDuck SoundWorks#bfxr.org#Ben Royle#freesound.org#Benboncan, Jovica, Jenc, Steveygos93, FreqMan, Anton, Sancho82, NoiseCollector, themfish, melack, fastson, m1a2t3z4, xserra, ShotgunPicker, yzhamua, bulbastre, le_abbaye_Noirl, floriangeyer, joedeshon, duckduckpony, DalomarGrimm, m1rk0, pempi, Traveler, Corsica_S, RHumphries, suzenako, Halleck, reinsamba, qubodup, mkoenig, RutgerMuller, lintphishx, FRANAUDIO, Glaneur de sons, LG, junggle, Spandau, cmusounddesign, 833-45, toyoto"
"exe:724dc4","text","1","Mission_Interface_oMission_Draw_0 -> gml::operator+, PGMLVar::Get","Pay: $","Оплата: $"
"exe:724dd4","word","2","Mission_Interface_oMission_Draw_0 -> PGMLVar::Get, GMLObjectInstance::Get | Workings_oInventory_Draw_0_Action_0 -> gml::MenuOptionChosen, gml::PGMLVar::cast","Accept","Принять"
"exe:724de4","word","1","Mission_Interface_oMission_Draw_0 -> gml::operator+, PGMLVar::Get","Requires ","Требуется: "
"exe:724df8","text","1","Mission_Interface_oMissionIntro_Create_0_Action_6 -> GMLObjectInstance::Get, gml::PGMLVar::operator=","Welcome to an unfinished test build of Gunpoint!","Добро пожаловать в незаконченную тестовую сборку Gunpoint!"
"exe:724e5c","text","1","Mission_Interface_oMissionOne_Create_0_Action_6 -> GMLObjectInstance::Get, gml::PGMLVar::operator=","Rooke: Caught on Camera","Рук: Попался на камеру"
"exe:724e8c","text","1","Mission_Interface_oMissionThree_Create_0_Action_4 -> GMLObjectInstance::Get, gml::PGMLVar::operator=","Rooke: Crossed Wires","Рук: Перепутанные провода"
"exe:724eb8","text","1","Mission_Interface_oMissionIntro_Create_0_Action_6 -> GMLObjectInstance::Get, gml::PGMLVar::operator=","#Still to come: most of the music, some art and polish, and a few mission objectives: 'stealing a prototype' really means 'hack another computer' right now. Other than that, it's nearly ready. Info and news at gunpointgame.com","#Ещё предстоит доделать: большую часть музыки, немного графики и полировки и несколько целей заданий: «украсть прототип» сейчас на деле означает «взломать ещё один компьютер». В остальном игра почти готова. Информация и новости — на gunpointgame.com"
"exe:725080","text","1","Mission_Interface_oMissionOne_Create_0_Action_6 -> GMLObjectInstance::Get, gml::PGMLVar::operator=","#The footage of you at the murder scene has been automatically backed up to five different locations. This is the closest - get in there and wipe the data.","#Запись, где ты на месте убийства, автоматически скопирована в пять разных мест. Это ближайшее — проберись туда и сотри данные."
"exe:7251b8","text","1","Mission_Interface_oMissionTwo_Create_0_Action_5 -> GMLObjectInstance::Get, gml::PGMLVar::operator=","Rooke: Guarded","Рук: Под охраной"
"exe:7251d8","text","1","Mission_Interface_oMissionTwo_Create_0_Action_5 -> GMLObjectInstance::Get, gml::PGMLVar::operator=","#The second backup from the cameras that caught you at the murder scene is on Proudmore Drive. Get in, wipe the data, get out.","#Вторая копия записи с камер, которые засняли тебя на месте убийства, хранится на Праудмор-драйв. Проберись, сотри данные, уходи."
"exe:7252d8","text","1","Mission_Interface_oMissionThree_Create_0_Action_4 -> GMLObjectInstance::Get, gml::PGMLVar::operator=","#To get into the Ellis street facility, you'll need to rewire the building's electronics. If you don't have a Crosslink, buy one.","#Чтобы попасть на объект на Эллис-стрит, придётся перемонтировать электронику здания. Если у тебя нет Кросслинка, купи его."
"exe:7253dc","check","2","Mission_Interface_oMissionThree_Create_0 -> GMLObjectInstance::Get, gml::PGMLVar::operator= | Workings_oInventory_Draw_0_Action_0 -> gml::ChangeKeyControl, GMLMap::Get","Crosslink",""
"exe:7253f0","text","1","Mission_Interface_oMissionThree_Mouse_56_Action_1 -> gml::SetInGameBrief","#Rewire the building's electronics to get to the terminal and wipe the data.","#Перемонтировать электронику здания, чтобы добраться до терминала и стереть данные."
"exe:72548c","text","1","Mission_Interface_oMissionFour_Create_0_Action_4 -> GMLObjectInstance::Get, gml::PGMLVar::operator=","Rooke: Mains","Рук: Под напряжением"
"exe:7254a8","text","1","Mission_Interface_oMissionFour_Create_0_Action_4 -> GMLObjectInstance::Get, gml::PGMLVar::operator=","#The next terminal's on Loxley Close. By the way, be careful with power sockets: they'll emit a shock if you Crosslink something to them.","#Следующий терминал — на Локсли-Клоуз. Кстати, осторожнее с розетками: они бьют током, если подключить к ним что-нибудь Кросслинком."
"exe:7255bc","text","1","Mission_Interface_oMissionFive_Create_0_Action_4 -> GMLObjectInstance::Get, gml::PGMLVar::operator=","Rooke: Three for All","Рук: Три в одном"
"exe:7255e8","text","1","Mission_Interface_oMissionFour_Mouse_56 -> gml::SetInGameBrief","#Get to the terminal and wipe the fourth backup.","#Добраться до терминала и стереть четвёртую копию."
"exe:72564c","text","1","Mission_Interface_oMissionActTwo1_Create_0_Action_4 -> GMLObjectInstance::Get, gml::PGMLVar::operator=","Collins: innocent","Коллинз: невиновна"
"exe:725670","text","1","Mission_Interface_oMissionFive_Create_0_Action_4 -> GMLObjectInstance::Get, gml::PGMLVar::operator=","#Last one and you're clear. The DataSec place on Gershwin and 4th is the biggest and most heavily guarded, but after this there'll be no evidence linking you to Selena's murder.","#Последний — и ты чист. Объект DataSec на углу Гершвина и 4-й — самый большой и лучше всех охраняется, но после него не останется никаких улик, связывающих тебя с убийством Селены."
"exe:7257d4","word","6","Mission_Interface_oMissionActTwo1_Create_0 -> GMLObjectInstance::Get, gml::PGMLVar::operator= | Mission_Interface_oMissionActCorp1_Create_0 -> GMLObjectInstance::Get, gml::PGMLVar::operator= | Mission_Interface_oMissionActCorp2_Create_0 -> GMLObjectInstance::Get, gml::PGMLVar::operator=","Wirejack",""
"exe:7257e8","text","1","Mission_Interface_oMissionFive_Mouse_56 -> gml::SetInGameBrief","#Get to all three terminals and wipe the footage from each.","#Добраться до всех трёх терминалов и стереть запись с каждого."
"exe:725860","text","1","Mission_Interface_oMissionActTwo1_Create_0_Action_4 -> GMLObjectInstance::Get, gml::PGMLVar::operator=","#hi. sorry to bother you guys, i dont know if this is the right place to post this, but ive just been arrested for murder and i dont really know anyone so i used my one call to post this. hope you can help!! - katie","#привет. извините что беспокою, не знаю туда ли я пишу, но меня только что арестовали за убийство, а я тут почти никого не знаю, так что потратила свой единственный звонок на этот пост. надеюсь вы поможете!! — кэти"
"exe:725a10","text","1","Mission_Interface_oMissionActTwo1_Mouse_56 -> gml::SetInGameBrief","#Reach the door outside Jackson's office to hear what he's saying.","#Добраться до двери у кабинета Джексона и подслушать, что он говорит."
"exe:725a98","text","1","Mission_Interface_oMissionActTwo2_Create_0_Action_4 -> GMLObjectInstance::Get, gml::PGMLVar::operator=","Collins: intex","Коллинз: intex"
"exe:725ab8","text","1","Mission_Interface_oMissionActTwo2_Create_0_Action_4 -> GMLObjectInstance::Get, gml::PGMLVar::operator=","#hey, its katie again. i think we need to get hold of jacksons incriminating recording - let me know if youre up for it. thanks! - katie","#привет, это снова кэти. думаю, нам надо достать ту компрометирующую запись джексона — дай знать, если возьмёшься. спасибо! — кэти"
"exe:725bcc","text","1","Mission_Interface_oMissionActTwo4_Create_0_Action_4 -> GMLObjectInstance::Get, gml::PGMLVar::operator=","Rooke: The Plant","Рук: Подстава"
"exe:725bf0","text","1","Mission_Interface_oMissionActTwo2_Mouse_56 -> gml::SetInGameBrief","#Break into the Intex facility and reach the terminal to see if it has an incriminating recording of Jackson.##Optional objective: minimal violence.","#Проникнуть на объект Intex и добраться до терминала, чтобы проверить, нет ли там компрометирующей записи Джексона.##Дополнительная задача: минимум насилия."
"exe:725d1c","text","1","Mission_Interface_oMissionActTwo3_Create_0_Action_4 -> GMLObjectInstance::Get, gml::PGMLVar::operator=","Collins: the recording","Коллинз: запись"
"exe:725d4c","text","1","Mission_Interface_oMissionActThreeRooke_Create_0_Action_4 -> GMLObjectInstance::Get, gml::PGMLVar::operator=","Rooke: The Killer","Рук: Убийца"
"exe:725d70","text","1","Mission_Interface_oMissionActTwo3_Create_0_Action_4 -> GMLObjectInstance::Get, gml::PGMLVar::operator=","#i know which office downloaded the recording of jackson. if you can get it, you can have everything i have left. - katie","#я знаю, какой офис скачал запись джексона. если достанешь её, получишь всё, что у меня осталось. — кэти"
"exe:725e68","text","1","Mission_Interface_oMissionActTwo3_Mouse_56 -> gml::SetInGameBrief","#Break into the Rooke office that downloaded the recording of Jackson and see if it's still on the terminal there.##Optional objective: minimal violence.","#Проникнуть в офис Рук, который скачал запись Джексона, и проверить, осталась ли она на тамошнем терминале.##Дополнительная задача: минимум насилия."
"exe:725f9c","text","1","Mission_Interface_oMissionActCorp1_Create_0_Action_4 -> GMLObjectInstance::Get, gml::PGMLVar::operator=","Gessler: Industrial Espionage","Гесслер: Промышленный шпионаж"
"exe:725fd8","text","1","Mission_Interface_oMissionActTwo4_Create_0_Action_4 -> GMLObjectInstance::Get, gml::PGMLVar::operator=","#Conway, this is Rooke. I need your expertise. It's regarding my employee Katie Collins.","#Конвэй, это Рук. Мне нужны твои профессиональные услуги. Дело касается моей сотрудницы Кэти Коллинз."
"exe:7260a0","text","1","Mission_Interface_oMissionActTwo4_Mouse_56 -> gml::SetInGameBrief","#Break into the police station to plant the recording of Jackson on the terminal there.##Optional objective: hack any laptops.","#Проникнуть в полицейский участок и подбросить запись Джексона на тамошний терминал.##Дополнительная задача: взломать ноутбуки."
"exe:7261a0","text","1","Mission_Interface_oMissionActThreeJackson_Create_0_Action_4 -> GMLObjectInstance::Get, gml::PGMLVar::operator=","Jackson: The Truth","Джексон: Правда"
"exe:7261c8","text","1","Mission_Interface_oMissionActThreeJackson_Create_0_Action_4 -> GMLObjectInstance::Get, gml::PGMLVar::operator=","#As discussed. Get to the terminal that recorded my phone call, and upload the full thing publicly. The whole truth gets out, I get the hell out of this city, and pay you enough money to take on Intex yourself. Or buy a gold leaf trenchcoat and retire.","#Как договаривались. Доберись до терминала, который записал мой телефонный разговор, и выложи его целиком в открытый доступ. Вся правда всплывёт, я свалю к чёрту из этого города и заплачу тебе столько, что хватит самому взяться за Intex. Или купить тренч из сусального золота и уйти на покой."
"exe:7263c4","text","1","Mission_Interface_oMissionActCorp2_Create_0_Action_4 -> GMLObjectInstance::Get, gml::PGMLVar::operator=","Rooke: The Prototype","Рук: Прототип"
"exe:7263f0","text","1","Mission_Interface_oMissionActThreeJackson_Mouse_56_Action_1 -> GMLObjectInstance::Get, gml::PGMLVar::operator=","#Get to the Intex terminal with Jackson's full recording on it, and upload it publicly.","#Добраться до терминала Intex с полной записью Джексона и выложить её в открытый доступ."
"exe:7264a0","text","1","Mission_Interface_oMissionActThreeRooke_Create_0_Action_4 -> GMLObjectInstance::Get, gml::PGMLVar::operator=","#You know what to do: the recording's stored on a terminal at Intex ops on the Eastmouth river. Get in and wipe it. Jackson goes down for Selena's murder, and I'll get you the real killer.","#Ты знаешь, что делать: запись хранится на терминале оперативного центра Intex на реке Истмаут. Проберись туда и сотри её. Джексон сядет за убийство Селены, а я найду тебе настоящего убийцу."
"exe:726630","text","1","Mission_Interface_oMissionActThreeRooke_Mouse_56_Action_1 -> GMLObjectInstance::Get, gml::PGMLVar::operator=","#Get to the Intex terminal that has the full recording of Jackson on it, and wipe it.","#Добраться до терминала Intex с полной записью Джексона и стереть её."
"exe:7266dc","text","1","Mission_Interface_oMissionActCorp3_Create_0_Action_4 -> GMLObjectInstance::Get, gml::PGMLVar::operator=","Gessler: Acquisitions","Гесслер: Приобретение"
"exe:726708","text","1","Mission_Interface_oMissionActThree2_Create_0_Action_4 -> GMLObjectInstance::Get, gml::PGMLVar::operator=","Gessler: Come and fucking get me.","Гесслер: Ну давай, блять, приди за мной."
"exe:72674c","text","1","Mission_Interface_oMissionActThree2_Create_0 -> GMLObjectInstance::Get, gml::PGMLVar::operator=","Gatecrashers, Resolver",""
"exe:72677c","text","1","Mission_Interface_oMissionActCorp4_Create_0_Action_4 -> GMLObjectInstance::Get, gml::PGMLVar::operator=","Rooke: The Trace","Рук: След"
"exe:7267a0","text","1","Mission_Interface_oMissionActThree2_Mouse_56 -> gml::SetInGameBrief","#Incapacitate or kill Fritz Gessler.##Optional objective: incapacitate or kill Agent Hightower.","#Обезвредить или убить Фрица Гесслера.##Дополнительная задача: обезвредить или убить агента Хайтауэра."
"exe:726860","text","1","Mission_Interface_oMissionActThree2_Mouse_56 -> gml::SetInGameBrief","#Incapacitate or kill Fritz Gessler.","#Обезвредить или убить Фрица Гесслера."
"exe:7268c0","text","1","Mission_Interface_oMissionActCorp1_Create_0_Action_4 -> GMLObjectInstance::Get, gml::PGMLVar::operator=","#Need a pro for some deniable ops work. Disgusting pay.","#Нужен профи для грязной работы без следов. Платим до неприличия много."
"exe:726930","text","1","Mission_Interface_oMissionActCorp1_Mouse_56_Action_1 -> gml::SetInGameBrief","#Hit TX Fabrications' admin center, and search the main terminal to find out where Rooke's secret prototype is being made.##Optional objective: no living witnesses.","#Нанести удар по административному центру TX Fabrications и обыскать главный терминал, чтобы выяснить, где делают секретный прототип Рук.##Дополнительная задача: не оставить живых свидетелей."
"exe:726a7c","text","1","Mission_Interface_oMissionCorpGesslerBrief_Create_0_Action_4 -> GMLObjectInstance::Get, gml::PGMLVar::operator=","Gessler: Compensation","Гесслер: Вознаграждение"
"exe:726aa8","text","1","Mission_Interface_oMissionActCorp2_Create_0_Action_4 -> GMLObjectInstance::Get, gml::PGMLVar::operator=","#Conway, get in touch. There's something you should know about your Intex contracts.","#Конвэй, свяжись со мной. Тебе стоит кое-что знать о твоих контрактах с Intex."
"exe:726b58","text","1","Mission_Interface_oMissionActCorp2_Mouse_56_Action_1 -> gml::SetInGameBrief","#Steal a false prototype for Rooke, so that you can steal it back from her for Gessler.##Optional objective: hack any laptops.","#Украсть фальшивый прототип для Рук, чтобы потом выкрасть его у неё для Гесслера.##Дополнительная задача: взломать ноутбуки."
"exe:726c58","text","1","Mission_Interface_oMissionActCorp3_Create_0_Action_4 -> GMLObjectInstance::Get, gml::PGMLVar::operator=","#Ready? It's time.","#Готов? Пора."
"exe:726c80","text","1","Mission_Interface_oMissionActCorp3_Mouse_56_Action_1 -> gml::SetInGameBrief","#Steal Rooke's prototype, then decide whether to tell Gessler about the tracker she placed on it.##Optional objective: no living witnesses.","#Украсть прототип Рук, затем решить, рассказывать ли Гесслеру о маячке, который она на него поставила.##Дополнительная задача: не оставить живых свидетелей."
"exe:726d98","text","1","Mission_Interface_oMissionActCorp4_Create_0_Action_4 -> GMLObjectInstance::Get, gml::PGMLVar::operator=","#We've got a trace. Let's see where it takes us.","#Мы засекли сигнал. Посмотрим, куда он нас приведёт."
"exe:726e10","text","1","Mission_Interface_oMissionActCorp4_Mouse_56_Action_1 -> gml::SetInGameBrief","#Follow the tracker on Rooke's prototype and steal whatever you find in Gessler's R&D lab.##Optional objective: hack any laptops.","#Проследить за маячком на прототипе Рук и украсть всё, что найдётся в исследовательской лаборатории Гесслера.##Дополнительная задача: взломать ноутбуки."
"exe:726f28","text","1","Mission_Interface_oMissionCorpGesslerBrief_Create_0_Action_4 -> GMLObjectInstance::Get, gml::PGMLVar::operator=","#You fucking rockstar. Come here and let me ruin you with money.","#Ты, блять, рок-звезда. Иди сюда, дай мне испортить тебя деньгами."
"exe:726fac","text","1","Mission_Interface_oMissionCorpRookeBrief_Create_0_Action_4 -> GMLObjectInstance::Get, gml::PGMLVar::operator=","Gessler: Go fuck yourself.","Гесслер: Иди на хуй."
"exe:726fe4","text","1","Mission_Interface_oMissionActPolice1_Create_0_Action_4 -> GMLObjectInstance::Get, gml::PGMLVar::operator=","Anonymous: The Collins Case","Аноним: Дело Коллинз"
"exe:72701c","text","1","Mission_Interface_oMissionActPolice3_Create_0_Action_4 -> GMLObjectInstance::Get, gml::PGMLVar::operator=","Mayfield: The Morgue","Мэйфилд: Морг"
"exe:727048","text","1","Mission_Interface_oMissionActPolice1_Create_0_Action_4 -> GMLObjectInstance::Get, gml::PGMLVar::operator=","#I'm unsatisfied with the East Point Police Department's handling of a recent homicide, and I'm looking for an agent to help me investigate what really happened.","#Меня не устраивает, как полиция Ист-Пойнта ведёт расследование недавнего убийства, и я ищу агента, который поможет выяснить, что произошло на самом деле."
"exe:72718c","text","1","Mission_Interface_oMissionActPolice4_Create_0_Action_4 -> GMLObjectInstance::Get, gml::PGMLVar::operator=","Mayfield: The Suspect","Мэйфилд: Подозреваемый"
"exe:7271b8","text","1","Mission_Interface_oMissionActPolice1_Mouse_56_Action_1 -> gml::SetInGameBrief","#Go to the scene of Selena's murder and retrieve the onboard backup from the security camera there. Then decide whether to give it to the chief of police.##Optional objective: minimal violence.","#Отправиться на место убийства Селены и извлечь внутреннюю резервную копию из камеры наблюдения. Затем решить, отдавать ли её начальнику полиции.##Дополнительная задача: минимум насилия."
"exe:72733c","text","1","Mission_Interface_oFullCredits_Draw_0 -> gml::PGMLVar::cast, PGMLVar::At","+ Faster#- Slower#Space: exit","+ Быстрее#- Медленнее#Пробел: выход"
"exe:727378","text","1","Mission_Interface_oMissionActPolice2_Create_0_Action_4 -> GMLObjectInstance::Get, gml::PGMLVar::operator=","Mayfield: The DataSec Recording","Мэйфилд: Запись DataSec"
"exe:7273b8","text","1","Mission_Interface_oMissionActPolice2_Create_0_Action_4 -> GMLObjectInstance::Get, gml::PGMLVar::operator=","#I need you to break into a DataSec facility to get some footage that might shed light on who killed Selena Delgado.","#Мне нужно, чтобы вы проникли на объект DataSec и добыли запись, которая может пролить свет на то, кто убил Селену Дельгадо."
"exe:7274a4","text","1","Mission_Interface_oSideBar_Draw_0","Previous missions","Прошлые задания"
"exe:7274c8","text","1","Mission_Interface_oMissionActPolice2_Mouse_56_Action_1 -> gml::SetInGameBrief","#Get to the main terminal to retrieve the security camera footage from one of the DataSec facilities that was broken into on the night of the murder. Then decide whether to give it to the chief of police.##Optional objective: hack any laptops.","#Добраться до главного терминала и забрать запись камер наблюдения с одного из объектов DataSec, взломанных в ночь убийства. Затем решить, отдавать ли её начальнику полиции.##Дополнительная задача: взломать ноутбуки."
"exe:7276b0","text","1","Mission_Interface_oMissionActPolice3_Create_0_Action_4 -> GMLObjectInstance::Get, gml::PGMLVar::operator=","#I need you to break into my own HQ. I'll explain why.","#Мне нужно, чтобы вы проникли в моё собственное управление. Я объясню зачем."
"exe:727720","text","1","Mission_Interface_oMissionActPolice3_Mouse_56_Action_1 -> gml::SetInGameBrief","#Get to the coroner's computer in the morgue and look for evidence that Selena's post-mortem was altered.##Optional objective: minimal violence.","#Добраться до компьютера коронера в морге и поискать доказательства того, что заключение о вскрытии Селены подделали.##Дополнительная задача: минимум насилия."
"exe:727844","word","1","Mission_Interface_oSideBar_Draw_0 -> GMLObjectInstance::Get, gml::MenuTab","Missions","Задания"
"exe:727858","text","1","Mission_Interface_oMissionActPolice4_Create_0_Action_4 -> GMLObjectInstance::Get, gml::PGMLVar::operator=","#I have a suspect for the Selena Delgado murder. I need you to get into his apartment and look for a piece of evidence that might confirm it.","#У меня есть подозреваемый в убийстве Селены Дельгадо. Нужно, чтобы вы проникли в его квартиру и поискали улику, которая может это подтвердить."
"exe:727974","word","1","Mission_Interface_oSideBar_Draw_0 -> GMLObjectInstance::Get, GMLObjectInstance::Get","Shop","Магазин"
"exe:727980","text","1","Mission_Interface_oMissionActPolice4_Mouse_56_Action_1 -> gml::SetInGameBrief","#Break into the apartment Mayfield tracked some agency equipment to, and retrieve any evidence that the occupant is an agent. Then decide whether to hand it over.##Optional objective: hack any laptops.","#Проникнуть в квартиру, куда Мэйфилд отследил снаряжение агентства, и найти доказательства того, что её жилец — агент. Затем решить, передавать ли их.##Дополнительная задача: взломать ноутбуки."
"exe:727b14","text","1","Mission_Interface_oMissionActPolice5_Create_0_Action_4 -> GMLObjectInstance::Get, gml::PGMLVar::operator=","Mayfield: The Room","Мэйфилд: Комната"
"exe:727b3c","text","1","Mission_Interface_oSideBar_Draw_0 -> gml::operator+, GMLObjectInstance::Get","Cash: $","Деньги: $"
"exe:727b4c","word","1","Mission_Interface_oSideBar_Draw_0 -> GMLObjectInstance::Get, ??Dgml@@YA?AVPGMLVar@0@HABV10@@Z","Upgrades","Улучшения"
"exe:727b60","text","1","Mission_Interface_oMissionActPolice5_Create_0_Action_4 -> GMLObjectInstance::Get, gml::PGMLVar::operator=","#I've got something big. I think we can close this case tonight. Drop me a line and I'll tell you what I can.","#У меня кое-что серьёзное. Думаю, сегодня ночью мы сможем закрыть это дело. Напишите мне, и я расскажу, что смогу."
"exe:727c3c","word","1","Mission_Interface_oSideBar_Draw_0 -> GMLObjectInstance::Get, ??Dgml@@YA?AVPGMLVar@0@HABV10@@Z","Menu","Меню"
"exe:727c48","text","1","Mission_Interface_oMissionActPolice5_Mouse_56_Action_1 -> gml::SetInGameBrief","#Hack into a terminal Mayfield says contains an encrypted recording from the night of the murder, then decide whether to hand it over.##Optional objective: minimal violence.","#Взломать терминал, на котором, по словам Мэйфилда, хранится зашифрованная запись с ночи убийства, затем решить, передавать ли её.##Дополнительная задача: минимум насилия."
"exe:727da4","text","1","Mission_Interface_oSideBar_Draw_0 -> gml::operator+, GMLObjectInstance::Get","Upgrade points:#","Очки улучшений:#"
"exe:727dc8","text","1","Mission_Interface_oMissionFinal_Create_0_Action_3 -> GMLObjectInstance::Get, gml::PGMLVar::operator=","You're done!#Thanks for playing! You can still replay your previous missions with any gadgets you've unlocked, start from scratch from the main menu, or check gunpointgame.com for what's new.","Вы прошли игру!#Спасибо за игру! Вы по-прежнему можете переиграть пройденные задания с любыми открытыми гаджетами, начать заново из главного меню или заглянуть на gunpointgame.com за новостями."
"exe:727f48","tech","1","Mission_Interface_oFullCredits_Create_0_Action_0 -> GMLObjectInstance::Get, gml::PGMLVar::operator=","DESIGN/CODE/WORDS#Tom Francis##ART#John Roberts#Fabian van Dommelen##MUSIC#Ryan Ike#John Robert Matz#Francisco Cerda####CREATED IN#Game Maker 8.0##POWERED BY#Game Baker 1.0####GAME BAKER UPDATE#Abstraction Games B.V.##PRODUCER#Ralph Egas##PROGRAMMING#Erik Bastianen#Frans Kasper#Adrian Francis####GAME MAKER STEAMWORKS INTEGRATION#Jonathan Biddle / Curve Studios##GAME MAKER SOUND ENGINE#FMOD#FMOD Simple for Game Maker###SOUNDS#Here's what you're really hearing, and which attractive user on Freesound.org recorded it.######PUNCHING / DOORBASHING / FACEPLANTING#scarbelly25 - whipping with a belt.##BULLFROG CHARGE#Benboncan - double ratchet winch raising an anvil.#Bram - winding up a toy dinosaur.##BULLFROG LAUNCH#Jovica - open hi-hat sample created in Micro Tonic.#morgantj - opening a soda can.#digifishmusic - air hose being pulled off a tire.#Intimidated - coke bottle being opened.#steveygos93 - water balloon bursting.#jenc - machineshop equipment cutting metal.##MENU SOUNDS#Ben Royle - using bfxr.org.#Tom Francis - using bfxr.org.##HIGHTOWER'S PISTOL#qubodup - silenced sniper rifle.#Thomasweightrr - synthesised silencer sound.##HIGHTOWER SLAM#cosmicembers - punchbag dropped on concrete.##PHONE VIBRATE#JamesOC - a Sony Ericsson W300i.##WIREJACK#floriangeyer - flash bulb charging.#Franq - flash gun charging.#emmanuel - disposable camera.#joedeshon - desk phone button press.##VAULT DOOR#m1rk0 - automatic door of a bottle recycling bin.##VAULT DOOR CRUSHING SOMEONE#duckduckpony - wet pasta stirred.#DalomarGrimm - dry pasta crunched.##ELEVATOR#pempi - actual elevator - pempi stole the machine room key to get close to the motor.##CROSSLINK ON#themfish - a lavalier mic receiver being switched on.##CROSSLINKING#Traveler - speaker interference when powering on a GSM phone.#Corsica_S - Reaktor ensemble bass loop.#NoiseCollector - phone transducer suction cup.#FreqMan - shorted out 12v transformer leads.#THE_bizniss - licking a line-in jack.##CROSSLINK CONNECT#RutgerMuller - car door unlocking remotely.##CROSSLINK DISCONNECT#NoiseCollector - cigar cutter.##CROSSLINK OFF / LAPTOP CLOSE#ShotgunPicker - closing a book.##PISTOL COCK#Fr3yr - Glock 19.##PISTOL SHOT#fastson - Remington 1858.##SKIDDING#xserra - walking on gravel.##OUTDOOR FOOTSTEPS#bulbastre - on pavement.##INDOOR FOOTSTEPS#yzhamua - on carpet.##SLAPSTICK CLIMBING#NoiseCollector - rubber suction cup peeled off ceramic tile.##SLIDING DOWN WALLS#le_abbaye_Noirlac - running hands over the French abbey's 12th century bricks.#Corsica_S - cleaning glass.#semccab - wiping window.##HEAVY WALL SLAP#neonaeon - sound created for a school project, inspired by e e cummings poem 'in just'.##HANDSCANNER#melack - broken Epson Stylus 600 printer being switched on.#THE_bizniss - image scanner.##RAIN (OUTDOORS)#RHumphries - real.##RAIN (INDOORS)#Benboncan - real.##LAPTOP BEEP#FreqMan - synthesised.##PURCHASE/PICKUP SOUND#LS - digital camera click.##GATECRASHERS DOOR KICK#Sancho82 - draft slamming the doors of a church in Warsaw.##TERMINAL HACK#THE_bizniss - mouse click.#Anton - keyboard type.##POWER SOCKET/PRANKSPASM SHOCK#Halleck - elecricity arc travelling up a Jacob's Ladder.##DOOR OPEN/CLOSE#fresco - real.##SUBWAY TRAIN#sazman - real.##LIGHT SWITCH#FRANAUDIO - real.##GLASS BREAKING#Glaneur de sons - real.#Cmusounddesign - real.#m1a2t3z4 - real.#Hyperduck Soundworks - real.#themfish - real.#semccab - bottle thrown against wall.##MISC#StevenBrown#SunnySideSound#digifishmusic#zippi1#swelk#mkoenig#reinsamba#FreqMan#Glaneur de sons#taylorsyoung@gmail.com#junggle#LG#toyoto#Jeremy Watssman####GAME BAKER VERSION QUALITY ASSURANCE#Testronic Laboratories Ltd.##HEAD OF QA#Erik Hittenhausen##ACCOUNT MANAGER#Pietro Faccio##FUNCTIONALITY QA PROJECT LEAD#Lukasz Blaszczak##FUNCTIONALITY QA TECHNICIANS#Michal Stepien#Maciej Szumila##COMPATIBILITY QA OPERATIONS MANAGER#Kristof Vandebeek##COMPATIBILITY QA TECHNICIANS#Christiaan Keibeck#Geert Poelmans####THANKS##4,500+ testers#For hating all the right things, and liking the rest far more than I expected.##Derek Yu#For Spelunky, which made me realise I should really try Game Maker.##Graham Smith#Sensible second opinions.##Steve Gaynor#Player guidance advice.##Robin Walker#'If it goes well, this'll be the worst game you ever make.'##Chris Delay#'Double all your time estimates.'##Tim Edwards, James Binns and Richard Keith#My bosses at PC Gamer, for letting me do this on the side.##David Braben#Our artist John Roberts' boss, for letting him do this on the side.##Nate Muller, John Bartkiw and Matt Nickerson at Valve#For copious Steam help.##Hilary Francis#'You REVIEW games, what if yours just bombs?' Thanks mum!##John Francis#'Don't work too hard.' Thanks dad! Slipped a bit on this.",""
"exe:72a438","word","2","Mission_Interface_oSideBar_Draw_0 -> gml::operator+, GMLObjectInstance::Get"," available"," доступно"
"exe:72a468","word","1","Mission_Interface_oSideBar_Draw_0 -> GMLObjectInstance::Get, ??Dgml@@YA?AVPGMLVar@0@HABV10@@Z","Credits","Титры"
"exe:72a478","text","1","Mission_Interface_oSideBar_Draw_0 -> gml::PGMLVar::cast, gml::operator+","Auto-loading saves is disabled.","Автозагрузка сохранений отключена."
"exe:72a4b8","tech","1","Mission_Interface_oSideBar_Draw_0 -> gml::operator+, GMLObjectInstance::Get","JumpStrengthMax",""
"exe:72a4d8","text","1","Mission_Interface_oSideBar_Draw_0 -> gml::operator+, GMLObjectInstance::Get","Cash:#$","Деньги:#$"
"exe:72a4e8","word","1","Mission_Interface_oSideBar_Draw_0 -> gml::operator+, GMLObjectInstance::Get","global.Transfuser",""
"exe:72a50c","word","1","Mission_Interface_oSideBar_Draw_0 -> gml::operator+, GMLObjectInstance::Get","global.Deathfluke",""
"exe:72a530","tech","1","Mission_Interface_oSideBar_Draw_0 -> gml::operator+, GMLObjectInstance::Get","JumpChargeTime",""
"exe:72a550","word","1","Mission_Interface_oSideBar_Draw_0 -> gml::operator+, GMLObjectInstance::Get","global.Prankspasm",""
"exe:72a574","tech","1","Shop_Interface_oUpgradeBullfrogJump_Step_0_Action_1 -> gml::Achieve","BullfrogStrength",""
"exe:72a598","text","1","Shop_Interface_oUpgradeBullfrogJump_Create_0 -> GMLObjectInstance::Get, gml::PGMLVar::operator=","BULLFROG#JUMP STRENGTH#Increases both speed and distance travelled.","BULLFROG#СИЛА ПРЫЖКА#Увеличивает и скорость, и дальность прыжка."
"exe:72a620","text","1","Shop_Interface_oUpgradeBullfrogJump_Create_0 -> GMLObjectInstance::Get, gml::PGMLVar::operator=","Increases both speed and distance travelled.","Увеличивает и скорость, и дальность прыжка."
"exe:72a67c","tech","1","Shop_Interface_oUpgradePowerCells_Step_0_Action_1 -> gml::Achieve","BatteryCharge",""
"exe:72a698","text","1","Shop_Interface_oUpgradeBullfrogCharge_Create_0 -> GMLObjectInstance::Get, gml::PGMLVar::operator=","BULLFROG#CHARGE-UP TIME#Charge a full strength jump more quickly.","BULLFROG#ВРЕМЯ ЗАРЯДКИ#Прыжок в полную силу заряжается быстрее."
"exe:72a71c","tech","1","Shop_Interface_oUpgradeBullfrogCharge_Step_0_Action_1 -> gml::Achieve, GMLObjectInstance::Get","BullfrogChargeTime",""
"exe:72a744","text","1","Shop_Interface_oShopItem_Draw_0 -> gml::operator+, GMLObjectInstance::Get","Return: $","Возврат: $"
"exe:72a758","text","1","Shop_Interface_oUpgradePowerCells_Create_0 -> GMLObjectInstance::Get, gml::PGMLVar::operator=","POWER CAPACITY#Store more charge for your gadgets.","ЁМКОСТЬ ПИТАНИЯ#Гаджеты вмещают больше заряда."
"exe:72a7c0","text","1","Shop_Interface_oUpgradeDropshot_Create_0 -> GMLObjectInstance::Get, gml::PGMLVar::operator=","DROPSHOT#Land quietly when falling from greater heights.","DROPSHOT#Тихое приземление при падении с большей высоты."
"exe:72a834","word","1","Shop_Interface_oShopItem_Draw_0 -> GMLObjectInstance::Get, gml::PGMLVar::operator=","Owned","Куплено"
"exe:72a840","text","1","Shop_Interface_oUpgradeDeathfluke_Create_0 -> GMLObjectInstance::Get, gml::PGMLVar::operator=","DEATHFLUKE#Increase the chance that incoming shots will miss.","DEATHFLUKE#Повышает шанс, что пули пролетят мимо."
"exe:72a8c0","text","1","Shop_Interface_oShopItem_Draw_0 -> gml::operator+, GMLObjectInstance::Get","Buy: $","Купить: $"
"exe:72a8d0","text","1","Shop_Interface_oShopItem_Draw_0 -> gml::PGMLVar::cast, GMLObjectInstance::Get","Try it out","Попробовать"
"exe:72a8e8","tech","1","Shop_Interface_oShopItem_Draw_0 -> gml::SaveGameAs, gml::PGMLVar::cast","Missions.gun",""
"exe:72a904","word","1","Shop_Interface_oShopCrosslink_Create_0 -> GMLObjectInstance::Get, gml::PGMLVar::operator=","CROSSLINK","КРОССЛИНК"
"exe:72a918","text","1","Shop_Interface_oShopCrosslink_Create_0 -> GMLObjectInstance::Get, gml::PGMLVar::operator=","Rewire electronic devices","Перемонтирует электронику"
"exe:72a94c","word","1","Shop_Interface_oShopWirejack_Create_0 -> GMLObjectInstance::Get, gml::PGMLVar::operator=","WIREJACK",""
"exe:72a960","text","1","Shop_Interface_oShopCrosslink_Step_0_Action_0 -> gml::ShopDescription","Reconnect any electronic device to another.","Подключает любое электронное устройство к другому."
"exe:72a9b8","text","1","Shop_Interface_oShopWirejack_Create_0 -> GMLObjectInstance::Get, gml::PGMLVar::operator=","Rewire secure circuits","Перемонтирует защищённые цепи"
"exe:72a9e8","text","1","Shop_Interface_oShopWirejack_Step_0_Action_0 -> gml::ShopDescription","Enables Crosslink on protected circuits, when placed on the circuit box.","Если установить на щиток, позволяет использовать Кросслинк на защищённых цепях."
"exe:72aa7c","word","1","Shop_Interface_oShopDropshot_Create_0 -> GMLObjectInstance::Get, gml::PGMLVar::operator=","DROPSHOT",""
"exe:72aa90","text","1","Shop_Interface_oShopDropshot_Create_0 -> GMLObjectInstance::Get, gml::PGMLVar::operator=","Land silently from any height","Бесшумное приземление с любой высоты"
"exe:72aacc","text","1","Shop_Interface_oShopHushcracker_Create_0 -> GMLObjectInstance::Get, gml::PGMLVar::operator=","Muffle breaking glass","Глушит звон разбитого стекла"
"exe:72aaf8","text","1","Shop_Interface_oShopDropshot_Step_0_Action_0 -> gml::ShopDescription","Land on your feet instead of your face, which tends to be quieter.","Вы приземляетесь на ноги, а не на лицо — так обычно тише."
"exe:72ab80","word","1","Shop_Interface_oShopHushcracker_Create_0 -> GMLObjectInstance::Get, gml::PGMLVar::operator=","HUSHCRACKER",""
"exe:72ab98","text","1","Shop_Interface_oShopHushcracker_Step_0_Action_0 -> gml::ShopDescription","Silences the noise when you break a window.","Глушит шум, когда вы разбиваете окно."
"exe:72abf0","word","1","Shop_Interface_oShopPrankspasm_Create_0 -> GMLObjectInstance::Get, gml::PGMLVar::operator=","PRANKSPASM",""
"exe:72ac08","text","1","Shop_Interface_oShopPrankspasm_Create_0 -> GMLObjectInstance::Get, gml::PGMLVar::operator=","Boobytrap electronics","Минирует электронику"
"exe:72ac34","text","1","Shop_Interface_oShopDeathfluke_Create_0 -> GMLObjectInstance::Get, gml::PGMLVar::operator=","Some incoming shots miss","Часть пуль пролетает мимо"
"exe:72ac68","text","1","Shop_Interface_oShopPrankspasm_Step_0_Action_0 -> gml::ShopDescription","Connect a power socket to another device to electrify it.","Подключите розетку к другому устройству, чтобы пустить по нему ток."
"exe:72acdc","word","1","Shop_Interface_oShopDeathfluke_Create_0 -> GMLObjectInstance::Get, gml::PGMLVar::operator=","DEATHFLUKE",""
"exe:72acf4","word","1","Shop_Interface_oShopLongshot_Create_0 -> GMLObjectInstance::Get, gml::PGMLVar::operator=","LONGSHOT",""
"exe:72ad08","text","1","Shop_Interface_oShopDeathfluke_Step_0_Action_0 -> gml::ShopDescription","Strong magnetic field increases the chance incoming shots will miss.","Мощное магнитное поле повышает шанс, что пули пролетят мимо."
"exe:72ad94","text","1","Shop_Interface_oShopLongshot_Create_0 -> GMLObjectInstance::Get, gml::PGMLVar::operator=","Rewire enemy guns","Перемонтирует вражеские пушки"
"exe:72adb8","text","1","Shop_Interface_oShopLongshot_Step_0_Action_1 -> gml::ShopDescription","Crosslink enemy guns. When triggered, they fire. When fired, they trigger their target instead.","Перемонтирует вражеские пушки. При активации они стреляют. При выстреле вместо этого активируют свою цель."
"exe:72ae78","word","1","Shop_Interface_oShopResolver_Create_0 -> GMLObjectInstance::Get, gml::PGMLVar::operator=","RESOLVER",""
"exe:72ae8c","word","1","Shop_Interface_oShopResolver_Create_0 -> GMLObjectInstance::Get, gml::PGMLVar::operator=","Handgun","Пистолет"
"exe:72ae9c","text","1","Shop_Interface_oShopClip_Create_0 -> GMLObjectInstance::Get, gml::PGMLVar::operator=","6-ROUND CLIP","ОБОЙМА НА 6 ПАТРОНОВ"
"exe:72aeb8","text","1","Shop_Interface_oShopResolver_Step_0_Action_0 -> gml::ShopDescription","Rooke's most successful model, illegal since the gun ban.","Самая успешная модель Rooke, вне закона с момента запрета оружия."
"exe:72af2c","text","2","Shop_Interface_oShopClip_Create_0 -> gml::operator+, GMLObjectInstance::Get | Shop_Interface_oShopClip_Step_0 -> gml::operator+, GMLObjectInstance::Get","Current ammo: ","Патронов сейчас: "
"exe:72af4c","word","1","Shop_Interface_oShopBattery_Create_0 -> GMLObjectInstance::Get, gml::PGMLVar::operator=","BATTERY","БАТАРЕЯ"
"exe:72af5c","word","1","Shop_Interface_oShopGatecrasher_Create_0 -> GMLObjectInstance::Get, gml::PGMLVar::operator=","GATECRASHERS",""
"exe:72af78","text","1","Shop_Interface_oShopClip_Step_0_Action_0 -> gml::ShopDescription","Ammo is expensive - and illegal - due to the gun ban.","Патроны дороги — и незаконны — из-за запрета на оружие."
"exe:72b004","text","1","Shop_Interface_oShopBattery_Create_0 -> gml::operator+, GMLObjectInstance::Get","Current gadget charge:","Текущий заряд гаджетов:"
"exe:72b05c","text","3","Shop_Interface_oShopBattery_Step_0_Action_0 -> gml::operator+, gml::operator+ | Shop_Interface_oShopBatterySell_Create_0 -> gml::operator+, gml::operator+ | Shop_Interface_oShopBatterySell_Step_0_Action_0 -> gml::operator+, gml::operator+","Current gadget charge: ","Текущий заряд гаджетов: "
"exe:72b08c","word","1","Shop_Interface_oShopSmashbang_Create_0 -> GMLObjectInstance::Get, gml::PGMLVar::operator=","SMASHBANG",""
"exe:72b0a0","text","1","Shop_Interface_oShopBattery_Step_0_Action_0 -> gml::ShopDescription, @__security_check_cookie@4","The Hushcracker, Prankspasm and Longshot all drain this charge.","Hushcracker, Prankspasm и Longshot расходуют этот заряд."
"exe:72b120","text","1","Shop_Interface_oShopBatterySell_Create_0 -> GMLObjectInstance::Get, gml::PGMLVar::operator=","SELL A BATTERY","ПРОДАТЬ БАТАРЕЮ"
"exe:72b1b0","text","1","Shop_Interface_oShopBatterySell_Step_0_Action_0 -> gml::ShopDescription, @__security_check_cookie@4","Sell a battery for a full refund.","Продать батарею с полным возвратом стоимости."
"exe:72b1f4","text","1","Shop_Interface_oShopGatecrasher_Create_0 -> GMLObjectInstance::Get, gml::PGMLVar::operator=","Kick down doors","Выбивает двери"
"exe:72b218","text","1","Shop_Interface_oShopGatecrasher_Step_0_Action_0 -> gml::ShopDescription","Opens any conventional door, but not politely.","Открывает любую обычную дверь, но не слишком вежливо."
"exe:72b278","text","1","Shop_Interface_oShopSmashbang_Create_0 -> GMLObjectInstance::Get, gml::PGMLVar::operator=","Distract guards","Отвлекает охранников"
"exe:72b298","text","1","Shop_Interface_oShopSmashbang_Step_0_Action_0 -> gml::ShopDescription","Place one, then set it off to attract the nearest guard.","Установите, затем активируйте, чтобы привлечь ближайшего охранника."
"exe:72b30c","word","1","Shop_Interface_oShopTransfuser_Create_0 -> GMLObjectInstance::Get, gml::PGMLVar::operator=","TRANSFUSER",""
"exe:72b324","text","1","Shop_Interface_oShopTransfuser_Create_0 -> GMLObjectInstance::Get, gml::PGMLVar::operator=","Link different circuits","Связывает разные цепи"
"exe:72b358","text","1","Shop_Interface_oShopTransfuser_Step_0_Action_0 -> gml::Description","Can force a connection between devices on separate circuits.","Позволяет принудительно соединять устройства на разных цепях."
"exe:72b3d4","text","1","Labels_oActOne2Label_Draw_0 -> GMLObjectInstance::Get, gml::PGMLVar::operator=","Mission:   ActOne2",""
"exe:72b3fc","text","1","Labels_oActOne3Label_Draw_0 -> GMLObjectInstance::Get, gml::PGMLVar::operator=","Mission:   ActOne3",""
"exe:72b424","text","1","Labels_oActOne4_Draw_0 -> GMLObjectInstance::Get, gml::PGMLVar::operator=","Mission:   ActOne4",""
"exe:72b450","text","1","Labels_oActOne5_Draw_0 -> GMLObjectInstance::Get, gml::PGMLVar::operator=","Mission:   ActOne5",""
"exe:72b47c","text","1","Labels_oActTwo1_Draw_0 -> GMLObjectInstance::Get, gml::PGMLVar::operator=","Mission:   ActTwo1",""
"exe:72b4a8","text","1","Labels_oActTwo2_Draw_0 -> GMLObjectInstance::Get, gml::PGMLVar::operator=","Mission:   ActTwo2",""
"exe:72b4d4","text","1","Labels_oActTwo3_Draw_0 -> GMLObjectInstance::Get, gml::PGMLVar::operator=","Mission:   ActTwo3",""
"exe:72b500","text","1","Labels_oActTwo4_Draw_0 -> GMLObjectInstance::Get, gml::PGMLVar::operator=","Mission:   ActTwo4",""
"exe:72b52c","text","1","Labels_oActCorp1_Draw_0 -> GMLObjectInstance::Get, gml::PGMLVar::operator=","Mission:   ActCorp1",""
"exe:72b558","text","1","Labels_oActCorp2_Draw_0 -> GMLObjectInstance::Get, gml::PGMLVar::operator=","Mission:   ActCorp2",""
"exe:72b584","text","1","Labels_oActCorp3_Draw_0 -> GMLObjectInstance::Get, gml::PGMLVar::operator=","Mission:   ActCorp3",""
"exe:72b5b0","text","1","Labels_oActCorp4_Draw_0 -> GMLObjectInstance::Get, gml::PGMLVar::operator=","Mission:   ActCorp4",""
"exe:72b5dc","text","1","Labels_oActCorp5_Draw_0 -> GMLObjectInstance::Get, gml::PGMLVar::operator=","Mission:   ActCorp5",""
"exe:72b624","word","4","Workings_oTutorial_Draw_0 -> gml::operator+, GMLObjectInstance::Get | Workings_oRatings_Draw_0 -> GMLObjectInstance::Get, ??Dgml@@YA?AVPGMLVar@0@HABV10@@Z | gml::ShowBriefAndControls -> GMLObjectInstance::Get, gml::string","s",""
"exe:72b634","tech","1","Workings_oEditor_Create_0_Action_23 -> gml::LoadLevel","Template\Template",""
"exe:72b668","tech","1","Workings_oEditor_Create_0_Action_23 -> gml::operator+, gml::operator+","Workshop\",""
"exe:72b67c","tech","2","Workings_oEditor_Create_0_Action_23 -> GMLMap::Get, gml::PGMLVar::operator+= | gml::SaveLevel -> GMLObjectInstance::Get, gml::PGMLVar::operator+=","My\",""
"exe:72b684","tech","2","Workings_oEditor_Create_0_Action_23 -> GMLMap::Get, gml::PGMLVar::operator+= | gml::SaveLevel -> GMLObjectInstance::Get, gml::PGMLVar::operator+=","Subscriptions\",""
"exe:72b6a8","word","1","Workings_oEditor_Create_0_Action_23 -> gml::EditorButton","Ground","Пол"
"exe:72b6b8","word","1","Workings_oEditor_Create_0_Action_23 -> gml::EditorButton","Wall","Стена"
"exe:72b6c4","text","1","Workings_oEditor_Create_0_Action_23 -> gml::EditorButton","Normal floor","Обычный пол"
"exe:72b6e0","text","1","Workings_oEditor_Create_0_Action_23 -> gml::EditorButton","Wide floor","Широкий пол"
"exe:72b6f8","text","1","Workings_oEditor_Create_0_Action_23 -> gml::EditorButton","Narrow floor piece","Узкий кусок пола"
"exe:72b720","text","1","Workings_oEditor_Create_0_Action_23 -> gml::EditorButton","Door frame","Дверной проём"
"exe:72b738","text","1","Workings_oEditor_Create_0_Action_23 -> gml::EditorButton","Closed door. Requires a door frame. Needs handscanners either side for guards to open it.","Закрытая дверь. Ставится в дверной проём. Чтобы охранники могли её открыть, нужны сканеры ладони с обеих сторон."
"exe:72b7ec","text","1","Workings_oEditor_Create_0_Action_23 -> gml::EditorButton","Right-facing window frame","Оконная рама (вправо)"
"exe:72b820","text","1","Workings_oEditor_Create_0_Action_23 -> gml::EditorButton","Open door. Requires a door frame. Needs handscanners either side for guards to use it.","Открытая дверь. Ставится в дверной проём. Чтобы охранники могли через неё ходить, нужны сканеры ладони с обеих сторон."
"exe:72b8d0","text","1","Workings_oEditor_Create_0_Action_23 -> gml::EditorButton","Handscanner. Connects to nearest door. Must be close to it for guards to know what it's for.","Сканер ладони. Подключается к ближайшей двери. Должен стоять рядом с ней, чтобы охранники понимали, для чего он."
"exe:72b98c","text","1","Workings_oEditor_Create_0_Action_23 -> gml::EditorButton","Right-facing window","Окно (вправо)"
"exe:72b9b4","text","1","Workings_oEditor_Create_0_Action_23 -> gml::EditorButton","Left-facing window.","Окно (влево)."
"exe:72b9dc","text","1","Workings_oEditor_Create_0_Action_23 -> gml::EditorButton","Left-facing window frame","Оконная рама (влево)"
"exe:72ba10","text","1","Workings_oEditor_Create_0_Action_23 -> gml::EditorButton","Glass ceiling","Стеклянный потолок"
"exe:72ba2c","text","1","Workings_oEditor_Create_0_Action_23 -> gml::EditorButton","Glass ceiling frame","Рама стеклянного потолка"
"exe:72ba54","text","2","Workings_oEditor_Create_0_Action_23 -> gml::EditorButton","Normal guard.","Обычный охранник."
"exe:72ba70","text","1","Workings_oEditor_Create_0_Action_23 -> gml::EditorButton","Stairs: need to be one floor directly above or below another set to work.","Лестница: работает, только если ровно этажом выше или ниже есть другая лестница."
"exe:72bb20","text","1","Workings_oEditor_Create_0_Action_23 -> gml::EditorButton","Elevator doors. You'll also need to place an Elevator at one of them.","Двери лифта. У одних из них нужно будет поставить сам лифт."
"exe:72bbac","text","1","Workings_oEditor_Create_0_Action_23 -> gml::EditorButton","Secondary objective.","Дополнительная цель."
"exe:72bbd8","text","1","Workings_oEditor_Create_0_Action_23 -> gml::EditorButton","The elevator itself. Place it at one set of doors.","Сам лифт. Поставьте его у одних из дверей."
"exe:72bc40","text","1","Workings_oEditor_Create_0_Action_23 -> gml::EditorButton","Indoors area. Where guards hear noises, dark when the lights go off.","Помещение. Здесь охранники слышат шум; темнеет, когда гаснет свет."
"exe:72bccc","text","1","Workings_oEditor_Create_0_Action_23 -> gml::EditorButton","Exit. Place on the far right.","Выход. Ставится у правого края."
"exe:72bd08","text","1","Workings_oEditor_Create_0_Action_23 -> gml::EditorButton","Dark indoors area. Where guards hear noises, and will head to the nearest light switch.","Тёмное помещение. Здесь охранники слышат шум и идут к ближайшему выключателю."
"exe:72bdb8","text","1","Workings_oEditor_Create_0_Action_23 -> gml::EditorButton","Wide indoors area. Where guards hear noises, dark when the lights go off.","Широкое помещение. Здесь охранники слышат шум; темнеет, когда гаснет свет."
"exe:72be4c","text","1","Workings_oEditor_Create_0_Action_23 -> gml::EditorButton","Where the player starts.","Точка старта игрока."
"exe:72be80","text","1","Workings_oEditor_Create_0_Action_23 -> gml::EditorButton","Wide, dark indoors area. Where guards hear noises, and will head to the nearest light switch.","Широкое тёмное помещение. Здесь охранники слышат шум и идут к ближайшему выключателю."
"exe:72bf40","text","1","Workings_oEditor_Create_0_Action_23 -> gml::EditorButton","Light switch. Connects itself to the nearest light on this floor.","Выключатель. Сам подключается к ближайшей лампе на этом этаже."
"exe:72bfc8","text","2","Workings_oEditor_Create_0_Action_23 -> gml::EditorButton","Light. Must be placed in a Zone to work. Starts off if placed in a dark Zone.","Лампа. Работает только внутри зоны. В тёмной зоне изначально выключена."
"exe:72c108","text","2","Workings_oEditor_Create_0_Action_23 -> gml::EditorButton","Camera. Triggers when the player enters its view. Connects itself to the nearest alarm.","Камера. Срабатывает, когда игрок попадает в её поле зрения. Сама подключается к ближайшей сигнализации."
"exe:72c268","text","1","Workings_oEditor_Create_0_Action_23 -> gml::EditorButton","Alarm. When set off, nearest guard within one floor comes to deactivate it. Must be in a Zone.","Сигнализация. При срабатывании ближайший охранник в пределах одного этажа идёт её отключать. Должна быть внутри зоны."
"exe:72c328","text","1","Workings_oEditor_Create_0_Action_23 -> gml::EditorButton","Motion detector. Triggers when anyone walks through it. Connects itself to the nearest door.","Датчик движения. Срабатывает, когда через него кто-то проходит. Сам подключается к ближайшей двери."
"exe:72c3e8","text","1","Workings_oEditor_Create_0_Action_23 -> gml::EditorButton","Vault door. Opens when activated. Automatically closes after a short while.","Дверь хранилища. Открывается при активации. Вскоре закрывается сама."
"exe:72c480","text","1","Workings_oEditor_Create_0_Action_23 -> gml::EditorButton","Power socket. Electrocutes nearby guards if the player triggers it. Required for Prankspasm to work.","Розетка. Бьёт током охранников поблизости, если игрок её активирует. Нужна для работы Prankspasm."
"exe:72c550","text","1","Workings_oEditor_Create_0_Action_23 -> gml::EditorButton","Trap door. Opens for a short time when triggered. Not connected to anything initially.","Люк. При срабатывании ненадолго открывается. Изначально ни к чему не подключён."
"exe:72c600","text","4","Workings_oEditor_Create_0_Action_23 -> gml::EditorButton","Circuit box: the player needs to get to this to crosslink stuff on this circuit.","Распределительная коробка: игроку нужно добраться до неё, чтобы перемонтировать устройства в этой цепи."
"exe:72c8a0","text","4","Workings_oEditor_Create_0_Action_23 -> gml::EditorButton","Place this on a device to put the device on this circuit.","Поставьте это на устройство, чтобы включить его в эту цепь."
"exe:72ca7c","text","2","Workings_oEditor_Create_0_Action_23 -> gml::EditorButton","Enforcer: can't be pinned.","Силовик: его нельзя повалить."
"exe:72caf0","text","2","Workings_oEditor_Create_0_Action_23 -> gml::EditorButton","Pro: can see in the dark and shoots even at gunpoint.","Профи: видит в темноте и стреляет, даже когда он на мушке."
"exe:72cbd0","text","1","Workings_oEditor_Create_0_Action_23 -> gml::EditorButton","Place this on a guard to make him patrol.","Поставьте это на охранника, чтобы он патрулировал."
"exe:72cc24","text","1","Workings_oEditor_Create_0_Action_23 -> gml::EditorButton","Primary objective.","Основная цель."
"exe:72cc68","word","1","Workings_oEditor_Create_0_Action_23 -> gml::EditorButton","Battery.","Батарея."
"exe:72cc80","text","1","Workings_oEditor_Create_0_Action_23 -> gml::EditorButton","Place this anywhere and the player will start the level with the Crosslink (rewire stuff).","Поставьте это где угодно, и игрок начнёт уровень с Кросслинком (перемонтирование)."
"exe:72cd38","text","1","Workings_oEditor_Create_0_Action_23 -> gml::EditorButton","Place this anywhere and the player will start the level with the Wirejack (tap into circuits).","Поставьте это где угодно, и игрок начнёт уровень с Wirejack (подключение к цепям)."
"exe:72cdf8","text","1","Workings_oEditor_Create_0_Action_23 -> gml::EditorButton","Place this anywhere and the player will start the level with the Resolver (gun).","Поставьте это где угодно, и игрок начнёт уровень с Resolver (пистолет)."
"exe:72ce9c","word","1","Workings_oEditor_Create_0 -> GMLObjectInstance::Get, gml::PGMLVar::operator=","Untitled",""
"exe:72ceb4","tech","1","Workings_oEditor_Draw_0 -> gml::PGMLVar::operator=, gml::PGMLVar::cast","Levels\workshop_temp.lvl",""
"exe:72ceec","tech","8","Workings_oEditor_Draw_0 -> GMLObjectInstance::Get, gml::operator+ | gml::ListCustomMissions -> GMLObjectInstance::Get, gml::PGMLVar::cast | gml::SaveLevel -> GMLMap::Get",".lvl",""
"exe:72cef8","tech","3","Workings_oEditor_Draw_0 -> gml::operator+, gml::operator+ | gml::SaveLevel -> GMLMap::Get, gml::operator+ | gml::LoadLevel -> GMLMap::Get, gml::operator+","Levels\",""
"exe:72cf08","text","1","Workings_oEditor_Draw_0 -> gml::operator+","There's already a file called that, and I'm too scared to overwrite it.","Файл с таким именем уже есть, а перезаписывать его мне страшно."
"exe:72cfa0","check","1","Workings_oEditor_Draw_0 -> GMLObjectInstance::Get, gml::operator==","Blanjipan",""
"exe:72cfb4","check","1","Workings_oEditor_Draw_0 -> gml::operator==, ??1?$basic_string@_WU?$char_traits@_W@std@@V?$allocator@_W@2@@std@@QAE@XZ","blanjipan",""
"exe:72cfc8","text","1","Workings_oEditor_Draw_0 -> gml::operator+","I said don't call it that.","Я же сказал, не называй так."
"exe:72d000","text","1","Workings_oEditor_Draw_0 -> gml::operator+","Enter a name of some kind. Doesn't have to be good. Even, like, 'Blanjipan' would do. (Don't call it that though).","Введи хоть какое-нибудь название. Необязательно хорошее. Даже какое-нибудь «Blanjipan» сойдёт. (Только не называй так.)"
"exe:72d0e8","text","1","Workings_oEditor_Draw_0 -> gml::DrawSaveButton","Save (F5)","Сохранить (F5)"
"exe:72d0fc","check","1","Workings_oEditor_Draw_0 -> gml::DrawPlayButton, GMLMap::Get","Play (Enter)",""
"exe:72d11c","text","1","Workings_oEditor_Draw_0 -> gml::agDrawPublishButton","Publish Update","Опубликовать обновление"
"exe:72d13c","text","1","Workings_oEditor_Draw_0 -> gml::agDrawRateButton, GMLObjectInstance::Get","Rate on Workshop","Оценить в Мастерской"
"exe:72d160","text","1","Workings_oEditor_Draw_0 -> gml::agDrawPublishButton, GMLObjectInstance::Get","Publish to Workshop","Опубликовать в Мастерской"
"exe:72d188","text","1","Workings_oEditor_Draw_0","Basic level bits.","Базовые элементы уровня."
"exe:72d1ac","text","1","Workings_oEditor_Draw_0 -> gml::DrawCategoryButton, GMLObjectInstance::Get","Walls and floors","Стены и полы"
"exe:72d1d0","word","1","Workings_oEditor_Draw_0 -> GMLObjectInstance::Get","Doors.","Двери."
"exe:72d1e0","word","1","Workings_oEditor_Draw_0 -> gml::DrawCategoryButton, GMLObjectInstance::Get","Doors","Двери"
"exe:72d1ec","text","1","Workings_oEditor_Draw_0 -> GMLObjectInstance::Get","Windows and frames.","Окна и рамы."
"exe:72d214","word","1","Workings_oEditor_Draw_0 -> gml::DrawCategoryButton, GMLObjectInstance::Get","Windows","Окна"
"exe:72d224","word","1","Workings_oEditor_Draw_0 -> GMLObjectInstance::Get","Stairs.","Лестницы."
"exe:72d234","tech","1","Workings_oEditor_Draw_0 -> gml::DrawCategoryButton, GMLObjectInstance::Get","Stairs/Elevators",""
"exe:72d258","text","1","Workings_oEditor_Draw_0 -> GMLObjectInstance::Get","Indoors areas.","Помещения."
"exe:72d278","word","1","Workings_oEditor_Draw_0 -> gml::DrawCategoryButton, GMLObjectInstance::Get","Zones","Зоны"
"exe:72d284","text","1","Workings_oEditor_Draw_0 -> GMLObjectInstance::Get","Anything crosslinkable.","Всё, что можно перемонтировать."
"exe:72d2b4","word","1","Workings_oEditor_Draw_0 -> gml::DrawCategoryButton, GMLObjectInstance::Get","Electronics","Электроника"
"exe:72d2cc","word","1","Workings_oEditor_Draw_0 -> gml::DrawCategoryButton, GMLObjectInstance::Get","Circuits","Цепи"
"exe:72d2e0","text","1","Workings_oEditor_Draw_0 -> GMLObjectInstance::Get","Set up secure circuits the player has to Wirejack.","Защищённые цепи, к которым игроку нужно подключаться через Wirejack."
"exe:72d348","text","1","Workings_oEditor_Draw_0 -> GMLObjectInstance::Get","Place guards.","Расстановка охранников."
"exe:72d364","word","1","Workings_oEditor_Draw_0 -> gml::DrawCategoryButton, GMLObjectInstance::Get","Guards","Охрана"
"exe:72d374","word","1","Workings_oEditor_Draw_0 -> GMLObjectInstance::Get","Objectives.","Цели."
"exe:72d38c","word","1","Workings_oEditor_Draw_0 -> gml::DrawCategoryButton, GMLObjectInstance::Get","Objectives","Цели"
"exe:72d3a4","text","1","Workings_oEditor_Draw_0 -> GMLObjectInstance::Get","Background walls.","Задние стены."
"exe:72d3c8","text","1","Workings_oEditor_Draw_0 -> gml::DrawCategoryButton, GMLObjectInstance::Get","Back walls","Задние стены"
"exe:72d3e0","word","1","Workings_oEditor_Draw_0 -> GMLObjectInstance::Get","Decor.","Декор."
"exe:72d3f0","word","1","Workings_oEditor_Draw_0 -> gml::DrawCategoryButton, GMLObjectInstance::Get","Decor","Декор"
"exe:72d3fc","text","1","Workings_oEditor_Draw_0 -> GMLObjectInstance::Get","Walls and decor.","Стены и декор."
"exe:72d420","word","1","Workings_oEditor_Draw_0 -> gml::DrawCategoryButton, gml::DrawEditorButtons","Equipment","Снаряжение"
"exe:72d434","tech","2","Workings_oEditor_KeyReleased_90 -> gml::operator+, GMLMap::Get | gml::AutosaveLevel -> gml::operator+, gml::SaveLevel","Autosaves\",""
"exe:72d450","text","1","Workings_oInventory_Create_0 -> GMLObjectInstance::Get, gml::PGMLVar::operator=","Choose a resolution!","Выберите разрешение!"
"exe:72d47c","tech","12","Workings_oInventory_Create_0 -> GMLMap::Get, gml::PGMLVar::operator= | Workings_oInventory_Draw_0_Action_0 -> GMLMap::Get, gml::PGMLVar::operator= | gml::ListCustomMissions -> GMLMap::Get, gml::PGMLVar::operator=","Main",""
"exe:72d48c","text","1","Workings_oInventory_Create_0 -> GMLObjectInstance::Get, gml::PGMLVar::operator=","Try it! (Esc cancels)","Пробуем! (Esc — отмена)"
"exe:72d538","text","1","Workings_oInventory_Step_0_Action_0 -> gml::ImportantTutorial, GMLObjectInstance::Get","Use the mouse to pan in Crosslink mode.","В режиме Кросслинка обзор двигается мышью."
"exe:72d5e8","tech","1","Workings_oInventory_Step_0_Action_8 -> GMLMap::Get, gml::operator+","Extras\The Making of Gunpoint.mp4",""
"exe:72d62c","tech","1","Workings_oInventory_Step_0_Action_8 -> GMLMap::Get, gml::operator+","Extras\Soundtrack\",""
"exe:72d658","tech","1","Workings_oInventory_Step_0_Action_8 -> GMLMap::Get, gml::operator+","Extras\Prototype Pack\",""
"exe:72d698","check","6","Workings_oInventory_Draw_0_Action_0 -> GMLMap::Get, gml::operator== | Workings_oInventory_Draw_0_Action_0 -> GMLMap::Get, gml::PGMLVar::operator= | Resolution_Create -> PGMLVar::Get, gml::PGMLVar::operator=","Resolution",""
"exe:72d6b0","text","2","Workings_oInventory_Draw_0_Action_0 -> gml::MenuOptionChosen, gml::PGMLVar::cast","Cancel (Escape)","Отмена (Escape)"
"exe:72d6d0","text","1","Workings_oInventory_Draw_0_Action_0 -> gml::MenuOptionChosen, gml::PGMLVar::cast","Fullscreen (Click for Windowed mode)","Полный экран (нажмите для оконного режима)"
"exe:72d73c","text","1","Workings_oInventory_Draw_0_Action_0 -> gml::OptionClicked, gml::PGMLVar::cast","Developer commentary:","Комментарии разработчика:"
"exe:72d768","text","1","Workings_oInventory_Draw_0_Action_0 -> gml::MenuOptionChosen, gml::PGMLVar::cast","Windowed mode (Click for Fullscreen)","Оконный режим (нажмите для полного экрана)"
"exe:72d7c4","check","4","Workings_oInventory_Draw_0_Action_0 -> GMLMap::Get, gml::operator== | Workings_oInventory_Draw_0_Action_0 -> GMLMap::Get, gml::PGMLVar::operator= | Workings_oInventory_Draw_0_Action_0 -> gml::MenuOptionChosen, gml::PGMLVar::cast","Options",""
"exe:72d7d4","check","2","Workings_oInventory_Draw_0_Action_0 -> GMLMap::Get, gml::PGMLVar::operator= | Workings_oInventory_Draw_0_Action_0 -> GMLMap::Get, gml::operator==","Controls",""
"exe:72d7e8","tech","1","Workings_oInventory_Draw_0_Action_0 -> gml::operator+, gml::PGMLVar::cast","\Extras\Commentary\IntroTom.ogg",""
"exe:72d828","text","1","Workings_oInventory_Draw_0_Action_0 -> gml::MenuOptionChosen, gml::PGMLVar::cast","Customise keyboard controls","Настроить управление"
"exe:72d860","word","1","Workings_oInventory_Draw_0_Action_0 -> gml::OptionClicked, gml::PGMLVar::cast","Swearing:","Мат:"
"exe:72d874","text","1","Workings_oInventory_Draw_0_Action_0 -> gml::OptionClicked, gml::PGMLVar::cast","Colour-blind mode:","Режим для дальтоников:"
"exe:72d89c","text","1","Workings_oInventory_Draw_0_Action_0 -> gml::OptionClicked, gml::PGMLVar::cast","Mouse-over descriptions:","Описания при наведении:"
"exe:72d8d0","text","1","Workings_oInventory_Draw_0_Action_0 -> gml::OptionClicked, gml::PGMLVar::cast","Control tips:","Подсказки по управлению:"
"exe:72d8ec","text","1","Workings_oInventory_Draw_0_Action_0 -> gml::OptionClicked, gml::PGMLVar::cast","Tutorial boxes:","Обучающие окна:"
"exe:72d90c","text","1","Workings_oInventory_Draw_0_Action_0 -> gml::OptionClicked, gml::PGMLVar::cast","Highlight objectives:","Подсветка целей:"
"exe:72d938","text","1","Workings_oInventory_Draw_0_Action_0 -> gml::OptionClicked, gml::PGMLVar::cast","VSync enabled:","Вертикальная синхронизация:"
"exe:72d958","word","4","Workings_oInventory_Draw_0_Action_0 -> gml::MenuOptionChosen, gml::PGMLVar::cast","Back","Назад"
"exe:72d990","check","1","Workings_oInventory_Draw_0_Action_0 -> gml::MenuHeader, GMLMap::Get","Mouse over a control and press any key#(Preferably not Tab or Esc)",""
"exe:72da24","tech","1","Workings_oInventory_Draw_0_Action_0 -> gml::ChangeKeyControl, GMLMap::Get","Up / Use",""
"exe:72da58","check","1","Workings_oInventory_Draw_0_Action_0 -> gml::ChangeKeyControl, GMLMap::Get","Hold to draw gun",""
"exe:72da7c","check","1","Workings_oInventory_Draw_0_Action_0 -> gml::ChangeKeyControl, GMLMap::Get","Pan left",""
"exe:72da90","check","1","Workings_oInventory_Draw_0_Action_0 -> gml::ChangeKeyControl, GMLMap::Get","Pan right",""
"exe:72daa4","check","1","Workings_oInventory_Draw_0_Action_0 -> gml::ChangeKeyControl, GMLMap::Get","Pan up",""
"exe:72dab4","check","1","Workings_oInventory_Draw_0_Action_0 -> gml::ChangeKeyControl, GMLMap::Get","Pan down",""
"exe:72dac8","text","1","Workings_oInventory_Draw_0_Action_0 -> gml::MenuOptionChosen, gml::PGMLVar::cast","Reset to defaults","Сбросить настройки"
"exe:72db08","check","6","Workings_oInventory_Draw_0_Action_0 -> GMLMap::Get, gml::operator== | Workings_oInventory_Draw_0_Action_0 -> gml::MenuOptionChosen, gml::PGMLVar::cast | Workings_oInventory_Draw_0_Action_0 -> GMLMap::Get, gml::PGMLVar::operator=","Level editor",""
"exe:72db24","text","1","Workings_oInventory_Draw_0_Action_0 -> gml::MenuOptionChosen, gml::PGMLVar::cast","Create custom mission","Создать свою миссию"
"exe:72db64","text","1","Workings_oInventory_Draw_0_Action_0 -> gml::MenuOptionChosen, gml::PGMLVar::cast","Browse Steam Workshop","Мастерская Steam"
"exe:72dbac","check","2","Workings_oInventory_Draw_0_Action_0 -> GMLMap::Get, gml::operator== | Workings_oInventory_Draw_0_Action_0 -> GMLMap::Get, gml::PGMLVar::operator=","New game",""
"exe:72dbc0","text","1","Workings_oInventory_Draw_0_Action_0 -> gml::MenuOptionChosen, gml::PGMLVar::cast","Confirm#This'll wipe all your saves","Подтвердить#Все сохранения будут удалены"
"exe:72dc14","tech","1","Workings_oInventory_Draw_0_Action_0 -> GMLMap::Get, gml::operator+","Settings/SkipResolution.txt",""
"exe:72dc68","word","1","Workings_oInventory_Draw_0_Action_0 -> gml::MenuOptionChosen, gml::PGMLVar::cast","Resume","Продолжить"
"exe:72dcac","word","1","Workings_oInventory_Draw_0_Action_0 -> GMLObjectInstance::Get, gml::PGMLVar::operator=","Saved","Сохранено"
"exe:72dcb8","text","1","Workings_oInventory_Draw_0_Action_0 -> gml::MenuOptionChosen, gml::PGMLVar::cast","Load savegame","Загрузить сохранение"
"exe:72dd10","text","1","Workings_oInventory_Draw_0_Action_0 -> gml::MenuOptionChosen, gml::PGMLVar::cast","Change res (if things look too small) (F1)","Сменить разрешение (если всё слишком мелкое) (F1)"
"exe:72dd80","text","1","Workings_oInventory_Draw_0_Action_0 -> gml::MenuOptionChosen, gml::PGMLVar::cast","Change screen size (F1)","Размер экрана (F1)"
"exe:72ddc8","text","1","Workings_oInventory_Draw_0_Action_0 -> gml::MenuOptionChosen, gml::PGMLVar::cast","Level editor (not in demo)","Редактор уровней (нет в демо)"
"exe:72de54","text","1","Workings_oInventory_Draw_0_Action_0 -> gml::MenuOptionChosen, gml::PGMLVar::cast","Back to agency missions","Назад к миссиям агентства"
"exe:72de90","text","1","Workings_oInventory_Draw_0_Action_0 -> gml::MenuOptionChosen, gml::PGMLVar::cast","Change res (aborts mission) (F1)","Сменить разрешение (прервёт миссию) (F1)"
"exe:72df44","text","1","Workings_oInventory_Draw_0_Action_0 -> gml::MenuOptionChosen, gml::PGMLVar::cast","Skip mission","Пропустить миссию"
"exe:72df60","text","1","Workings_oInventory_Draw_0_Action_0 -> gml::MenuOptionChosen, gml::PGMLVar::cast","Abort mission","Прервать миссию"
"exe:72df7c","check","1","Workings_oInventory_Draw_0_Action_0 -> GMLMap::Get, gml::string"," left)",""
"exe:72df8c","text","1","Workings_oInventory_Draw_0_Action_0 -> gml::operator+, gml::operator+","Skip mission (","Пропустить миссию ("
"exe:72dfac","text","1","Workings_oInventory_Draw_0_Action_0 -> gml::MenuOptionChosen, gml::PGMLVar::cast","Start a new game from scratch","Начать новую игру с нуля"
"exe:72dffc","text","1","Workings_oInventory_Draw_0_Action_0 -> gml::MenuOptionChosen, gml::PGMLVar::cast","Quit (and autosave)","Выйти (с автосохранением)"
"exe:72e054","text","1","Workings_oInventory_Draw_0_Action_0 -> gml::ForceUseTip, GMLObjectInstance::Get","Click: Punch","Клик: удар"
"exe:72e070","text","1","Workings_oInventory_Draw_0_Action_0 -> gml::ForceUseTip","Click: Punch#Right-click: Shoot","Клик: удар#Правый клик: выстрел"
"exe:72e0b0","text","1","Workings_oInventory_Draw_0_Action_0 -> gml::PGMLVar::cast, PGMLVar::At","Beta version of Gunpoint: www.gunpointgame.com","Бета-версия Gunpoint: www.gunpointgame.com"
"exe:72e110","text","1","Workings_oInventory_Draw_0_Action_2","Not enough power to use the Longshot","Не хватает энергии для Longshot"
"exe:72e15c","word","1","Workings_oInventory_Draw_0_Action_2 -> gml::PGMLVar::cast, gml::operator+","Bullets: ","Патроны: "
"exe:72e170","check","1","Workings_oInventory_Draw_0_Action_2 -> GMLMap::Get","Longshot ready: rewire to or from enemy guns",""
"exe:72e1cc","text","1","Workings_oGuidanceLoadMenu_Create_0_Action_2 -> GMLObjectInstance::Get, gml::PGMLVar::operator=","Load a saved game:##","Загрузить сохранение:##"
"exe:72e1f8","text","1","Workings_oInventory_Draw_0_Action_2","Not enough power to use the Prankspasm","Не хватает энергии для Prankspasm"
"exe:72e248","check","1","Workings_oInventory_Draw_0_Action_2 -> GMLMap::Get","Prankspasm ready: connect a power socket to something to electrify it",""
"exe:72e2d4","tech","11","Workings_oGuidanceLoadMenu_Create_0_Action_2 -> PGMLVar::Get, gml::string | Workings_oGuidanceLoadMenu_Create_0_Action_2 -> PGMLVar::Get, ??Ggml@@YA?AVPGMLVar@0@ABV10@H@Z | Workings_oGuidanceLoadMenu_Step_0 -> PGMLVar::Get, gml::string",".gun",""
"exe:72e2e0","text","1","Workings_oInventory_Draw_0_Action_2","Not enough power to use the Hushcracker","Не хватает энергии для Hushcracker"
"exe:72e330","check","1","Workings_oInventory_Draw_0_Action_2 -> GMLMap::Get","Hushcracker ready: click mid-air to break glass quietly",""
"exe:72e3a0","tech","11","Workings_oGuidanceLoadMenu_Create_0_Action_2 -> GMLMap::Get, gml::operator+ | Workings_oGuidanceLoadMenu_Step_0 -> gml::operator+, gml::operator+ | Workings_oGuidanceLoadMenu_Step_0 -> GMLMap::Get, gml::operator+","Savegames\Save ",""
"exe:72e3c0","text","3","Workings_oGuidanceLoadMenu_Create_0_Action_2 -> PGMLVar::Get, gml::string | Workings_oGuidanceLoadMenu_Create_0_Action_2 -> PGMLVar::Get, ??Ggml@@YA?AVPGMLVar@0@ABV10@H@Z"," seconds ago.##"," сек. назад.##"
"exe:72e3e0","text","1","Workings_oGuidanceLoadMenu_Create_0_Action_2 -> GMLObjectInstance::Get, gml::operator+","1. Autosaved ","1. Автосохранение: "
"exe:72e450","text","1","Workings_oGuidanceLoadMenu_Create_0_Action_2 -> GMLObjectInstance::Get, gml::operator+","2. Autosaved ","2. Автосохранение: "
"exe:72e4c0","text","1","Workings_oGuidanceLoadMenu_Create_0_Action_2 -> GMLObjectInstance::Get, gml::operator+","3. Autosaved ","3. Автосохранение: "
"exe:72e518","text","1","Workings_oGuidanceLoadMenu_Create_0_Action_2 -> GMLObjectInstance::Get, gml::operator+","4. Last manual save.##","4. Последнее ручное сохранение.##"
"exe:72e574","text","1","Workings_oGuidanceLoadMenu_Create_0_Action_2 -> GMLObjectInstance::Get, gml::operator+","R. Restart this mission.##","R. Начать миссию заново.##"
"exe:72e5b4","text","1","Workings_oGuidanceLoadMenu_Create_0_Action_2 -> GMLObjectInstance::Get, gml::operator+","Esc. Back","Esc. Назад"
"exe:72e74c","word","2","Workings_oGuidanceLoadMenu_Step_0 -> gml::PGMLVar::cast, ??0?$basic_string@_WU?$char_traits@_W@std@@V?$allocator@_W@2@@std@@QAE@ABV01@@Z | <.data table>","R",""
"exe:72e7ac","text","1","Workings_oRatings_Draw_0 -> gml::PGMLVar::cast, GMLObjectInstance::Get","CONTRACT COMPLETE","КОНТРАКТ ВЫПОЛНЕН"
"exe:72e7d0","check","8","Workings_oRatings_Draw_0 -> GMLObjectInstance::Get, gml::operator== | ActTwo2_Create -> gml::SetClientPreference | ActTwo3_Create -> gml::SetClientPreference, PGMLVar::Get","Violence",""
"exe:72e7e4","word","1","Workings_oRatings_Draw_0 -> gml::PGMLVar::cast, GMLObjectInstance::Get","VIOLENCE","НАСИЛИЕ"
"exe:72e7f8","text","1","Workings_oRatings_Draw_0 -> GMLObjectInstance::Get, GMLObjectInstance::Get","Kills count for a lot. Gunshots, long falls, and 10+ punches kill. Knockouts and electric shocks don't.","Убийства сильно влияют на оценку. Убивают выстрелы, падения с большой высоты и 10+ ударов. Нокауты и удары током — нет."
"exe:72e8c8","word","1","Workings_oRatings_Draw_0 -> GMLObjectInstance::Get, gml::RatingBadge","PSYCHOPATH","ПСИХОПАТ"
"exe:72e8e0","word","1","Workings_oRatings_Draw_0 -> GMLObjectInstance::Get, gml::RatingBadge","BRUTAL","ЖЕСТОКИЙ"
"exe:72e8f0","word","1","Workings_oRatings_Draw_0 -> GMLObjectInstance::Get, gml::RatingBadge","NON-LETHAL","БЕЗ ЖЕРТВ"
"exe:72e908","word","1","Workings_oRatings_Draw_0 -> GMLObjectInstance::Get, gml::RatingBadge","GENTLEMAN","ДЖЕНТЛЬМЕН"
"exe:72e91c","tech","1","Workings_oRatings_Draw_0 -> gml::Achieve, GMLObjectInstance::Get","Gentleman",""
"exe:72e930","check","4","Workings_oRatings_Draw_0 -> GMLObjectInstance::Get, gml::operator== | ActCorp1_Create -> gml::SetClientPreference | ActCorp3_Create -> gml::SetClientPreference, PGMLVar::Get","Witnesses",""
"exe:72e944","word","1","Workings_oRatings_Draw_0 -> gml::PGMLVar::cast, GMLObjectInstance::Get","WITNESSES","СВИДЕТЕЛИ"
"exe:72e958","text","1","Workings_oRatings_Draw_0 -> GMLObjectInstance::Get, GMLObjectInstance::Get","Anyone who might have seen you, including anyone you pounced on but didn't kill.","Все, кто мог вас видеть, включая тех, на кого вы набросились, но не убили."
"exe:72e9fc","word","1","Workings_oRatings_Draw_0 -> GMLObjectInstance::Get, gml::RatingBadge","GHOST","ПРИЗРАК"
"exe:72ea08","tech","1","Workings_oRatings_Draw_0 -> gml::Achieve, GMLObjectInstance::Get","Ghost",""
"exe:72ea14","check","2","Workings_oRatings_Draw_0 -> GMLObjectInstance::Get, gml::operator==","Noise",""
"exe:72ea20","text","1","Workings_oRatings_Draw_0 -> GMLObjectInstance::Get, GMLObjectInstance::Get","Noises neighbours could have heard: smashing glass and gunshots.","Звуки, которые могли услышать соседи: звон разбитого стекла и выстрелы."
"exe:72eaa4","word","1","Workings_oRatings_Draw_0 -> gml::PGMLVar::cast, GMLObjectInstance::Get","NOISE","ШУМ"
"exe:72eab0","word","1","Workings_oRatings_Draw_0 -> GMLObjectInstance::Get, gml::RatingBadge","NINJA","НИНДЗЯ"
"exe:72eabc","tech","1","Workings_oRatings_Draw_0 -> gml::Achieve, GMLObjectInstance::Get","PerfectGentleman",""
"exe:72eae0","check","3","Workings_oRatings_Draw_0 -> GMLObjectInstance::Get, gml::operator== | gml::ListPreviousMissions -> GMLObjectInstance::Get, GMLObjectInstance::Get","Time",""
"exe:72eaec","word","1","Workings_oRatings_Draw_0 -> gml::PGMLVar::cast, GMLObjectInstance::Get","TIME","ВРЕМЯ"
"exe:72eaf8","text","1","Workings_oRatings_Draw_0 -> GMLObjectInstance::Get, GMLObjectInstance::Get","An empty bar is the fastest time thought possible. A full bar is double that.","Пустая шкала — самое быстрое время из мыслимых. Полная — вдвое дольше."
"exe:72eb98","word","1","Workings_oRatings_Draw_0 -> gml::operator+, gml::operator+","m",""
"exe:72eb9c","word","1","Workings_oRatings_Draw_0 -> GMLObjectInstance::Get, gml::RatingBadge","SWIFT","ШУСТРЫЙ"
"exe:72eba8","word","1","Workings_oRatings_Draw_0 -> GMLObjectInstance::Get, gml::RatingBadge","THOUGHTFUL","ВДУМЧИВЫЙ"
"exe:72ebc0","word","1","Workings_oRatings_Draw_0 -> GMLObjectInstance::Get, gml::RatingBadge","LIGHTNING","МОЛНИЯ"
"exe:72ebd4","tech","1","Workings_oRatings_Draw_0 -> gml::Achieve, GMLObjectInstance::Get","Faster",""
"exe:72ebe4","check","7","Workings_oRatings_Draw_0 -> GMLObjectInstance::Get, gml::operator== | ActTwo1_Create -> gml::SetClientPreference | ActCorp2_Create -> gml::SetClientPreference, PGMLVar::Get","Laptops",""
"exe:72ec08","text","1","Workings_oRatings_Draw_0 -> GMLObjectInstance::Get, GMLObjectInstance::Get","There's no reward for hacking laptops, except knowing you hacked every hackable thing.","За взлом ноутбуков награды нет — только знание, что вы взломали всё, что можно было взломать."
"exe:72ecb8","word","1","Workings_oRatings_Draw_0 -> gml::PGMLVar::cast, GMLObjectInstance::Get","LAPTOPS","НОУТБУКИ"
"exe:72ecd0","text","1","Workings_oRatings_Draw_0 -> GMLObjectInstance::Get, GMLObjectInstance::Get","The client rates you on how well you fulfilled optional objectives, if there were any.","Клиент оценивает, насколько хорошо вы выполнили дополнительные задачи, если они были."
"exe:72edbc","text","1","Workings_oRatings_Draw_0 -> gml::PGMLVar::cast, GMLObjectInstance::Get","CLIENT RATING","ОЦЕНКА КЛИЕНТА"
"exe:72edd8","check","2","Workings_oRatings_Draw_0 -> GMLObjectInstance::Get, gml::RatingBadge | gml::PreviousMissionBlock -> GMLObjectInstance::Get, gml::operator==","A+",""
"exe:72ede0","word","5","Workings_oRatings_Draw_0 -> GMLObjectInstance::Get, gml::RatingBadge | gml::SwitchControls -> gml::PGMLVar::cast, ??0?$basic_string@_WU?$char_traits@_W@std@@V?$allocator@_W@2@@std@@QAE@ABV01@@Z | gml::DefaultControls -> gml::PGMLVar::cast, ??0?$basic_string@_WU?$char_traits@_W@std@@V?$allocator@_W@2@@std@@QAE@ABV01@@Z","A",""
"exe:72ede4","word","2","Workings_oRatings_Draw_0 -> GMLObjectInstance::Get, gml::RatingBadge | <.data table>","B",""
"exe:72ede8","word","3","Workings_oRatings_Draw_0 -> GMLObjectInstance::Get, gml::RatingBadge | <.data table> | lua_setlocal -> luaO_chunkid","C",""
"exe:72edf0","text","1","Workings_oRatings_Draw_0 -> GMLObjectInstance::Get, GMLObjectInstance::Get","Your pay isn't affected by your ratings.","Оценки не влияют на вашу оплату."
"exe:72ee44","text","1","Workings_oRatings_Draw_0 -> gml::operator+, gml::PGMLVar::cast","PAY: $","ОПЛАТА: $"
"exe:72ee54","text","1","Workings_oRatings_Draw_0 -> gml::PGMLVar::cast, GMLObjectInstance::Get","+1 UPGRADE POINT","+1 ОЧКО УЛУЧШЕНИЯ"
"exe:72ee78","text","1","Workings_oRatings_Draw_0 -> GMLObjectInstance::Get, GMLObjectInstance::Get","The agency gives you one equipment upgrade for each mission you complete.","За каждую выполненную миссию агентство даёт вам одно улучшение снаряжения."
"exe:72ef0c","word","1","Workings_oRatings_Draw_0 -> GMLObjectInstance::Get, gml::operator+","Continue","Продолжить"
"exe:72ef30","text","1","Workings_oResolutionOld_Create_0 -> GMLObjectInstance::Get, gml::PGMLVar::operator=","Press a number key to choose the native resolution of this monitor. (If something goes wrong, delete resolution.txt in the Gunpoint folder and try again)##1. 1024x600#2. 1280x720#3. 1280x800#4. 1280x1024#5. 1360x768#6. 1680x1050#7. 1600x1200#8. 1900x1080#9. 1920x1200","Нажмите цифру, чтобы выбрать родное разрешение этого монитора. (Если что-то пойдёт не так, удалите resolution.txt в папке Gunpoint и попробуйте снова)##1. 1024x600#2. 1280x720#3. 1280x800#4. 1280x1024#5. 1360x768#6. 1680x1050#7. 1600x1200#8. 1900x1080#9. 1920x1200"
"exe:72f170","text","1","Workings_oResChangeOld_Create_0_Action_0 -> GMLObjectInstance::Get, gml::PGMLVar::operator=","Press a number key to choose a display mode. You can bring this menu back with Backspace if it doesn't look right.##1. 1024x600#2. 1280x720 #3. 1280x800#4. 1280x1024#5. 1360x768#6. 1680x1050#7. 1600x1200#8. 1900x1080 (things are small on-screen)#9. 1920x1200 (things are small on-screen)","Нажмите цифру, чтобы выбрать режим экрана. Если выглядит неправильно, это меню можно снова вызвать клавишей Backspace.##1. 1024x600#2. 1280x720 #3. 1280x800#4. 1280x1024#5. 1360x768#6. 1680x1050#7. 1600x1200#8. 1900x1080 (всё будет мелким)#9. 1920x1200 (всё будет мелким)"
"exe:72f460","text","1","Windows_oWindow_Create_0_Action_2 -> gml::CreateDescriber","A breakable window. Takes a strong jump to smash it.","Хрупкое окно. Чтобы разбить его, нужен мощный прыжок."
"exe:72f4f0","text","2","Windows_oWindow_Step_0 -> gml::Description, GMLObjectInstance::Get | Windows_oWindowLeft_Step_0 -> gml::Description","You can break through windows with a fully charged jump.","Окна можно пробивать полностью заряженным прыжком."
"exe:72f564","text","1","Junk_oShopHandScanner_Create_0 -> GMLObjectInstance::Get, gml::PGMLVar::operator=","Hand Scanner Bypass","Обход сканера ладони"
"exe:72f58c","text","3","Junk_oShopHandScanner_Create_0 -> GMLObjectInstance::Get, gml::PGMLVar::operator= | Junk_oShopJumpStrength_Create_0 -> GMLObjectInstance::Get, gml::PGMLVar::operator= | Junk_oShopJumpDelay_Create_0 -> GMLObjectInstance::Get, gml::PGMLVar::operator=","Remote Rewiring Tool","Устройство удалённого перемонтирования"
"exe:72f62c","word","1","Junk_oShopBullfrog_Create_0 -> GMLObjectInstance::Get, gml::PGMLVar::operator=","BULLFROG",""
"exe:72f640","text","2","Windows_oGlassCeiling_Create_0_Action_1 -> gml::CreateDescriber | Windows_oGlassCeilingSmooth_Create_0 -> gml::CreateDescriber","A glass ceiling. Shattered by strong impact or progressive thinking.","Стеклянный потолок. Разбивается сильным ударом или прогрессивным мышлением."
"exe:72f6cc","text","1","Junk_oShopBullfrog_Create_0 -> GMLObjectInstance::Get, gml::PGMLVar::operator=","Projectile Trousers","Штаны-катапульта"
"exe:72f6f4","text","1","Junk_oShopJumpStrength_Create_0 -> GMLObjectInstance::Get, gml::PGMLVar::operator=","Hypertrousers Jump Boost","Гиперштаны: усиление прыжка"
"exe:72f728","text","1","Windows_oGlassCeiling_Step_0_Action_0 -> gml::Description","You can break through glass with enough force.","Стекло можно пробить, если хватит силы."
"exe:72f840","text","1","Junk_oShopBullfrog_Step_0_Action_0 -> gml::Description","Propel yourself with dramatic, ill-advised force.","Запускайте себя с эффектной и безрассудной силой."
"exe:72f8a4","word","1","Junk_oShopSlapstick_Create_0 -> GMLObjectInstance::Get, gml::PGMLVar::operator=","SLAPSTICK",""
"exe:72f8b8","text","1","Junk_oUpgradeColdCall_Create_0 -> GMLObjectInstance::Get, gml::PGMLVar::operator=","COLD CALL#Upgrade to find 50% more Cold Call batteries.","COLD CALL#Улучшение: находите на 50% больше батарей для Cold Call."
"exe:72f928","text","1","Junk_oShopSlapstick_Create_0 -> GMLObjectInstance::Get, gml::PGMLVar::operator=","Adhesive Climbing Gloves","Липкие перчатки для лазания"
"exe:72f95c","text","1","Junk_oShopSlapstick_Step_0_Action_1 -> gml::Description","Climb on any wall or ceiling.","Лазайте по любым стенам и потолкам."
"exe:72f998","text","1","Junk_oUpgradeTransfuser_Create_0 -> GMLObjectInstance::Get, gml::PGMLVar::operator=","TRANSFUSER#Upgrade to find 50% more Transfuser batteries.","TRANSFUSER#Улучшение: находите на 50% больше батарей для Transfuser."
"exe:72fa38","text","1","Junk_oShopJumpDelay_Create_0 -> GMLObjectInstance::Get, gml::PGMLVar::operator=","Hypertrousers Charge Time Reduction","Гиперштаны: ускорение зарядки"
"exe:72fa80","text","1","Junk_oShopColdCall_Create_0 -> GMLObjectInstance::Get, gml::PGMLVar::operator=","COLD CALL",""
"exe:72fa94","text","1","Junk_oShopColdCall_Create_0 -> GMLObjectInstance::Get, gml::PGMLVar::operator=","Remote Activator","Дистанционный активатор"
"exe:72fab8","text","1","Junk_oShopColdCall_Step_0_Action_1 -> gml::Description","Right click an object to trigger it remotely. Limited uses.","Щёлкните по объекту правой кнопкой, чтобы активировать его дистанционно. Число использований ограничено."
"exe:72fb30","word","1","Junk_oShopDropshot_old_Create_0 -> GMLObjectInstance::Get, gml::PGMLVar::operator=","DROPJOCKEY",""
"exe:72fb48","text","1","Junk_oShopDropshot_old_Create_0 -> GMLObjectInstance::Get, gml::PGMLVar::operator=","Slow-Falling Trenchcoat","Плащ медленного падения"
"exe:72fb78","text","1","Junk_oShopDropshot_old_Step_0_Action_1 -> gml::Description","Fall safely from any height.","Безопасно падайте с любой высоты."
"exe:72fbc8","tech","1","oSoundZone_Alarm_0 -> GMLObjectInstance::Get, gml::PGMLVar::operator=","Alarm triggered, ",""
"exe:72fbec","tech","1","oSoundZone_Alarm_0 -> GMLObjectInstance::Get, gml::operator+","Image Scales normal, ",""
"exe:72fc18","tech","1","oSoundZone_Alarm_0 -> GMLObjectInstance::Get, gml::operator+","Sizer collides, ",""
"exe:72fc3c","tech","1","oSoundZone_Alarm_0 -> GMLObjectInstance::Get, gml::operator+","Calibrated, ",""
"exe:72fe08","tech","1","ZeroSettings_Create -> GMLMap::Get, gml::operator+","\Savegames",""
"exe:72fe20","tech","1","ZeroSettings_Create -> GMLMap::Get, gml::operator+","\Settings",""
"exe:72fe34","tech","1","ZeroSettings_Create -> GMLMap::Get, gml::operator+","\Levels",""
"exe:72fe44","tech","1","ZeroSettings_Create -> GMLMap::Get, gml::operator+","\Levels\Autosaves",""
"exe:72fe70","check","2","ZeroSettings_Create -> GMLMap::Get, gml::PGMLVar::operator= | gml::SwitchControls -> GMLMap::Get, gml::PGMLVar::operator=","W, A, S, D",""
"exe:72fe88","tech","1","ZeroSettings_Create -> GMLMap::Get, gml::operator+","\Settings\Music.gun",""
"exe:72feb4","tech","1","ZeroSettings_Create -> GMLMap::Get, gml::operator+","Savegames\Progress.gun",""
"exe:72fee8","tech","11","ZeroSettings_Create -> GMLMap::Get, gml::operator+ | gml::ReadInResolution -> GMLMap::Get, gml::operator+ | gml::SaveResToFile -> GMLMap::Get, gml::operator+","Settings\Resolution.txt",""
"exe:72ff18","tech","2","ZeroSettings_Create -> GMLMap::Get, gml::operator+","Settings\SkipResolution.txt",""
"exe:72ffd0","tech","1","MissionInterface_Create -> gml::SaveGameAs","Savegames\RestartGame.gun",""
"exe:730018","text","1","TryLongshot_Create -> gml::SetLaptopText","From: Kelly Ackland#To: Julian Mayfield##Subject: Sunday##Obviously everyone here feels terrible about what happened on Sunday. I'm told Handley was a good officer and it was a bad, weird way to go.##As you know our work here is highly experimental, and it looks like one of our active projects is capable of interfering with the internal electronics of Rooke and Intex firearms. We can't discuss details of course, but it does appear to have been an accident, and I believe the surviving officer is blameless.##That said, your suggestion that we might be using your officers as guinea pigs for untested field tech is way off.##Kelly Ackland","От: Келли Экланд#Кому: Джулиан Мэйфилд##Тема: Воскресенье##Разумеется, все мы здесь очень тяжело переживаем случившееся в воскресенье. Мне сказали, что Хэндли был хорошим офицером, а смерть его была скверной и странной.##Как вы знаете, наша работа носит сугубо экспериментальный характер, и, похоже, один из наших текущих проектов способен влиять на внутреннюю электронику огнестрельного оружия Rooke и Intex. Подробности мы, конечно, обсуждать не можем, но, судя по всему, это был несчастный случай, и я считаю, что выживший офицер ни в чём не виноват.##Тем не менее ваше предположение, будто мы используем ваших офицеров как подопытных кроликов для испытания непроверенной полевой техники, абсолютно беспочвенно.##Келли Экланд"
"exe:73051c","tech","1","Intro_Create -> PGMLVar::Get, gml::PGMLVar::operator=","RyanIntro",""
"exe:730530","text","1","TryResolver_Create -> gml::SetLaptopText","From: Julian Mayfield#To: Kelly Ackland##Subject: Flawed arrangements##While I realise it's my officers' responsibility to keep your facilities secure, but it's becoming increasingly hard to accept that you've given us all the information we need to protect your company.##Are you genuinely, honestly baffled as to why three different agents have arrived at your Riley Street facility through your private subway stations, and proceeded to hold each of my officers at gunpoint until they escape?##And if so, why do you keep insisting they guard those specific positions, when there's clearly a serious flaw in that setup?##-Mayfield","От: Джулиан Мэйфилд#Кому: Келли Экланд##Тема: Изъяны в организации##Я понимаю, что обеспечивать безопасность ваших объектов — обязанность моих офицеров, но мне всё труднее верить, что вы предоставили нам всю информацию, необходимую для защиты вашей компании.##Вы действительно, положа руку на сердце, не понимаете, почему уже три разных агента проникли на ваш объект на Райли-стрит через ваши частные станции метро, а затем по очереди держали каждого из моих офицеров на мушке, пока не уходили?##И если так, почему вы продолжаете настаивать, чтобы они охраняли именно эти позиции, когда в такой расстановке явно есть серьёзный изъян?##-Мэйфилд"
"exe:730a24","tech","1","Intro_Create -> PGMLVar::Get, gml::PGMLVar::operator=","GeneralJohn",""
"exe:730a3c","word","16","IntroDebrief_Create | ActOne1Brief_Create | ActOne1Debrief_Create","Rooke","Рук"
"exe:730a48","text","1","TryHushcracker_Create -> gml::SetLaptopText","From: Julian Mayfield, East Point PD#To: Kelly Ackland, TX Fabrications##Subject: Strange requests##Kelly: obviously we're more than happy to provide security for TX Fabrications, but I'm not entirely comfortable with some of your special requests.##You're welcome to make recommendations about where to assign officers with riot gear, and even specify locations you think an intruder might target.##But telling my officers which direction to face is micromanaging to a suspicious degree. Particularly when you're specifying that they should look AWAY from a fragile window and potential entry point.##What exactly is it you don't want them to see?##-Mayfield","От: Джулиан Мэйфилд, полиция Ист-Пойнта#Кому: Келли Экланд, TX Fabrications##Тема: Странные просьбы##Келли, мы, разумеется, более чем рады обеспечивать охрану TX Fabrications, но некоторые ваши особые просьбы меня несколько смущают.##Вы вправе советовать, куда ставить офицеров в спецснаряжении, и даже указывать места, которые, по-вашему, может выбрать злоумышленник.##Но указывать моим офицерам, в какую сторону смотреть, — это уже подозрительно мелочный контроль. Особенно когда вы требуете, чтобы они смотрели В СТОРОНУ от хрупкого окна — возможной точки проникновения.##Что именно вы не хотите, чтобы они увидели?##-Мэйфилд"
"exe:730f70","text","1","TryPrankspasm_Create -> gml::SetLaptopText","From: Antonia Szpunar#To: Kelly Ackland##Subject: Prankspasm. Prankspasm?##OK, I think we're ready for production on the Prankspasm. We managed to get around the grid's safety protocols by remotely ramping down the voltage at the time of connection, then cranking it back up when the mains socket is activated.##My only question is: why would anyone actually want this? As far as I can see it could only ever be used to cause nasty accidents by passing a dangerous voltage through objects that are normally safe. What kind of client needs that?##And did they pick the name?##Toni","От: Антония Шпунар#Кому: Келли Экланд##Тема: Prankspasm. Prankspasm?##Так, похоже, Prankspasm готов к производству. Нам удалось обойти защитные протоколы электросети: в момент подключения мы дистанционно снижаем напряжение, а когда розетка активируется, снова выкручиваем его на полную.##У меня только один вопрос: кому это вообще может понадобиться? Насколько я вижу, его можно использовать только для того, чтобы устраивать жуткие несчастные случаи, пуская опасное напряжение через предметы, которые обычно безопасны. Какому клиенту такое нужно?##И название тоже они придумали?##Тони"
"exe:7313f8","text","13","IntroDebrief_Create | ActOne1Brief_Create | ActOne1Debrief_Create","Melanie Rooke#CEO, Rooke Firearms","Мелани Рук#Гендиректор Rooke Firearms"
"exe:73143c","tech","1","IntroDebrief_Create -> gml::ConversationSetup, gml::PGMLVar::cast","IntroDebrief.gpc",""
"exe:731460","text","1","IntroDebrief_Create -> gml::SetCaseNotes","A prospective client, Selena Delgado, was shot and killed in her office.##Cameras caught me on my way up to see her, making me the prime suspect.","Потенциальную клиентку, Селену Дельгадо, застрелили в её офисе.##Камеры засняли, как я поднимался к ней, и теперь я главный подозреваемый."
"exe:7315d4","tech","1","ActOne1Brief_Create -> gml::ConversationSetup","ActOne1Brief.gpc",""
"exe:7315f8","text","5","ActOne1Brief_Create -> gml::SetCaseNotes | ActOne1Debrief_Create -> gml::SetCaseNotes | ActOne2Brief_Create -> gml::SetCaseNotes","A prospective client, Selena Delgado, was shot and killed in her office.##Cameras caught me on my way up to see her, making me the prime suspect.##Selena's boss, Melanie Rooke, knows I'm innocent and wants the real killer caught.##She's helping me wipe the offsite backups of the incriminating footage.","Потенциальную клиентку, Селену Дельгадо, застрелили в её офисе.##Камеры засняли, как я поднимался к ней, и теперь я главный подозреваемый.##Начальница Селены, Мелани Рук, знает, что я невиновен, и хочет, чтобы настоящего убийцу поймали.##Она помогает мне стереть внешние резервные копии компрометирующей записи."
"exe:731858","tech","1","ActOne1_Create -> PGMLVar::Get, gml::PGMLVar::operator=","ActOne1Tom",""
"exe:731870","tech","1","ActOne1_Create -> PGMLVar::Get, gml::PGMLVar::operator=","ActOne1John",""
"exe:731888","tech","1","ActOne1_Create -> PGMLVar::Get, gml::PGMLVar::operator=","ActOne1John2",""
"exe:7318b0","text","1","ActOne1_Create -> gml::SetLaptopText","From: Julian Mayfield, Chief of Police#To: East Point Police Department (all)##Subject: Private security##I've heard grumbling lately from some officers about your private security assignments. Since we merged with city's largest security firm, the East Point Police Department now serves both roles.##You might not like working for a corporation, but your job is the same: protect and serve. With the endless budget cuts we've been through, the new funding from this merger is the only reason you have even halfway adequate equipment.##Basically: tough.##-Mayfield","От: Джулиан Мэйфилд, начальник полиции#Кому: Управление полиции Ист-Пойнта (всем)##Тема: Частная охрана##В последнее время до меня доходит ворчание некоторых офицеров по поводу назначений в частную охрану. С тех пор как мы объединились с крупнейшей охранной фирмой города, Управление полиции Ист-Пойнта выполняет обе роли.##Может, вам и не нравится работать на корпорацию, но ваша работа осталась прежней: защищать и служить. После бесконечных сокращений бюджета только новое финансирование от этого слияния позволяет вам иметь хоть сколько-нибудь сносное снаряжение.##Короче говоря: смиритесь.##-Мэйфилд"
"exe:731d6c","tech","1","ActOne1Debrief_Create -> gml::ConversationSetup","ActOne1Debrief.gpc",""
"exe:731d94","tech","1","ActOne2Brief_Create -> gml::ConversationSetup","ActOne2Brief.gpc",""
"exe:7322c8","tech","1","ActOne2_Create -> PGMLVar::Get, gml::PGMLVar::operator=","ActOne2Tom",""
"exe:7322e0","tech","1","ActOne2_Create -> PGMLVar::Get, gml::PGMLVar::operator=","ActOne2John",""
"exe:7322f8","text","1","ActOne2_Create -> gml::SetLaptopText","From: Julian Mayfield, Chief of Police#To: East Point Police Department (all)##Subject: Swapping weapons##Getting sick of saying this so I'll keep it brief: all police-issue firearms are palm-print coded to their owner. If you take or borrow someone else's gun, IT WILL NOT FIRE.##We're seeing far too many snafus like Friday: perps getting away because an officer's using a borrowed weapon or one stolen from evidence.##If you lose your side arm, which seems to happen more than I can fully comprehend, just report it. I'm waiving the fee for replacement. You need a gun that works.##-Mayfield","От: Джулиан Мэйфилд, начальник полиции#Кому: Полицейское управление Ист-Пойнта (всем)##Тема: Чужое оружие##Надоело повторять, так что буду краток: всё табельное оружие полиции закодировано на отпечаток ладони владельца. Если вы возьмёте или одолжите чужой пистолет, ОН НЕ ВЫСТРЕЛИТ.##У нас слишком много косяков вроде пятничного: преступники уходят, потому что офицер пользуется одолженным оружием или украденным из хранилища вещдоков.##Если потеряли табельное оружие — а это, похоже, случается чаще, чем я в состоянии понять, — просто сообщите. Плату за замену я отменяю. Вам нужен пистолет, который стреляет.##— Мэйфилд"
"exe:7327e4","tech","1","ActOne3Brief_Create -> gml::ConversationSetup","ActOne3Brief.gpc",""
"exe:732a68","tech","1","ActOne3_Create -> PGMLVar::Get, gml::PGMLVar::operator=","ActOne3Tom",""
"exe:732a80","tech","1","ActOne3_Create -> PGMLVar::Get, gml::PGMLVar::operator=","ActOne3John",""
"exe:732a98","text","1","ActOne3_Create -> gml::SetLaptopText","From: Julian Mayfield, Chief of Police#To: East Point Police Department (all)##Subject: ##We're getting more and more reports of the electronics in these post-millennial buildings behaving strangely. Lights going out, but also more serious stuff, like electronically locked doors suddenly swinging open.##If you see anything like that, put it in your report. And play it safe, those doors open way too fast.##-Mayfield","От: Джулиан Мэйфилд, начальник полиции#Кому: Полицейское управление Ист-Пойнта (всем)##Тема: ##Поступает всё больше сообщений о том, что электроника в этих постмиллениальных зданиях ведёт себя странно. Гаснет свет, но бывает и посерьёзнее — например, двери с электронными замками внезапно распахиваются.##Если увидите что-то подобное, укажите в рапорте. И будьте осторожны: эти двери открываются слишком быстро.##— Мэйфилд"
"exe:732de0","tech","1","ActOne4_Create -> PGMLVar::Get, gml::PGMLVar::operator=","ActOne4Tom",""
"exe:732e48","tech","1","ActOne5Brief_Create -> gml::ConversationSetup","ActOne5Brief.gpc",""
"exe:732e6c","tech","1","ActOne5_Create -> PGMLVar::Get, gml::PGMLVar::operator=","ActOne5John",""
"exe:732e84","tech","1","ActOne5_Create -> PGMLVar::Get, gml::PGMLVar::operator=","RyanSecurity",""
"exe:733100","tech","1","ActOne5_Create -> PGMLVar::Get, gml::PGMLVar::operator=","ActOne5Tom",""
"exe:733118","text","1","ActOne5_Create -> gml::SetLaptopText","From: Julian Mayfield, Chief of Police#To: East Point Police Department (all)##Subject: Cameras don't hate black people##We need to put to rest this idiotic rumour about our security software detecting dark-skinned people as intruders. They don't.##What they do is analyse the subject's face, stature and movement characteristics and match them against our database of known security personnel.##That means if anyone who isn't police or private security walks in front of a camera, REGARDLESS OF SKIN COLOUR, it will trigger. If it's connected to an alarm, that'll set it off. If not, it just adds a note to the footage for security to review later.##Whether they're connected to anything or not, all our cameras also store their feeds. So if you - for example - pull an African-American transient in off the street, into a secure facility, and shove him in front of a security camera in a misguided attempt to prove that a piece of software is racist, we have footage of you doing that.##-Mayfield","От: Джулиан Мэйфилд, начальник полиции#Кому: Полицейское управление Ист-Пойнта (всем)##Тема: Камеры не ненавидят чернокожих##Пора покончить с идиотским слухом, будто наше охранное ПО принимает темнокожих людей за нарушителей. Это не так.##На самом деле оно анализирует лицо, телосложение и манеру движения человека и сверяет их с нашей базой известных сотрудников охраны.##Это значит, что если перед камерой пройдёт кто угодно, кроме полиции или частной охраны, НЕЗАВИСИМО ОТ ЦВЕТА КОЖИ, она сработает. Если камера подключена к сигнализации — включится тревога. Если нет — она просто добавит пометку к записи, чтобы охрана потом её просмотрела.##Подключены они к чему-то или нет, все наши камеры ещё и сохраняют записи. Так что если вы — к примеру — затащите с улицы афроамериканского бродягу на охраняемый объект и сунете его под камеру в дурацкой попытке доказать, что программа — расистка, у нас будет запись того, как вы это делаете.##— Мэйфилд"
"exe:733938","tech","1","ActOne5Debrief_Create -> gml::ConversationSetup","ActOne5Debrief.gpc",""
"exe:733960","text","1","ActOne5Debrief_Create -> gml::SetCaseNotes","A prospective client, Selena Delgado, was shot and killed in her office.##Cameras caught me on my way up to see her, making me the prime suspect.##Selena's boss, Melanie Rooke, knows I'm innocent and wants the real killer caught.##She helped me me wipe the offsite backups of the incriminating footage - I'm in the clear.","Потенциальную клиентку, Селену Дельгадо, застрелили в её кабинете.##Камеры засняли меня, когда я поднимался к ней, так что я — главный подозреваемый.##Начальница Селены, Мелани Рук, знает, что я невиновен, и хочет, чтобы настоящего убийцу поймали.##Она помогла мне стереть резервные копии компрометирующей записи — я чист."
"exe:733be4","tech","1","ActTwo1Brief_Create -> gml::ConversationSetup","ActTwo1BriefDemo.gpc",""
"exe:733c10","text","2","ActTwo1Brief_Create","Katie Collins#Analyst, Rooke Firearms##Optional Objective:#Check any laptops","Кэти Коллинз#Аналитик, Rooke Firearms##Дополнительная цель:#Проверить ноутбуки"
"exe:733cac","word","7","ActTwo1Brief_Create | ActTwo1Debrief_Create | ActTwo2Brief_Create","Collins","Коллинз"
"exe:733cbc","tech","1","ActTwo1Brief_Create -> gml::ConversationSetup","ActTwo1Brief.gpc",""
"exe:733d8c","tech","1","ActTwo2Brief_Create -> gml::ConversationSetup","ActTwo2Brief.gpc",""
"exe:733db0","text","1","ActTwo1Brief_Create -> gml::SetCaseNotes","I was caught on camera at the scene of Selena Delgado's murder.##Selena's boss, Melanie Rooke, knows I'm innocent and helped me erase all copies of the footage.","Камеры засняли меня на месте убийства Селены Дельгадо.##Начальница Селены, Мелани Рук, знает, что я невиновен, и помогла мне стереть все копии записи."
"exe:733f04","tech","1","ActTwo1_Create -> PGMLVar::Get, gml::PGMLVar::operator=","ActTwo1Tom",""
"exe:733f1c","tech","1","ActTwo1_Create -> PGMLVar::Get, gml::PGMLVar::operator=","ActTwo1John",""
"exe:733f48","text","1","ActTwo1_Create -> gml::SetLaptopText","From: Katie Collins#To: Melanie Rooke##Subject: What are Intex thinking?##Hey Melanie! Just a quick question. Sorry if I'm being stupid.##You asked me to watch Intex's purchase strategy, and I have. I'm confused. They're buying the same set of materials we were last week, in crazy amounts, and I still don't see how they could ever be used in any legal firearm. I know you can't talk about our own plans, but can you shed any light on theirs?##They're getting them slightly cheaper than us, by the way. I know you like to deal with Jackson's company whenever you can, but in this case we paid a high price for it. The only advantage I can see is that the contract says we could return it all for price paid, but presumably we need all this stuff to go into full scale production of Project Lucena? Whatever that is?##If you want me to shut up and stop asking stupid questions, just say the word.##Katie","От: Кэти Коллинз#Кому: Мелани Рук##Тема: Что задумали Intex?##Привет, Мелани! Просто короткий вопрос. Извини, если туплю.##Ты просила меня следить за закупками Intex, я слежу. И ничего не понимаю. Они скупают тот же набор материалов, что и мы на прошлой неделе, в безумных количествах, и я всё ещё не понимаю, как это вообще можно использовать в каком-либо легальном оружии. Знаю, что про наши планы ты говорить не можешь, но, может, прояснишь хоть что-то про их?##Кстати, им всё это обходится чуть дешевле, чем нам. Знаю, ты любишь работать с компанией Джексона, когда есть возможность, но в этот раз мы здорово переплатили. Единственный плюс, который я вижу, — по контракту мы можем вернуть всё по цене покупки, но ведь, наверное, всё это нужно нам для запуска полного производства по Проекту Lucena? Что бы это ни было?##Если хочешь, чтобы я заткнулась и перестала задавать глупые вопросы, просто скажи.##Кэти"
"exe:734658","text","3","ActTwo1Debrief_Create | ActTwo2Debrief_Create | ActTwo3Debrief_Create","Katie Collins#Analyst, Rooke Firearms","Кэти Коллинз#Аналитик, Rooke Firearms"
"exe:7346b4","tech","1","ActTwo1Debrief_Create -> gml::ConversationSetup","ActTwo1Debrief.gpc",""
"exe:7346ec","tech","1","ActTwo3Brief_Create -> gml::ConversationSetup","ActTwo3Brief.gpc",""
"exe:734710","text","1","ActTwo1Debrief_Create -> gml::SetCaseNotes","Selena Delgado's colleague, Katie Collins, has been arrested for her murder.##Me deleting all security footage from the night in question probably didn't help.##Rooke's husband Mark Jackson is claiming he saw Collins there that night.##I overhead Jackson referring to an incriminating recording a company called Intex have of him.","Коллегу Селены Дельгадо, Кэти Коллинз, арестовали за её убийство.##То, что я стёр все записи камер за ту ночь, ей, скорее всего, не помогло.##Муж Рук, Марк Джексон, утверждает, что видел Коллинз там в ту ночь.##Я подслушал, как Джексон упоминал компрометирующую его запись, которая есть у компании под названием Intex."
"exe:7349a8","text","2","ActTwo2Brief_Create | ActTwo3Brief_Create","Katie Collins#Analyst, Rooke Firearms##Optional Objective:#Minimal violence","Кэти Коллинз#Аналитик, Rooke Firearms##Дополнительная цель:#Минимум насилия"
"exe:734a40","text","1","ActTwo2Brief_Create -> gml::SetCaseNotes","Selena Delgado's colleague, Katie Collins, has been arrested for her murder.##Rooke's husband Mark Jackson is claiming he saw Collins there that night.##I overhead Jackson referring to an incriminating recording a company called Intex have of him.","Коллегу Селены Дельгадо, Кэти Коллинз, арестовали за её убийство.##Муж Рук, Марк Джексон, утверждает, что видел Коллинз там в ту ночь.##Я подслушал, как Джексон упоминал компрометирующую его запись, которая есть у компании под названием Intex."
"exe:734c30","tech","1","ActTwo2_Create -> PGMLVar::Get, gml::PGMLVar::operator=","ActTwo2John",""
"exe:734c48","tech","1","ActTwo2_Create -> PGMLVar::Get, gml::PGMLVar::operator=","RyanDig",""
"exe:734c58","text","1","ActTwo2_Create -> gml::SetLaptopText","From: Carl Jensberg#To: Fritz Gessler##Subject: Struggling##Fritz, look. Don't get me wrong. I'm excited about this job, and I'm very grateful for this position. But I'm really struggling to see how this company's strategy makes any sense at all.##We've muscled into East Point to take over a gun market the same year all hand guns are permanently banned for commercial sale. And despite that, we're spending crazy capital to beat Rooke out of the market - a market that simply doesn't exist.##I know East Point has been a hotspot in the past, and Intex have wanted to open a branch here for a long time, but that was before the ban. East Point was built on guns. Mostly by Rooke. Why don't we just back out and wait for them to die?##Regards,##Carl Jensberg","От: Карл Дженсберг#Кому: Фриц Гесслер##Тема: Сомнения##Фриц, слушай. Пойми меня правильно. Я рад этой работе и очень благодарен за эту должность. Но я в упор не понимаю, в чём вообще смысл стратегии нашей компании.##Мы влезли в Ист-Пойнт, чтобы захватить рынок оружия, в тот самый год, когда коммерческую продажу пистолетов запретили навсегда. И несмотря на это, мы тратим безумные деньги, чтобы выдавить Рук с рынка — рынка, которого просто не существует.##Знаю, что Ист-Пойнт раньше был лакомым местом и Intex давно хотели открыть здесь филиал, но это было до запрета. Ист-Пойнт построен на оружии. В основном на оружии Рук. Почему бы нам просто не отступить и не подождать, пока они загнутся?##С уважением,##Карл Дженсберг"
"exe:7352a4","tech","1","ActTwo2Debrief_Create -> gml::ConversationSetup","ActTwo2Debrief.gpc",""
"exe:7352f0","text","2","ActTwo2Debrief_Create -> gml::SetCaseNotes | ActTwo3Brief_Create -> gml::SetCaseNotes","Selena Delgado's colleague, Katie Collins, has been arrested for her murder.##Rooke's husband Mark Jackson is claiming he saw Collins there that night.##I overheard Jackson referring to an incriminating recording a company called Intex have of him.##The recording had been deleted from Intex's servers, but the logs showed someone at Rooke downloaded a copy.","Коллегу Селены Дельгадо, Кэти Коллинз, арестовали за её убийство.##Муж Рук, Марк Джексон, утверждает, что видел Коллинз там в ту ночь.##Я подслушал, как Джексон упоминал компрометирующую его запись, которая есть у компании под названием Intex.##Запись удалили с серверов Intex, но по логам видно, что кто-то из Rooke Firearms скачал копию."
"exe:735928","tech","1","ActTwo3_Create -> PGMLVar::Get, gml::PGMLVar::operator=","ActTwo3Tom",""
"exe:735940","tech","1","ActTwo3_Create -> PGMLVar::Get, gml::PGMLVar::operator=","ActTwo3John",""
"exe:735958","tech","1","ActTwo3_Create -> PGMLVar::Get, gml::PGMLVar::operator=","RyanColdHalls",""
"exe:735980","text","1","ActTwo3_Create -> gml::SetLaptopText","From: Melanie Rooke#To: Katie Collins##Subject: Re: What are Intex thinking?##Hey Katie. Not at all, you're asking all the right questions. Unfortunately I still can't tell you any more about what I have planned for Project Lucena, but I can certainly make a good guess at what Intex are up to.##I think we have a leak. And I think when they saw us buying up materials for some secret project, they spent a significant chunk of their significant capital trying to corner the market for those materials before we could go into production.##You're right, Gessler got a better price than us. But since he's not married to the director of the company he bought them from, he might find himself financially disadvantaged should he ever regret purchasing a vast quantity of what turns out to be useless junk.##Rooke.","От: Мелани Рук#Кому: Кэти Коллинз##Тема: Re: Что задумали Intex?##Привет, Кэти. Вовсе нет, ты задаёшь абсолютно правильные вопросы. К сожалению, я по-прежнему не могу рассказать больше о том, что задумала для Проекта Lucena, но вполне могу догадаться, что затевают Intex.##Думаю, у нас утечка. И думаю, когда они увидели, что мы скупаем материалы для какого-то секретного проекта, они потратили изрядную часть своего изрядного капитала, пытаясь прибрать к рукам весь рынок этих материалов раньше, чем мы запустим производство.##Ты права, Гесслер купил дешевле нас. Но поскольку он не женат на директоре компании, у которой их купил, он может оказаться в весьма невыгодном финансовом положении, если когда-нибудь пожалеет о покупке огромной партии того, что окажется бесполезным хламом.##Рук."
"exe:736034","tech","1","ActTwo3Debrief_Create -> gml::ConversationSetup","ActTwo3Debrief.gpc",""
"exe:73605c","tech","1","ActTwo4Brief_Create -> gml::ConversationSetup","ActTwo4Brief.gpc",""
"exe:736080","text","2","ActTwo3Debrief_Create -> gml::SetCaseNotes | ActTwo4Brief_Create -> gml::SetCaseNotes","Selena Delgado's colleague, Katie Collins, has been arrested for her murder.##Rooke's husband Mark Jackson is claiming he saw Collins there that night.##I overheard Jackson referring to an incriminating recording a company called Intex have of him.##The recording was scrubbed from both Intex's servers and a Rooke machine that downloaded it.","Коллегу Селены Дельгадо, Кэти Коллинз, арестовали за её убийство.##Муж Рук, Марк Джексон, утверждает, что видел Коллинз там в ту ночь.##Я подслушал, как Джексон упоминал компрометирующую его запись, которая есть у компании под названием Intex.##Запись стёрли и с серверов Intex, и с компьютера в Rooke Firearms, на который её скачали."
"exe:736330","text","1","ActTwo4Brief_Create","Melanie Rooke#CEO, Rooke Firearms##Optional Objective:#Hack any laptops","Мелани Рук#Гендиректор, Rooke Firearms##Дополнительная цель:#Взломать ноутбуки"
"exe:736684","tech","1","ActTwo4_Create -> PGMLVar::Get, gml::PGMLVar::operator=","ActTwo4John",""
"exe:7366a8","text","1","ActTwo4_Create -> gml::SetLaptopText","From: Lt. Det. David Carillo#To: Det. Sal Godall##Subject: Re: Your theory##So I'm a jury. The defendant has no alibi, lives alone, and had access to all the security footage that was mysteriously erased for the night of the crime. And a reputable local business owner will testify that she was the last person left alone with the victim.##How much do I care that she did it in a weird way?##The Delgado case is an easy close, Sal, and with your case log, you need an easy close. Just take the win.##Carillo","От: Лейт. дет. Дэвид Карилло#Кому: Дет. Сал Годалл##Тема: Re: Твоя теория##Итак, я присяжный. У обвиняемой нет алиби, живёт одна, и у неё был доступ ко всем записям камер, которые таинственным образом стёрлись за ночь преступления. А уважаемый местный бизнесмен даст показания, что она последней оставалась наедине с жертвой.##Какая мне разница, что она сделала это странным способом?##Дело Дельгадо легко закрыть, Сал, а с твоей статистикой тебе нужно лёгкое закрытие. Просто прими победу.##Карилло"
"exe:736ae4","tech","1","ActTwo4Debrief_Create -> gml::ConversationSetup","ActTwo4Debrief.gpc",""
"exe:736b20","text","2","ActTwo4Debrief_Create -> gml::SetCaseNotes | ActThreeJacksonIntro_Create -> gml::SetCaseNotes","Rooke's husband Mark Jackson is claiming Katie Collins killed Selena Delgado.##I overheard Jackson referring to an incriminating recording a company called Intex have of him.##Rooke gave me the recording - it's of Jackson threatening Selena.##I've planted it in the police's evidence database, and Rooke's going to leak it to a journalist.","Муж Рук, Марк Джексон, утверждает, что Кэти Коллинз убила Селену Дельгадо.##Я подслушал, как Джексон упоминал компрометирующую его запись, которая есть у компании под названием Intex.##Рук отдала мне запись — на ней Джексон угрожает Селене.##Я подбросил её в базу улик полиции, а Рук сольёт её журналисту."
"exe:736dc8","text","2","ActThreeJacksonIntro_Create | ActThreeJacksonDebrief_Create","Mark Jackson#CEO, Lucena Logistics","Марк Джексон#Гендиректор, Lucena Logistics"
"exe:736e10","word","2","ActThreeJacksonIntro_Create | ActThreeJacksonDebrief_Create","Jackson","Джексон"
"exe:736e20","tech","1","ActThreeJacksonIntro_Create -> gml::ConversationSetup","ActThreeJacksonIntro.gpc",""
"exe:737160","tech","1","ActThreeRookeIntro_Create -> gml::ConversationSetup","ActThreeRookeIntro.gpc",""
"exe:7371b0","text","1","ActThreeRookeIntro_Create -> gml::SetCaseNotes","Rooke's husband Mark Jackson is claiming Katie Collins killed Selena Delgado.##I overheard Jackson referring to an incriminating recording a company called Intex have of him.##Rooke gave me the recording - it's of Jackson threatening Selena.##Jackson says he was warning Selena that Intex would kill her, and Rooke edited the recording.","Муж Рук, Марк Джексон, утверждает, что Кэти Коллинз убила Селену Дельгадо.##Я подслушал, как Джексон упоминал компрометирующую его запись, которая есть у компании под названием Intex.##Рук отдала мне запись — на ней Джексон угрожает Селене.##Джексон говорит, что предупреждал Селену, что Intex её убьют, а Рук смонтировала запись."
"exe:737454","tech","1","ActThree1_Create -> PGMLVar::Get, gml::PGMLVar::operator=","ActThree1Tom",""
"exe:737470","tech","1","ActThree1_Create -> PGMLVar::Get, gml::PGMLVar::operator=","GeneralJohn2",""
"exe:7374a8","text","1","ActThree1_Create -> gml::SetLaptopText","From: Fritz Gessler#To: Melanie Rooke##Subject: Fucked##Hope you enjoyed my little gift to your reception earlier.##Guess what! I'm fucking you again. The money you put into your husband's company - you're never getting that back. I have him by the balls.##Any last words before I finish ruining your life and your company?#  #FG","От: Фриц Гесслер#Кому: Мелани Рук##Тема: Тебе пиздец##Надеюсь, тебе понравился мой маленький подарочек в твоей приёмной.##А знаешь что? Я снова тебя имею. Деньги, которые ты вложила в компанию мужа, — ты их больше никогда не увидишь. Я держу его за яйца.##Последние слова перед тем, как я окончательно уничтожу твою жизнь и твою компанию?#  #ФГ"
"exe:73773c","tech","1","ActThreeRookeDebrief_Create -> gml::ConversationSetup","ActThreeRookeDebrief.gpc",""
"exe:737770","text","1","ActThree1_Create -> gml::SetLaptopText","From: Fritz Gessler#To: Melanie Rooke##Subject: Fucked##Congratulations! You fucked me on the prototype thing.##Guess what! I'm fucking you back. The money you put into your husband's company - you're never getting that back. I have him by the balls.##Any last words before I finish ruining your life and your company?##FG","От: Фриц Гесслер#Кому: Мелани Рук##Тема: Тебе пиздец##Поздравляю! Ты поимела меня с этим прототипом.##А знаешь что? Теперь я имею тебя. Деньги, которые ты вложила в компанию мужа, — ты их больше никогда не увидишь. Я держу его за яйца.##Последние слова перед тем, как я окончательно уничтожу твою жизнь и твою компанию?##ФГ"
"exe:737a40","tech","1","ActThreeJacksonDebrief_Create -> gml::ConversationSetup","ActThreeJacksonDebrief.gpc",""
"exe:737a78","text","1","ActThreeJacksonDebrief_Create -> gml::SetCaseNotes","Rooke's husband Mark Jackson is claiming Katie Collins killed Selena Delgado.##Rooke gave me a recording of Jackson threatening Selena.##Jackson says he was warning Selena that Intex would kill her, and Rooke edited the recording.##I found the original recording and uploaded it publicly, to clear his name.","Муж Рук, Марк Джексон, утверждает, что Кэти Коллинз убила Селену Дельгадо.##Рук отдала мне запись, на которой Джексон угрожает Селене.##Джексон говорит, что предупреждал Селену, что Intex её убьют, а Рук смонтировала запись.##Я нашёл оригинал записи и выложил его в открытый доступ, чтобы обелить Джексона."
"exe:737d24","tech","1","ActThree2_Create -> PGMLVar::Get, gml::PGMLVar::operator=","ActThree2Tom",""
"exe:737d40","text","1","ActThreeRookeDebrief_Create -> gml::SetCaseNotes","Rooke's husband Mark Jackson is claiming Katie Collins killed Selena Delgado.##Rooke gave me a recording of Jackson threatening Selena.##Jackson says he was warning Selena that Intex would kill her, and Rooke edited the recording.##I found the original recording and wiped it, in exchange for Rooke giving me Selena's real killer.","Муж Рук, Марк Джексон, утверждает, что Кэти Коллинз убила Селену Дельгадо.##Рук отдала мне запись, на которой Джексон угрожает Селене.##Джексон говорит, что предупреждал Селену, что Intex её убьют, а Рук смонтировала запись.##Я нашёл оригинал записи и стёр его, а взамен Рук выдаст мне настоящего убийцу Селены."
"exe:737fd8","tech","1","ActThree2_Create -> PGMLVar::Get, gml::PGMLVar::operator=","ActThree2Tom2",""
"exe:737ff4","tech","1","ActThree2_Create -> PGMLVar::Get, gml::PGMLVar::operator=","ActThree2John2",""
"exe:738014","tech","1","ActThree2_Create -> PGMLVar::Get, gml::PGMLVar::operator=","RyanLeviathan",""
"exe:738030","tech","1","ActThree2_Create -> PGMLVar::Get, gml::PGMLVar::operator=","ActThree2John",""
"exe:73804c","tech","1","ActCorp1Brief_Create -> gml::ConversationSetup","ActCorp1Brief.gpc",""
"exe:738070","text","1","ActThree2_Create -> gml::SetLaptopText","From: Fritz Gessler#To: [Encrypted]##Subject: Collins##What the fuck happened with Collins? That wasn't us, right? I don't think she even had anything.##Don't get me wrong, I'm all for simplifying. But unless I was drunker than I remember last night, I'm pretty sure I didn't order this.##Could it actually be a legit suicide? Do those even happen? We've faked so many I think I forgot it was a real thing.##FG","От: Фриц Гесслер#Кому: [Зашифровано]##Тема: Коллинз##Какого хера случилось с Коллинз? Это ведь не мы, да? По-моему, у неё даже ничего на нас не было.##Пойми правильно, я всеми руками за упрощение. Но если только вчера я не был пьянее, чем помню, я почти уверен, что такого не заказывал.##Может, это реально самоубийство? Такое вообще бывает? Мы их столько инсценировали, что я, кажется, забыл, что это реальная штука.##ФГ"
"exe:7383a8","text","2","ActCorp1Brief_Create | ActCorp3Brief_Create","Fritz Gessler#CEO, Intex##Optional Objective:#Leave no living witnesses","Фриц Гесслер#Гендиректор, Intex##Дополнительная цель:#Не оставлять живых свидетелей"
"exe:73845c","tech","1","ActCorp1_Create -> PGMLVar::Get, gml::PGMLVar::operator=","ActCorp1John",""
"exe:738478","text","1","ActCorp1_Create -> gml::SetLaptopText","From: Kelly Ackland#To: Fritz Gessler##Subject: Quit it!##For God's sake Fritz, how many times? WE ARE NOT MAKING ANYTHING FOR ROOKE.##We would! She's great! But she hasn't asked us to.##So please stop sending people to steal it. The first guy just got knocked out by a Prankspasmed lightswitch, but the last two we had to kill.##Reminder: my company invents shit that hurts people in weird ways. We're a terrible place to rob, especially if we don't even have what you're looking for.##Kelly Ackland","От: Келли Экланд#Кому: Фриц Гесслер##Тема: Хватит!##Ради бога, Фриц, сколько можно? МЫ НИЧЕГО НЕ ДЕЛАЕМ ДЛЯ РУК.##А мы бы с радостью! Она классная! Но она нас не просила.##Так что, пожалуйста, хватит посылать людей это красть. Первого просто вырубило выключателем с Prankspasm, но последних двоих пришлось убить.##Напоминаю: моя компания изобретает херню, которая калечит людей странными способами. Грабить нас — хуже не придумаешь, особенно если у нас даже нет того, что вы ищете.##Келли Экланд"
"exe:738864","text","4","ActCorp1Debrief_Create | ActCorp3Debrief_Create | CorpRookeBrief_Create","Fritz Gessler#CEO, Intex","Фриц Гесслер#Гендиректор, Intex"
"exe:7388a8","tech","1","ActCorp1Debrief_Create -> gml::ConversationSetup","ActCorp1Debrief.gpc",""
"exe:7388d0","text","2","ActCorp1Debrief_Create -> gml::SetCaseNotes | ActCorp2Brief_Create -> gml::SetCaseNotes","Gessler, CEO of Rooke's rival Intex, hired me to find the location of Rooke's secret prototype.","Гесслер, гендиректор Intex — конкурента Рук, — нанял меня выяснить, где находится секретный прототип Рук."
"exe:738990","text","2","ActCorp2Brief_Create | ActCorp4Brief_Create","Melanie Rooke#CEO, Rooke Firearms##Optional Objective:#Check any laptops","Мелани Рук#Гендиректор, Rooke Firearms##Дополнительная цель:#Проверить ноутбуки"
"exe:738a30","tech","1","ActCorp2Brief_Create -> gml::ConversationSetup","ActCorp2Brief.gpc",""
"exe:738a54","tech","1","ActCorp2_Create -> PGMLVar::Get, gml::PGMLVar::operator=","RyanFiveFloor",""
"exe:738b40","tech","1","ActCorp2_Create -> PGMLVar::Get, gml::PGMLVar::operator=","ActCorp2Tom",""
"exe:738b58","text","1","ActCorp2_Create -> gml::SetLaptopText","From: Fritz Gessler#To: Kelly Ackland##Subject: Re: Quit it!##Quiz: if Rooke did have you working on something, something that hit the personal security market but would still be legal even during the gun ban, would she ask you to keep it confidential?##And if she did, would you agree?##And if you did, what would you say about it to me?##You get it yet?##FG","От: Фриц Гесслер#Кому: Келли Экланд##Тема: Re: Хватит!##Викторина: если бы Рук и правда заказала тебе что-то, что-то для рынка личной безопасности, но легальное даже во время запрета на оружие, попросила бы она держать это в секрете?##А если попросит, ты согласишься?##А если согласишься, что ты скажешь об этом мне?##Ну что, дошло?##ФГ"
"exe:738e78","tech","1","ActCorp2Debrief_Create -> gml::ConversationSetup","ActCorp2Debrief.gpc",""
"exe:738ea0","text","2","ActCorp2Debrief_Create -> gml::SetCaseNotes | ActCorp3Brief_Create -> gml::SetCaseNotes","Gessler, CEO of Rooke's rival Intex, hired me to find the location of Rooke's secret prototype.##Rooke tells me there isn't one, and hired me to steal a fake so she can track it to Intex's labs.","Гесслер, гендиректор Intex — конкурента Рук, — нанял меня выяснить, где находится секретный прототип Рук.##Рук говорит, что никакого прототипа нет, и наняла меня украсть подделку, чтобы отследить её до лабораторий Intex."
"exe:7390c8","tech","1","ActCorp3Brief_Create -> gml::ConversationSetup","ActCorp3Brief.gpc",""
"exe:739288","tech","1","ActCorp3_Create -> PGMLVar::Get, gml::PGMLVar::operator=","ActCorp3Tom",""
"exe:7392a0","tech","1","ActCorp3_Create -> PGMLVar::Get, gml::PGMLVar::operator=","ActCorp3John",""
"exe:7392bc","tech","1","ActCorp3_Create -> PGMLVar::Get, gml::PGMLVar::operator=","RyanSubterfuge",""
"exe:739310","text","1","ActCorp3_Create -> gml::SetLaptopText","From: Kelly Ackland#To: Fritz Gessler#Subject: Re: Quit it!##Agent four! Knocked unconscious when one of my techs wired the front door to open in his face.##Agent five! Fell down a six story shaft in our Dropshot testing grounds.##Agent six! Shot. We just shot him, Fritz.##Agent seven! Gatecrasher test subject kicked a door into into him.##You get it yet?##I've known Melanie Rooke longer than you, so I hope you'll take some advice: if you think you know her next move, you're looking at the wrong game.##Kelly Ackland","От: Келли Экланд#Кому: Фриц Гесслер#Тема: Re: Хватит!##Агент номер четыре! Вырубился, когда один из моих техников подключил входную дверь так, что она распахнулась ему в лицо.##Агент номер пять! Упал в шахту глубиной в шесть этажей на нашем испытательном полигоне Dropshot.##Агент номер шесть! Застрелен. Мы его просто застрелили, Фриц.##Агент номер семь! Испытуемый в Gatecrasher вышиб в него дверь.##Ну что, дошло?##Я знаю Мелани Рук дольше тебя, так что надеюсь, ты прислушаешься к совету: если думаешь, что знаешь её следующий ход, — ты смотришь не на ту игру.##Келли Экланд"
"exe:739734","tech","1","ActCorp3Debrief_Create -> gml::ConversationSetup","ActCorp3Debrief.gpc",""
"exe:739768","text","1","ActCorp3Debrief_Create -> gml::SetCaseNotes","Gessler, CEO of Rooke's rival Intex, hired me to find the location of Rooke's secret prototype.##Rooke tells me there isn't one, and hired me to steal a fake so she can track it to Intex's labs.##I stole the fake, with Rooke's tracker, and brought it to Intex. Should I tell him?","Гесслер, гендиректор Intex — конкурента Рук, — нанял меня выяснить, где находится секретный прототип Рук.##Рук говорит, что никакого прототипа нет, и наняла меня украсть подделку, чтобы отследить её до лабораторий Intex.##Я украл подделку с маячком Рук и принёс её в Intex. Сказать ли ему?"
"exe:739a2c","tech","1","ActCorp4Brief_Create -> gml::ConversationSetup, GMLMap::Get","ActCorp4Brief.gpc",""
"exe:739a50","text","1","ActCorp4Brief_Create -> gml::SetCaseNotes","Gessler, CEO of Rooke's rival Intex, hired me to find the location of Rooke's secret prototype.##Rooke tells me there isn't one, and hired me to steal a fake so she can track it to Intex's labs.##I brought the fake to Intex, but I told Gessler about the tracker Rooke put on it.","Гесслер, гендиректор Intex — конкурента Рук, — нанял меня выяснить, где находится секретный прототип Рук.##Рук говорит, что никакого прототипа нет, и наняла меня украсть подделку, чтобы отследить её до лабораторий Intex.##Я принёс подделку в Intex, но рассказал Гесслеру о маячке, который на неё поставила Рук."
"exe:739c80","text","1","ActCorp4Brief_Create -> gml::SetCaseNotes","Gessler, CEO of Rooke's rival Intex, hired me to find the location of Rooke's secret prototype.##Rooke tells me there isn't one, and hired me to steal a fake so she can track it to Intex's labs.##I brought the fake to Intex with Rooke's tracker, but I didn't tell Gessler.","Гесслер, гендиректор Intex — конкурента Рук, — нанял меня выяснить, где находится секретный прототип Рук.##Рук говорит, что никакого прототипа нет, и наняла меня украсть подделку, чтобы отследить её до лабораторий Intex.##Я принёс подделку в Intex вместе с маячком Рук, но Гесслеру ничего не сказал."
"exe:739eb4","tech","1","ActCorp4_Create -> PGMLVar::Get, gml::PGMLVar::operator=","GeneralJohn3",""
"exe:739ed0","text","1","ActCorp4_Create -> gml::SetLaptopText","From: Fritz Gessler#To: Carl Jensberg##Subject: Re: Struggling##Fuck, Carl, don't get your cock in a knot. We're in East Point because it's the cheapest place to make guns. We moved here after the gun ban because that's the cheapest time to make guns. Your job is to make a lot of guns.##Leave phase two to our lobbyists.##And leave Rooke to me. Smarter men than you have lost small fortunes waiting for her company to die.##FG","От: Фриц Гесслер#Кому: Карл Дженсберг##Тема: Re: Сомнения##Блять, Карл, не завязывай свой хер узлом. Мы в Ист-Пойнте, потому что здесь дешевле всего делать оружие. Мы переехали сюда после запрета, потому что сейчас дешевле всего делать оружие. Твоя работа — делать много оружия.##Вторую фазу оставь нашим лоббистам.##А Рук оставь мне. Люди поумнее тебя теряли целые состояния, дожидаясь, пока её компания загнётся.##ФГ"
"exe:73a278","tech","1","ActCorp4Debrief_Create -> gml::ConversationSetup, GMLMap::Get","ActCorp4Debrief.gpc",""
"exe:73a2a0","text","3","ActCorp4Debrief_Create -> gml::SetCaseNotes | CorpGesslerBrief_Create -> gml::SetCaseNotes | CorpGesslerDebrief_Create -> gml::SetCaseNotes","Gessler, CEO of Rooke's rival Intex, hired me to find the location of Rooke's secret prototype.##Rooke tells me there isn't one, and hired me to steal a fake so she can track it to Intex's labs.##I brought the fake to Intex, but I told Gessler about the tracker Rooke put on it.##Gessler told me to follow it anyway, and take what I find back to Rooke.","Гесслер, гендиректор Intex — конкурента Рук, — нанял меня выяснить, где находится секретный прототип Рук.##Рук говорит, что никакого прототипа нет, и наняла меня украсть подделку, чтобы отследить её до лабораторий Intex.##Я принёс подделку в Intex, но рассказал Гесслеру о маячке, который на неё поставила Рук.##Гесслер велел всё равно проследить за ним и отнести Рук то, что я найду."
"exe:73a598","text","1","ActCorp4Debrief_Create -> gml::SetCaseNotes","Gessler, CEO of Rooke's rival Intex, hired me to find the location of Rooke's secret prototype.##Rooke tells me there isn't one, and hired me to steal a fake so she can track it to Intex's labs.##I brought the fake to Intex, then followed the tracker to their secret labs.","Гесслер, гендиректор Intex — конкурента Рук, — нанял меня выяснить, где находится секретный прототип Рук.##Рук говорит, что никакого прототипа нет, и наняла меня украсть подделку, чтобы отследить её до лабораторий Intex.##Я принёс подделку в Intex, а потом проследил за маячком до их секретных лабораторий."
"exe:73a7cc","tech","1","CorpRookeBrief_Create -> gml::ConversationSetup, GMLMap::Get","CorpRookeBrief.gpc",""
"exe:73a828","text","1","CorpRookeBrief_Create -> gml::SetCaseNotes","Gessler, CEO of Rooke's rival Intex, hired me to find the location of Rooke's secret prototype.##Rooke tells me there isn't one, and hired me to steal a fake so she can track it to Intex's labs.##I brought the fake to Intex, then followed the tracker to their secret labs and stole everything.","Гесслер, гендиректор Intex — конкурента Рук, — нанял меня выяснить, где находится секретный прототип Рук.##Рук говорит, что никакого прототипа нет, и наняла меня украсть подделку, чтобы отследить её до лабораторий Intex.##Я принёс подделку в Intex, а потом проследил за маячком до их секретных лабораторий и украл всё подчистую."
"exe:73aa84","tech","1","CorpGesslerBrief_Create -> gml::ConversationSetup, GMLMap::Get","CorpGesslerBrief.gpc",""
"exe:73add8","tech","1","CorpGesslerDebrief_Create -> gml::ConversationSetup","CorpGesslerDebrief.gpc",""
"exe:73b0cc","tech","1","ActPolice1Brief_Create -> gml::ConversationSetup","ActPolice1Brief.gpc",""
"exe:73b108","text","1","ActPolice1Brief_Create","Client identity encrypted##Optional Objective:#Minimal violence","Личность клиента зашифрована##Дополнительная цель:#Минимум насилия"
"exe:73b198","tech","1","ActPolice1_Create -> PGMLVar::Get, gml::PGMLVar::operator=","ActPolice1Tom",""
"exe:73b1b4","word","10","ActPolice1Debrief_Create | ActPolice2Brief_Create | ActPolice2Debrief_Create","Mayfield","Мэйфилд"
"exe:73b1c8","text","1","ActPolice1_Create -> gml::SetLaptopText","From: Melanie Rooke#To: Selena Delgado##Subject: Stick around##I know the figures look bad. And I know they're getting worse. There's a gun ban on and we're a gun company - we can't avoid cutbacks.##But bear with me. I can't talk about it yet, even internally, but I have something in the pipeline that can more than save us, and might even run Intex out of town.##I'm sure by now you're getting headhunted - I'd be trying to poach you if you worked for anyone else. I'll understand if you get an offer you have to take. Just don't think Rooke is a dead end - your position's not in any danger.##By the way, if Mark's still there, let him know I'll be late tonight - his mobile's off.##Rooke.","От: Мелани Рук#Кому: Селена Дельгадо##Тема: Не уходи##Знаю, цифры выглядят плохо. И знаю, что становятся всё хуже. Действует запрет на оружие, а мы оружейная компания — без сокращений не обойтись.##Но потерпи. Пока я не могу об этом говорить, даже внутри компании, но у меня в разработке есть кое-что, что может с лихвой нас спасти и, возможно, даже выжить Intex из города.##Уверена, тебя уже вовсю переманивают — я бы и сама пыталась тебя переманить, работай ты на кого-то другого. Я пойму, если тебе сделают предложение, от которого нельзя отказаться. Только не думай, что Rooke — это тупик: твоей должности ничего не угрожает.##Кстати, если Марк ещё там, передай ему, что я сегодня задержусь, — у него выключен мобильный.##Рук."
"exe:73b734","tech","1","ActPolice1Debrief_Create -> gml::ConversationSetup","ActPolice1Debrief.gpc",""
"exe:73b760","text","6","ActPolice1Debrief_Create | ActPolice2Debrief_Create | ActPolice3Debrief_Create","Julian Mayfield#Chief of Police, East Point","Джулиан Мэйфилд#Начальник полиции, Ист-Пойнт"
"exe:73b7b8","text","2","ActPolice1Debrief_Create -> gml::SetCaseNotes | ActPolice2Brief_Create -> gml::SetCaseNotes","The chief of police suspects his officers are mishandling the investigation into Selena Delgado's murder.##He hired me to find a local backup of the footage from that night - the night I was there.","Начальник полиции подозревает, что его подчинённые проваливают расследование убийства Селены Дельгадо.##Он нанял меня найти локальную резервную копию записи той ночи — той самой, когда я там был."
"exe:73b958","text","2","ActPolice2Brief_Create | ActPolice4Brief_Create","Julian Mayfield#Chief of Police, East Point##Optional Objective:#Hack any laptops","Джулиан Мэйфилд#Начальник полиции, Ист-Пойнт##Дополнительная цель:#Взломать ноутбуки"
"exe:73b9fc","tech","1","ActPolice2Brief_Create -> gml::ConversationSetup","ActPolice2Brief.gpc",""
"exe:73ba24","tech","1","ActPolice2_Create -> PGMLVar::Get, gml::PGMLVar::operator=","ActPolice2Tom",""
"exe:73bbf0","text","1","ActPolice2_Create -> gml::SetLaptopText","From: Jason Serra#To: Ty Lababidi##Subject: Rooke feeds##Ty, do you know if the feeds from the Rooke office across the street get backed up here? Do you have admin rights?##If so, you, uh, might wanna check the footage from the 15th. It's that night I stayed late - on my way to the car I saw a guy making out with some latina chick on the top floor.##Here's the thing: the guy looked EXACTLY like Mark Jackson.##I know, I know, that chick didn't turn out to be Anna Kendrick that one time. But just check. If I'm right... lol##Jace","От: Джейсон Серра#Кому: Тай Лабабиди##Тема: Записи Rooke##Тай, не знаешь, записи с камер офиса Rooke через дорогу дублируются сюда? У тебя есть права админа?##Если да, тебе, э-э, может, стоит глянуть запись за 15-е. Это та ночь, когда я задержался, — по пути к машине я увидел, как какой-то мужик сосётся с какой-то латиноской на верхнем этаже.##И вот что: мужик был ТОЧЬ-В-ТОЧЬ Марк Джексон.##Знаю, знаю, в тот раз та цыпочка оказалась не Анной Кендрик. Но просто проверь. Если я прав... лол##Джейс"
"exe:73c01c","tech","1","ActPolice2Debrief_Create -> gml::ConversationSetup","ActPolice2Debrief.gpc",""
"exe:73c0a0","text","1","ActPolice2Debrief_Create -> gml::SetCaseNotes","The chief of police suspects his officers are mishandling the investigation into Selena Delgado's murder.##He hired me to retrieve footage taken at a DataSec facility I broke into that night.","Начальник полиции подозревает, что его подчинённые проваливают расследование убийства Селены Дельгадо.##Он нанял меня достать запись с объекта DataSec, в который я проник той ночью."
"exe:73c220","text","2","ActPolice3Brief_Create | ActPolice5Brief_Create","Julian Mayfield#Chief of Police, East Point##Optional Objective:#Minimal violence","Джулиан Мэйфилд#Начальник полиции, Ист-Пойнт##Дополнительная цель:#Минимум насилия"
"exe:73c2d8","tech","1","ActPolice3Brief_Create -> gml::ConversationSetup","ActPolice3Brief.gpc",""
"exe:73c300","text","1","ActPolice3Brief_Create -> gml::SetCaseNotes","The chief of police suspects his officers are mishandling the investigation into Selena Delgado's murder.##He's hiring me to find evidence from that night.","Начальник полиции подозревает, что его подчинённые проваливают расследование убийства Селены Дельгадо.##Он нанимает меня найти улики с той ночи."
"exe:73c44c","tech","1","ActPolice3_Create -> PGMLVar::Get, gml::PGMLVar::operator=","ActPolice3Tom",""
"exe:73c468","tech","1","ActPolice3_Create -> PGMLVar::Get, gml::PGMLVar::operator=","ActPolice3John",""
"exe:73c488","text","1","ActPolice3_Create -> gml::SetLaptopText","From: Det. Sal Godall#To: Lt. Det. David Carillo##Subject: Your theory##So I'm Katie Collins. I'm working late. The only other people in the building are my friend Selena Delgado, and my boss's husband Mark Jackson for some reason.##Jackson leaves. I wait till my friend's back is turned, then shoot her in the spine. Her body falls out of a fourth story window and hits the asphalt.##But I'm not satisfied. I, what, jump? Climb? Out of the broken window, drop down to the street and shoot her two more times in the head. Better safe than sorry, right?##Nothing about Collins makes sense for the Delgado case. I know I've said this and I know you've all shot me down, but I still like Jackson for it. He's lying about something.","От: Дет. Сал Годалл#Кому: Лейт. дет. Дэвид Карилло##Тема: Твоя теория##Итак, я Кэти Коллинз. Я работаю допоздна. Кроме меня в здании только моя подруга Селена Дельгадо и почему-то муж моей начальницы, Марк Джексон.##Джексон уходит. Я жду, пока подруга повернётся спиной, и стреляю ей в позвоночник. Её тело вылетает из окна четвёртого этажа и падает на асфальт.##Но мне мало. И я, что, прыгаю? Карабкаюсь? Вылезаю из разбитого окна, спускаюсь на улицу и стреляю ей ещё два раза в голову. Лучше перебдеть, верно?##В деле Дельгадо с Коллинз ничего не сходится. Знаю, я это уже говорил, и знаю, что вы все меня осадили, но я всё ещё думаю на Джексона. Он о чём-то врёт."
"exe:73caa8","tech","1","ActPolice3Debrief_Create -> gml::ConversationSetup","ActPolice3Debrief.gpc",""
"exe:73cae8","text","2","ActPolice3Debrief_Create -> gml::SetCaseNotes | ActPolice4Brief_Create -> gml::SetCaseNotes","The chief of police suspects his officers are mishandling the investigation into Selena Delgado's murder.##I found the coroner changed his report - the original suggests it was a professional hit.","Начальник полиции подозревает, что его подчинённые проваливают расследование убийства Селены Дельгадо.##Я выяснил, что коронер изменил своё заключение — из оригинала следует, что это было профессиональное убийство."
"exe:73cc74","tech","1","ActPolice4Brief_Create -> gml::ConversationSetup","ActPolice4Brief.gpc",""
"exe:73cc9c","tech","1","ActPolice4_Create -> PGMLVar::Get, gml::PGMLVar::operator=","ActPolice4Tom",""
"exe:73cf0c","tech","1","ActPolice4_Create -> PGMLVar::Get, gml::PGMLVar::operator=","ActPolice4John",""
"exe:73cf2c","tech","1","ActPolice4Debrief_Create -> gml::ConversationSetup","ActPolice4Debrief.gpc",""
"exe:73cf58","text","1","ActPolice4_Create -> gml::SetLaptopText","From: Selena Delgado (personal)#To: Mark Jackson (personal)##Subject: bleurg##Melanie knew you were here yesterday. Hopefully she thinks it's just business, but, ugh. I hate doing this to her.##I don't think she knows anything, but then, I wouldn't. She's about eight times smarter than me.##Whatever it was you wanted to talk about tonight, I hope it has to do with you manning the hell up and telling her.##s","От: Селена Дельгадо (личное)#Кому: Марк Джексон (личное)##Тема: бее##Мелани знала, что ты вчера был здесь. Надеюсь, она думает, что это просто по делу, но... фу. Ненавижу так с ней поступать.##Не думаю, что она что-то знает, но я бы и не заметила. Она раз в восемь умнее меня.##О чём бы ты ни хотел поговорить сегодня вечером, надеюсь, речь о том, что ты наконец, чёрт возьми, наберёшься смелости и всё ей расскажешь.##с"
"exe:73d2e8","text","2","ActPolice4Debrief_Create -> gml::SetCaseNotes | ActPolice5Brief_Create -> gml::SetCaseNotes","The chief of police suspects his officers are mishandling the investigation into Selena Delgado's murder.##I found the coroner changed his report - the original suggests it was a professional hit.##He sent me to investigate an apartment some pro kit was delivered to. As it happens, mine.","Начальник полиции подозревает, что его подчинённые проваливают расследование убийства Селены Дельгадо.##Я выяснил, что коронер изменил своё заключение — из оригинала следует, что это было профессиональное убийство.##Он отправил меня осмотреть квартиру, куда доставили снаряжение для профи. Как оказалось — мою."
"exe:73d5e4","tech","1","ActPolice5Brief_Create -> gml::ConversationSetup","ActPolice5Brief.gpc",""
"exe:73d864","tech","1","ActPolice5_Create -> PGMLVar::Get, gml::PGMLVar::operator=","ActPolice5Tom",""
"exe:73d880","text","1","ActPolice5_Create -> gml::SetLaptopText","From: Ty Lababidi#To: Jason Serra##Subject: The setup##Alright, I'm lost now. Why do the East Point police want to store something on this server in particular? And what is it? If it was a feed, wouldn't we just receive a stream like usual?##PS. No, I'm not stealing footage of people making out for you.##Ty","От: Тай Лабабиди#Кому: Джейсон Серра##Тема: Схема##Так, теперь я запутался. Зачем полиции Ист-Пойнта хранить что-то именно на этом сервере? И что это вообще? Если бы это была запись с камер, разве мы бы не получали поток, как обычно?##P.S. Нет, я не буду воровать для тебя записи, где люди сосутся.##Тай"
"exe:73db58","tech","2","ActPolice5Debrief_Create -> gml::ConversationSetup | gml::ReadInScriptFile -> PGMLVar::Get, gml::PGMLVar::operator=","ActPolice5DebriefSeen.gpc",""
"exe:73dbf8","tech","2","ActPolice5Debrief_Create -> gml::ConversationSetup | gml::ReadInScriptFile -> PGMLVar::Get","ActPolice5DebriefUnseen.gpc",""
"exe:73dc30","text","1","ActPolice5Debrief_Create -> gml::SetCaseNotes","The chief of police suspects his officers are mishandling the investigation into Selena Delgado's murder.##I found the coroner changed his report - the original suggests it was a professional hit.##He sent me to investigate an apartment some pro kit was delivered to. As it happens, mine.##He sent me to retrieve what he claims is a full recording of what happened that night.","Начальник полиции подозревает, что его подчинённые проваливают расследование убийства Селены Дельгадо.##Я выяснил, что коронер изменил своё заключение — из оригинала следует, что это было профессиональное убийство.##Он отправил меня осмотреть квартиру, куда доставили снаряжение для профи. Как оказалось — мою.##Он отправил меня забрать то, что, по его словам, является полной записью событий той ночи."
"exe:73df2c","tech","1","Epilogue_Create -> gml::ConversationSetup, gml::CompleteGameLog","Epilogue.gpc",""
"exe:73df48","text","1","Epilogue_Create -> PGMLVar::Get, gml::PGMLVar::operator=","Cancel post","Отменить пост"
"exe:73e04c","tech","1","gml::GuardHitsTheGround -> gml::Achieve, PGMLVar::Get","GesslerFall",""
"exe:73e1a8","word","1","gml::HuntForPlayer -> GMLObjectInstance::Get, gml::PGMLVar::operator=","Cocking",""
"exe:73e3d0","tech","1","gml::PlayerShot -> gml::Achieve, GMLObjectInstance::Get","GesslerDryFire",""
"exe:73e3f0","tech","1","gml::Shoot -> gml::Achieve","Longshot",""
"exe:73e504","tech","1","gml::BuyGame -> GMLMap::Get, gml::PGMLVar::operator=","http://www.gunpointgame.com/",""
"exe:73e540","tech","1","gml::BuyGame -> GMLMap::Get, gml::PGMLVar::operator=","http://store.steampowered.com/app/206190/",""
"exe:73e598","tech","2","gml::CheckDialogueConditionals -> gml::Achieve, GMLMap::Get | gml::CheckDialogueConditionals -> gml::Achieve, gml::operator==","CoverUp",""
"exe:73e5b8","tech","1","gml::CheckDialogueConditionals -> gml::Achieve, gml::operator==","CleanRecord",""
"exe:73e5d0","tech","1","gml::CheckDialogueConditionals -> gml::Achieve","RookeSympathiser",""
"exe:73e5f4","tech","2","gml::CheckChosenOptionConditionals -> gml::Achieve, GMLObjectInstance::Get","Dissonance",""
"exe:73e624","tech","1","gml::CheckChosenOptionConditionals -> gml::Achieve, GMLObjectInstance::Get","CollinsTruth",""
"exe:73e640","tech","1","gml::CheckChosenOptionConditionals -> gml::Achieve, gml::operator==","CollinsAlmost",""
"exe:73e65c","tech","1","gml::CheckChosenOptionConditionals -> gml::Achieve, gml::operator==","IntexSympathiser",""
"exe:73e680","tech","1","gml::CheckChosenOptionConditionals -> gml::Achieve","Snark",""
"exe:73e6fc","check","4","gml::ChooseOption -> GMLObjectInstance::Get, gml::SayLineAt | gml::GoToDialogueAt -> gml::operator==, ??1?$basic_string@_WU?$char_traits@_W@std@@V?$allocator@_W@2@@std@@QAE@XZ | gml::TextMessageBubble -> GMLObjectInstance::Get, gml::operator==","Me:",""
"exe:73e718","text","1","gml::GoToDialogueAt -> gml::string",", setting alarm",""
"exe:73e738","text","1","gml::GoToDialogueAt -> gml::operator+, gml::operator+","Found a Them: at ",""
"exe:73e764","text","1","gml::GoToDialogueAt -> gml::string",", reading in options",""
"exe:73e790","text","1","gml::GoToDialogueAt -> gml::operator+, gml::operator+","Found a Me: at ",""
"exe:73e7b0","word","1","gml::GoToDialogueAt -> gml::operator+, gml::PGMLVar::cast","After:",""
"exe:73e7c0","check","3","gml::GoToDialogueAt -> gml::operator==, ??1?$basic_string@_WU?$char_traits@_W@std@@V?$allocator@_W@2@@std@@QAE@XZ | gml::ReadInScriptFile -> GMLObjectInstance::Get, PGMLVar::At | gml::ReadInScriptFile -> GMLObjectInstance::Get, gml::PGMLVar::cast","END SCENE",""
"exe:73e7d4","text","1","gml::GoToDialogueAt -> gml::operator+, gml::Log","End scene reached at ",""
"exe:73e810","text","1","gml::ReadInOptions -> gml::operator+"," options found.",""
"exe:73e8b0","tech","2","gml::ReadInScriptFile -> gml::operator+, gml::PGMLVar::cast","Scripts\",""
"exe:73e8f0","text","1","gml::SayLineAt -> gml::operator+, gml::Log","Line said, heading to ",""
"exe:73e938","word","1","gml::StripSwearing -> gml::PGMLVar::cast, GMLObjectInstance::Get","fuck",""
"exe:73e958","word","1","gml::StripSwearing -> gml::PGMLVar::cast, GMLObjectInstance::Get","Fuck",""
"exe:73e978","word","1","gml::StripSwearing -> gml::PGMLVar::cast, GMLObjectInstance::Get","shit",""
"exe:73e998","word","1","gml::StripSwearing -> gml::PGMLVar::cast, GMLObjectInstance::Get","Shit",""
"exe:73e9bc","word","1","gml::StripSwearing -> gml::PGMLVar::cast, GMLObjectInstance::Get"," dick ",""
"exe:73e9cc","tech","1","gml::StripSwearing -> gml::PGMLVar::cast, gml::PGMLVar::cast","\#\#\#hole",""
"exe:73e9e4","word","1","gml::StripSwearing -> gml::PGMLVar::cast, GMLObjectInstance::Get","Asshole",""
"exe:73ea08","word","1","gml::StripSwearing -> gml::PGMLVar::cast, GMLObjectInstance::Get"," ass.",""
"exe:73ea28","text","1","gml::ConwaysBlogTitle -> gml::PGMLVar::cast, GMLObjectInstance::Get","Compose new blog post:","Новая запись в блоге:"
"exe:73ea7c","tech","3","gml::AutosaveLevel -> gml::operator!=, ??1?$basic_string@_WU?$char_traits@_W@std@@V?$allocator@_W@2@@std@@QAE@XZ | gml::AutosaveLevel -> gml::operator+, GMLObjectInstance::Get | gml::SaveLevel -> gml::operator==","(Autosaved) ",""
"exe:73eabc","tech","2","gml::ReturnToEditor -> GMLMap::Get, gml::operator+ | gml::SwitchToPlayMode -> GMLMap::Get, gml::operator+","Savegames\EditorSave.gun",""
"exe:73eb0c","tech","1","gml::ListCustomMissions -> GMLObjectInstance::Get, gml::operator+","*.lvl",""
"exe:73eb18","tech","4","gml::ListCustomMissions -> gml::operator+, gml::operator+","Levels/",""
"exe:73eb2c","tech","3","gml::ListCustomMissions -> gml::operator!= | gml::agSteamWorkshopGetLevelName -> ?$basic_string::assign, ??3@YAXPAX@Z | gml::agSteamWorkshopGetLevelDisplayName -> ?$basic_string::assign, ??3@YAXPAX@Z","WORKSHOP_ERROR",""
"exe:73eb5c","tech","1","gml::ListCustomMissions -> GMLObjectInstance::Get, gml::PGMLVar::cast"," (Copy).lvl",""
"exe:73eba4","tech","1","gml::ListCustomMissions -> GMLObjectInstance::Get, gml::PGMLVar::cast"," (Copy)",""
"exe:73ebd4","tech","1","gml::ListCustomMissions -> gml::PGMLVar::operator=, GMLObjectInstance::Get","Click to load",""
"exe:73ebf0","tech","1","gml::ListCustomMissions -> gml::PGMLVar::operator=, GMLObjectInstance::Get","Click to load, or press DEL to delete (I'll assume you're sure).",""
"exe:73ec80","tech","1","gml::ListCustomMissions -> gml::PGMLVar::operator=","Click to load, or press DEL to unsubscribe and delete (I'll assume you're sure).",""
"exe:73ed24","tech","1","gml::ListCustomMissions -> gml::operator+, gml::operator+","Levels/  /Subscriptions/",""
"exe:73ed7c","tech","2","gml::SaveLevel -> gml::operator==, gml::PGMLVar::cast | gml::agDrawPublishButton -> gml::SaveLevel, gml::draw_set_alpha","workshop_temp",""
"exe:73edd4","tech","1","gml::SaveLevel -> GMLMap::Get, gml::operator+","Levels\Workshop\",""
"exe:73ee58","tech","1","gml::SaveAsTypedName -> GMLMap::Get, gml::operator+","Levels\(Autosaved) ",""
"exe:73eeb4","tech","1","gml::StoreObjectPosition -> gml::Achieve, GMLObjectInstance::Get","CustomMission",""
"exe:73eedc","word","2","gml::CrosslinkHighlight -> GMLObjectInstance::Get, gml::operator+"," nothing"," ничто"
"exe:73eef8","text","1","gml::CrosslinkHighlight -> GMLObjectInstance::Get, PGMLVar::Get"," is activated."," сработает."
"exe:73ef18","text","1","gml::CrosslinkHighlight -> gml::operator+, gml::operator+","This door will open when ","Эта дверь откроется, когда "
"exe:73ef50","text","1","gml::CrosslinkHighlight -> gml::ImportantTutorial, GMLObjectInstance::Get","This door has no incoming connection, so nothing will open it.","У этой двери нет входящих связей, поэтому её ничто не откроет."
"exe:73efe4","tech","1","gml::CrosslinkHighlight -> gml::Achieve, GMLMap::Get","CrosslinkLoop",""
"exe:73f000","text","2","gml::CrosslinkHighlight -> gml::ImportantTutorial, GMLObjectInstance::Get","You can press U to undo the last connection, and its cost.","Нажмите U, чтобы отменить последнюю связь и вернуть её стоимость."
"exe:73f0f0","word","1","gml::InitialiseElectronics -> GMLObjectInstance::Get, gml::PGMLVar::operator=","Device","Устройство"
"exe:73f100","text","1","gml::InitialiseElectronics -> GMLObjectInstance::Get, gml::PGMLVar::operator=","This device will activate","Это устройство активирует"
"exe:743ed8","tech","113","gml::LoadFMOD -> gml::PGMLVar::cast, ??0?$basic_string@_WU?$char_traits@_W@std@@V?$allocator@_W@2@@std@@QAE@ABV01@@Z | gml::LoadFMOD -> gml::PGMLVar::cast, gml::external_define | gml::UnloadFMOD -> gml::PGMLVar::cast, gml::external_free","GMFMODSimple.dll",""
"exe:743efc","tech","1","gml::LoadFMOD -> gml::PGMLVar::cast, gml::PGMLVar::cast","FMODfree",""
"exe:743f10","tech","1","gml::LoadFMOD -> gml::operator+, gml::PGMLVar::cast","File not found: GMFMODSimple.dll#In directory: ",""
"exe:743f94","tech","1","gml::LoadFMOD -> gml::PGMLVar::cast, ??0?$basic_string@_WU?$char_traits@_W@std@@V?$allocator@_W@2@@std@@QAE@ABV01@@Z","Defined: FMODfree",""
"exe:743fb8","tech","1","gml::LoadFMOD -> gml::PGMLVar::cast, gml::PGMLVar::cast","FMODinit",""
"exe:743ff0","tech","1","gml::LoadFMOD -> gml::PGMLVar::cast, ??0?$basic_string@_WU?$char_traits@_W@std@@V?$allocator@_W@2@@std@@QAE@ABV01@@Z","Defined: FMODinit",""
"exe:744014","tech","1","gml::LoadFMOD -> gml::PGMLVar::cast, gml::PGMLVar::cast","FMODSoundSetEffects",""
"exe:744060","tech","1","gml::LoadFMOD -> gml::PGMLVar::cast, ??0?$basic_string@_WU?$char_traits@_W@std@@V?$allocator@_W@2@@std@@QAE@ABV01@@Z","Defined: FMODSoundSetEffects",""
"exe:74409c","tech","1","gml::LoadFMOD -> gml::PGMLVar::cast, gml::PGMLVar::cast","FMODSoundSetGroup",""
"exe:7440e4","tech","1","gml::LoadFMOD -> gml::PGMLVar::cast, ??0?$basic_string@_WU?$char_traits@_W@std@@V?$allocator@_W@2@@std@@QAE@ABV01@@Z","Defined: FMODSoundSetGroup",""
"exe:74411c","tech","1","gml::LoadFMOD -> gml::PGMLVar::cast, gml::PGMLVar::cast","FMODGroupSetVolume",""
"exe:744168","tech","1","gml::LoadFMOD -> gml::PGMLVar::cast, ??0?$basic_string@_WU?$char_traits@_W@std@@V?$allocator@_W@2@@std@@QAE@ABV01@@Z","Defined: FMODGroupSetVolume",""
"exe:7441a0","tech","1","gml::LoadFMOD -> gml::PGMLVar::cast, gml::PGMLVar::cast","FMODSoundSetMaxVolume",""
"exe:7441f0","tech","1","gml::LoadFMOD -> gml::PGMLVar::cast, ??0?$basic_string@_WU?$char_traits@_W@std@@V?$allocator@_W@2@@std@@QAE@ABV01@@Z","Defined: FMODSoundSetMaxVolume",""
"exe:744230","tech","1","gml::LoadFMOD -> gml::PGMLVar::cast, gml::PGMLVar::cast","FMODSoundLoop",""
"exe:744270","tech","1","gml::LoadFMOD -> gml::PGMLVar::cast, ??0?$basic_string@_WU?$char_traits@_W@std@@V?$allocator@_W@2@@std@@QAE@ABV01@@Z","Defined: FMODSoundLoop",""
"exe:7442a0","tech","1","gml::LoadFMOD -> gml::PGMLVar::cast, gml::PGMLVar::cast","FMODSoundPlay",""
"exe:7442e0","tech","1","gml::LoadFMOD -> gml::PGMLVar::cast, ??0?$basic_string@_WU?$char_traits@_W@std@@V?$allocator@_W@2@@std@@QAE@ABV01@@Z","Defined: FMODSoundPlay",""
"exe:744310","tech","1","gml::LoadFMOD -> gml::PGMLVar::cast, gml::PGMLVar::cast","FMODSoundLoop3d",""
"exe:744354","tech","1","gml::LoadFMOD -> gml::PGMLVar::cast, ??0?$basic_string@_WU?$char_traits@_W@std@@V?$allocator@_W@2@@std@@QAE@ABV01@@Z","Defined: FMODSoundLoop3d",""
"exe:744388","tech","1","gml::LoadFMOD -> gml::PGMLVar::cast, gml::PGMLVar::cast","FMODSoundPlay3d",""
"exe:7443cc","tech","1","gml::LoadFMOD -> gml::PGMLVar::cast, ??0?$basic_string@_WU?$char_traits@_W@std@@V?$allocator@_W@2@@std@@QAE@ABV01@@Z","Defined: FMODSoundPlay3d",""
"exe:744400","tech","1","gml::LoadFMOD -> gml::PGMLVar::cast, gml::PGMLVar::cast","FMODInstanceSet3dPosition",""
"exe:744458","tech","1","gml::LoadFMOD -> gml::PGMLVar::cast, ??0?$basic_string@_WU?$char_traits@_W@std@@V?$allocator@_W@2@@std@@QAE@ABV01@@Z","Defined: FMODInstanceSet3dPosition",""
"exe:7444a0","tech","1","gml::LoadFMOD -> gml::PGMLVar::cast, gml::PGMLVar::cast","FMODSoundAdd",""
"exe:7444e0","tech","1","gml::LoadFMOD -> gml::PGMLVar::cast, ??0?$basic_string@_WU?$char_traits@_W@std@@V?$allocator@_W@2@@std@@QAE@ABV01@@Z","Defined: FMODSoundAdd",""
"exe:74450c","tech","1","gml::LoadFMOD -> gml::PGMLVar::cast, gml::PGMLVar::cast","FMODMasterSetVolume",""
"exe:744558","tech","1","gml::LoadFMOD -> gml::PGMLVar::cast, ??0?$basic_string@_WU?$char_traits@_W@std@@V?$allocator@_W@2@@std@@QAE@ABV01@@Z","Defined: FMODMasterSetVolume",""
"exe:744594","tech","1","gml::LoadFMOD -> gml::PGMLVar::cast, gml::PGMLVar::cast","FMODListenerSetNumber",""
"exe:7445e4","tech","1","gml::LoadFMOD -> gml::PGMLVar::cast, ??0?$basic_string@_WU?$char_traits@_W@std@@V?$allocator@_W@2@@std@@QAE@ABV01@@Z","Defined: FMODListenerSetNumber",""
"exe:744624","tech","1","gml::LoadFMOD -> gml::PGMLVar::cast, gml::PGMLVar::cast","FMODListenerSet3dPosition",""
"exe:74467c","tech","1","gml::LoadFMOD -> gml::PGMLVar::cast, gml::PGMLVar::cast","FMODSetWorldScale",""
"exe:7446a0","tech","1","gml::LoadFMOD -> gml::PGMLVar::cast, ??0?$basic_string@_WU?$char_traits@_W@std@@V?$allocator@_W@2@@std@@QAE@ABV01@@Z","Defined: FMODListenerSet3dPosition",""
"exe:74470c","tech","1","gml::LoadFMOD -> gml::PGMLVar::cast, ??0?$basic_string@_WU?$char_traits@_W@std@@V?$allocator@_W@2@@std@@QAE@ABV01@@Z","Defined: FMODSetWorldScale",""
"exe:744744","tech","1","gml::LoadFMOD -> gml::PGMLVar::cast, gml::PGMLVar::cast","FMODSoundSet3dMinMaxDistance",""
"exe:7447c8","tech","1","gml::LoadFMOD -> gml::PGMLVar::cast, ??0?$basic_string@_WU?$char_traits@_W@std@@V?$allocator@_W@2@@std@@QAE@ABV01@@Z","Defined: FMODSoundSet3dMinMaxDistance",""
"exe:744814","tech","1","gml::LoadFMOD -> gml::PGMLVar::cast, gml::PGMLVar::cast","FMODUpdate",""
"exe:74482c","tech","1","gml::LoadFMOD -> gml::PGMLVar::cast, ??0?$basic_string@_WU?$char_traits@_W@std@@V?$allocator@_W@2@@std@@QAE@ABV01@@Z","Defined: FMODUpdate",""
"exe:744854","tech","1","gml::LoadFMOD -> gml::PGMLVar::cast, gml::PGMLVar::cast","FMODSoundFree",""
"exe:744894","tech","1","gml::LoadFMOD -> gml::PGMLVar::cast, ??0?$basic_string@_WU?$char_traits@_W@std@@V?$allocator@_W@2@@std@@QAE@ABV01@@Z","Defined: FMODSoundFree",""
"exe:7448c4","tech","1","gml::LoadFMOD -> gml::PGMLVar::cast, gml::PGMLVar::cast","FMODGroupStop",""
"exe:744904","tech","1","gml::LoadFMOD -> gml::PGMLVar::cast, ??0?$basic_string@_WU?$char_traits@_W@std@@V?$allocator@_W@2@@std@@QAE@ABV01@@Z","Defined: FMODGroupStop",""
"exe:744934","tech","1","gml::LoadFMOD -> gml::PGMLVar::cast, gml::PGMLVar::cast","FMODAllStop",""
"exe:744970","tech","1","gml::LoadFMOD -> gml::PGMLVar::cast, ??0?$basic_string@_WU?$char_traits@_W@std@@V?$allocator@_W@2@@std@@QAE@ABV01@@Z","Defined: FMODAllStop",""
"exe:74499c","tech","1","gml::LoadFMOD -> gml::PGMLVar::cast, gml::PGMLVar::cast","FMODInstanceStop",""
"exe:7449e4","tech","1","gml::LoadFMOD -> gml::PGMLVar::cast, ??0?$basic_string@_WU?$char_traits@_W@std@@V?$allocator@_W@2@@std@@QAE@ABV01@@Z","Defined: FMODInstanceStop",""
"exe:744a18","tech","1","gml::LoadFMOD -> gml::PGMLVar::cast, gml::PGMLVar::cast","FMODInstanceIsPlaying",""
"exe:744a68","tech","1","gml::LoadFMOD -> gml::PGMLVar::cast, ??0?$basic_string@_WU?$char_traits@_W@std@@V?$allocator@_W@2@@std@@QAE@ABV01@@Z","Defined: FMODInstanceIsPlaying",""
"exe:744aa8","tech","1","gml::LoadFMOD -> gml::PGMLVar::cast, gml::PGMLVar::cast","FMODGroupSetMuted",""
"exe:744af0","tech","1","gml::LoadFMOD -> gml::PGMLVar::cast, ??0?$basic_string@_WU?$char_traits@_W@std@@V?$allocator@_W@2@@std@@QAE@ABV01@@Z","Defined: FMODGroupSetMuted",""
"exe:744b28","tech","1","gml::LoadFMOD -> gml::PGMLVar::cast, gml::PGMLVar::cast","FMODInstanceSetMuted",""
"exe:744b78","tech","1","gml::LoadFMOD -> gml::PGMLVar::cast, ??0?$basic_string@_WU?$char_traits@_W@std@@V?$allocator@_W@2@@std@@QAE@ABV01@@Z","Defined: FMODInstanceSetMuted",""
"exe:744bb4","tech","1","gml::LoadFMOD -> gml::PGMLVar::cast, gml::PGMLVar::cast","FMODInstanceSetVolume",""
"exe:744c04","tech","1","gml::LoadFMOD -> gml::PGMLVar::cast, ??0?$basic_string@_WU?$char_traits@_W@std@@V?$allocator@_W@2@@std@@QAE@ABV01@@Z","Defined: FMODInstanceSetVolume",""
"exe:744c44","tech","1","gml::LoadFMOD -> gml::PGMLVar::cast, gml::PGMLVar::cast","FMODGroupSetPaused",""
"exe:744c90","tech","1","gml::LoadFMOD -> gml::PGMLVar::cast, ??0?$basic_string@_WU?$char_traits@_W@std@@V?$allocator@_W@2@@std@@QAE@ABV01@@Z","Defined: FMODGroupSetPaused",""
"exe:744cc8","tech","1","gml::LoadFMOD -> gml::PGMLVar::cast, gml::PGMLVar::cast","FMODInstanceSetPaused",""
"exe:744d18","tech","1","gml::LoadFMOD -> gml::PGMLVar::cast, ??0?$basic_string@_WU?$char_traits@_W@std@@V?$allocator@_W@2@@std@@QAE@ABV01@@Z","Defined: FMODInstanceSetPaused",""
"exe:744d58","tech","1","gml::LoadFMOD -> gml::PGMLVar::cast, gml::PGMLVar::cast","FMODGetLastError",""
"exe:744da0","tech","1","gml::LoadFMOD -> gml::PGMLVar::cast, ??0?$basic_string@_WU?$char_traits@_W@std@@V?$allocator@_W@2@@std@@QAE@ABV01@@Z","Defined: FMODGetLastError",""
"exe:744dd4","tech","1","gml::LoadFMOD -> gml::PGMLVar::cast, gml::PGMLVar::cast","FMODListenerHearsDistanceOnly",""
"exe:744e34","tech","1","gml::LoadFMOD -> gml::PGMLVar::cast, gml::PGMLVar::cast","FMODSetDopplerFPS",""
"exe:744e58","tech","1","gml::LoadFMOD -> gml::PGMLVar::cast, ??0?$basic_string@_WU?$char_traits@_W@std@@V?$allocator@_W@2@@std@@QAE@ABV01@@Z","Defined: FMODListenerHearsDistanceOnly",""
"exe:744ecc","tech","1","gml::LoadFMOD -> gml::PGMLVar::cast, ??0?$basic_string@_WU?$char_traits@_W@std@@V?$allocator@_W@2@@std@@QAE@ABV01@@Z","Defined: FMODSetDopplerFPS",""
"exe:744f04","tech","1","gml::LoadFMOD -> gml::PGMLVar::cast, gml::PGMLVar::cast","FMODListenerSet3dPositionEx",""
"exe:744f60","tech","1","gml::LoadFMOD -> gml::PGMLVar::cast, ??0?$basic_string@_WU?$char_traits@_W@std@@V?$allocator@_W@2@@std@@QAE@ABV01@@Z","Defined: FMODListenerSet3dPositionEx",""
"exe:744fac","tech","1","gml::LoadFMOD -> gml::PGMLVar::cast, gml::PGMLVar::cast","FMODSoundSet3dDopplerMax",""
"exe:745004","tech","1","gml::LoadFMOD -> gml::PGMLVar::cast, gml::PGMLVar::cast","FMODInstanceSetFrequency",""
"exe:745038","tech","1","gml::LoadFMOD -> gml::PGMLVar::cast, ??0?$basic_string@_WU?$char_traits@_W@std@@V?$allocator@_W@2@@std@@QAE@ABV01@@Z","Defined: FMODSoundSet3dDopplerMax",""
"exe:7450a0","tech","1","gml::LoadFMOD -> gml::PGMLVar::cast, ??0?$basic_string@_WU?$char_traits@_W@std@@V?$allocator@_W@2@@std@@QAE@ABV01@@Z","Defined: FMODInstanceSetFrequency",""
"exe:7450e4","tech","1","gml::LoadFMOD -> gml::PGMLVar::cast, gml::PGMLVar::cast","FMODInstanceGetFrequency",""
"exe:745160","tech","1","gml::LoadFMOD -> gml::PGMLVar::cast, ??0?$basic_string@_WU?$char_traits@_W@std@@V?$allocator@_W@2@@std@@QAE@ABV01@@Z","Defined: FMODInstanceGetFrequency",""
"exe:7451a4","tech","1","gml::LoadFMOD -> gml::PGMLVar::cast, gml::PGMLVar::cast","FMODSoundSet3dCone",""
"exe:7451cc","tech","1","gml::LoadFMOD -> gml::PGMLVar::cast, ??0?$basic_string@_WU?$char_traits@_W@std@@V?$allocator@_W@2@@std@@QAE@ABV01@@Z","Defined: FMODSoundSet3dCone",""
"exe:745228","tech","1","gml::LoadFMOD -> gml::PGMLVar::cast, gml::PGMLVar::cast","FMODInstanceSet3dConeOrientation",""
"exe:74526c","tech","1","gml::LoadFMOD -> gml::PGMLVar::cast, gml::PGMLVar::cast","FMODGroupSetFrequency",""
"exe:745298","tech","1","gml::LoadFMOD -> gml::PGMLVar::cast, ??0?$basic_string@_WU?$char_traits@_W@std@@V?$allocator@_W@2@@std@@QAE@ABV01@@Z","Defined: FMODInstanceSet3dConeOrientation",""
"exe:745310","tech","1","gml::LoadFMOD -> gml::PGMLVar::cast, ??0?$basic_string@_WU?$char_traits@_W@std@@V?$allocator@_W@2@@std@@QAE@ABV01@@Z","Defined: FMODGroupSetFrequency",""
"exe:745350","tech","1","gml::LoadFMOD -> gml::PGMLVar::cast, gml::PGMLVar::cast","FMODGroupGetVolume",""
"exe:74539c","tech","1","gml::LoadFMOD -> gml::PGMLVar::cast, ??0?$basic_string@_WU?$char_traits@_W@std@@V?$allocator@_W@2@@std@@QAE@ABV01@@Z","Defined: FMODGroupGetVolume",""
"exe:7453d4","tech","1","gml::LoadFMOD -> gml::PGMLVar::cast, gml::PGMLVar::cast","FMODGroupGetPitch",""
"exe:74541c","tech","1","gml::LoadFMOD -> gml::PGMLVar::cast, ??0?$basic_string@_WU?$char_traits@_W@std@@V?$allocator@_W@2@@std@@QAE@ABV01@@Z","Defined: FMODGroupGetPitch",""
"exe:745454","tech","1","gml::LoadFMOD -> gml::PGMLVar::cast, gml::PGMLVar::cast","FMODGroupGetPaused",""
"exe:7454a0","tech","1","gml::LoadFMOD -> gml::PGMLVar::cast, ??0?$basic_string@_WU?$char_traits@_W@std@@V?$allocator@_W@2@@std@@QAE@ABV01@@Z","Defined: FMODGroupGetPaused",""
"exe:7454d8","tech","1","gml::LoadFMOD -> gml::PGMLVar::cast, gml::PGMLVar::cast","FMODGroupGetMuted",""
"exe:745520","tech","1","gml::LoadFMOD -> gml::PGMLVar::cast, ??0?$basic_string@_WU?$char_traits@_W@std@@V?$allocator@_W@2@@std@@QAE@ABV01@@Z","Defined: FMODGroupGetMuted",""
"exe:745558","tech","1","gml::LoadFMOD -> gml::PGMLVar::cast, gml::PGMLVar::cast","FMODGroupSetPitch",""
"exe:7455a0","tech","1","gml::LoadFMOD -> gml::PGMLVar::cast, ??0?$basic_string@_WU?$char_traits@_W@std@@V?$allocator@_W@2@@std@@QAE@ABV01@@Z","Defined: FMODGroupSetPitch",""
"exe:7455d8","tech","1","gml::LoadFMOD -> gml::PGMLVar::cast, gml::PGMLVar::cast","FMODInstanceGetVolume",""
"exe:745628","tech","1","gml::LoadFMOD -> gml::PGMLVar::cast, ??0?$basic_string@_WU?$char_traits@_W@std@@V?$allocator@_W@2@@std@@QAE@ABV01@@Z","Defined: FMODInstanceGetVolume",""
"exe:745668","tech","1","gml::LoadFMOD -> gml::PGMLVar::cast, gml::PGMLVar::cast","FMODInstanceGetSound",""
"exe:7456b8","tech","1","gml::LoadFMOD -> gml::PGMLVar::cast, ??0?$basic_string@_WU?$char_traits@_W@std@@V?$allocator@_W@2@@std@@QAE@ABV01@@Z","Defined: FMODInstanceGetSound",""
"exe:7456f4","tech","1","gml::LoadFMOD -> gml::PGMLVar::cast, gml::PGMLVar::cast","FMODSoundGetMaxVolume",""
"exe:745744","tech","1","gml::LoadFMOD -> gml::PGMLVar::cast, ??0?$basic_string@_WU?$char_traits@_W@std@@V?$allocator@_W@2@@std@@QAE@ABV01@@Z","Defined: FMODSoundGetMaxVolume",""
"exe:745784","tech","1","gml::LoadFMOD -> gml::PGMLVar::cast, gml::PGMLVar::cast","FMODInstanceGetPaused",""
"exe:7457d4","tech","1","gml::LoadFMOD -> gml::PGMLVar::cast, ??0?$basic_string@_WU?$char_traits@_W@std@@V?$allocator@_W@2@@std@@QAE@ABV01@@Z","Defined: FMODInstanceGetPaused",""
"exe:745814","tech","1","gml::LoadFMOD -> gml::PGMLVar::cast, gml::PGMLVar::cast","FMODInstanceGetMuted",""
"exe:745864","tech","1","gml::LoadFMOD -> gml::PGMLVar::cast, ??0?$basic_string@_WU?$char_traits@_W@std@@V?$allocator@_W@2@@std@@QAE@ABV01@@Z","Defined: FMODInstanceGetMuted",""
"exe:7458a0","tech","1","gml::LoadFMOD -> gml::PGMLVar::cast, gml::PGMLVar::cast","FMODSoundAddEffect",""
"exe:7458ec","tech","1","gml::LoadFMOD -> gml::PGMLVar::cast, ??0?$basic_string@_WU?$char_traits@_W@std@@V?$allocator@_W@2@@std@@QAE@ABV01@@Z","Defined: FMODSoundAddEffect",""
"exe:745924","tech","1","gml::LoadFMOD -> gml::PGMLVar::cast, gml::PGMLVar::cast","FMODInstanceGetPosition",""
"exe:745978","tech","1","gml::LoadFMOD -> gml::PGMLVar::cast, ??0?$basic_string@_WU?$char_traits@_W@std@@V?$allocator@_W@2@@std@@QAE@ABV01@@Z","Defined: FMODInstanceGetPosition",""
"exe:7459bc","tech","1","gml::LoadFMOD -> gml::PGMLVar::cast, gml::PGMLVar::cast","FMODInstanceSetPosition",""
"exe:745a10","tech","1","gml::LoadFMOD -> gml::PGMLVar::cast, ??0?$basic_string@_WU?$char_traits@_W@std@@V?$allocator@_W@2@@std@@QAE@ABV01@@Z","Defined: FMODInstanceSetPosition",""
"exe:745a54","tech","1","gml::LoadFMOD -> gml::PGMLVar::cast, gml::PGMLVar::cast","FMODGroupSetPan",""
"exe:745a98","tech","1","gml::LoadFMOD -> gml::PGMLVar::cast, ??0?$basic_string@_WU?$char_traits@_W@std@@V?$allocator@_W@2@@std@@QAE@ABV01@@Z","Defined: FMODGroupSetPan",""
"exe:745acc","tech","1","gml::LoadFMOD -> gml::PGMLVar::cast, gml::PGMLVar::cast","FMODInstanceSetPan",""
"exe:745b18","tech","1","gml::LoadFMOD -> gml::PGMLVar::cast, ??0?$basic_string@_WU?$char_traits@_W@std@@V?$allocator@_W@2@@std@@QAE@ABV01@@Z","Defined: FMODInstanceSetPan",""
"exe:745b50","tech","1","gml::LoadFMOD -> gml::PGMLVar::cast, gml::PGMLVar::cast","FMODInstanceGetPan",""
"exe:745b9c","tech","1","gml::LoadFMOD -> gml::PGMLVar::cast, ??0?$basic_string@_WU?$char_traits@_W@std@@V?$allocator@_W@2@@std@@QAE@ABV01@@Z","Defined: FMODInstanceGetPan",""
"exe:745bd4","tech","1","gml::LoadFMOD -> gml::PGMLVar::cast, gml::PGMLVar::cast","FMODInstanceSetLoopCount",""
"exe:745c2c","tech","1","gml::LoadFMOD -> gml::PGMLVar::cast, gml::PGMLVar::cast","FMODInstanceGetLoopCount",""
"exe:745c60","tech","1","gml::LoadFMOD -> gml::PGMLVar::cast, ??0?$basic_string@_WU?$char_traits@_W@std@@V?$allocator@_W@2@@std@@QAE@ABV01@@Z","Defined: FMODInstanceSetLoopCount",""
"exe:745cc8","tech","1","gml::LoadFMOD -> gml::PGMLVar::cast, ??0?$basic_string@_WU?$char_traits@_W@std@@V?$allocator@_W@2@@std@@QAE@ABV01@@Z","Defined: FMODInstanceGetLoopCount",""
"exe:745d0c","tech","1","gml::LoadFMOD -> gml::PGMLVar::cast, gml::PGMLVar::cast","FMODBlockersInit",""
"exe:745d54","tech","1","gml::LoadFMOD -> gml::PGMLVar::cast, ??0?$basic_string@_WU?$char_traits@_W@std@@V?$allocator@_W@2@@std@@QAE@ABV01@@Z","Defined: FMODBlockersInit",""
"exe:745d88","tech","1","gml::LoadFMOD -> gml::PGMLVar::cast, gml::PGMLVar::cast","FMODBlockersFree",""
"exe:745dd0","tech","1","gml::LoadFMOD -> gml::PGMLVar::cast, ??0?$basic_string@_WU?$char_traits@_W@std@@V?$allocator@_W@2@@std@@QAE@ABV01@@Z","Defined: FMODBlockersFree",""
"exe:745e04","tech","1","gml::LoadFMOD -> gml::PGMLVar::cast, gml::PGMLVar::cast","FMODBlockerAdd",""
"exe:745e48","tech","1","gml::LoadFMOD -> gml::PGMLVar::cast, ??0?$basic_string@_WU?$char_traits@_W@std@@V?$allocator@_W@2@@std@@QAE@ABV01@@Z","Defined: FMODBlockerAdd",""
"exe:745e78","tech","1","gml::LoadFMOD -> gml::PGMLVar::cast, gml::PGMLVar::cast","FMODBlockerSet3dPosition",""
"exe:745ed0","tech","1","gml::LoadFMOD -> gml::PGMLVar::cast, ??0?$basic_string@_WU?$char_traits@_W@std@@V?$allocator@_W@2@@std@@QAE@ABV01@@Z","Defined: FMODBlockerSet3dPosition",""
"exe:745f14","tech","1","gml::LoadFMOD -> gml::PGMLVar::cast, gml::PGMLVar::cast","FMODBlockerSet3dOrientation",""
"exe:745f70","tech","1","gml::LoadFMOD -> gml::PGMLVar::cast, ??0?$basic_string@_WU?$char_traits@_W@std@@V?$allocator@_W@2@@std@@QAE@ABV01@@Z","Defined: FMODBlockerSet3dOrientation",""
"exe:745fbc","tech","1","gml::LoadFMOD -> gml::PGMLVar::cast, gml::PGMLVar::cast","FMODBlockerSet3dScale",""
"exe:74600c","tech","1","gml::LoadFMOD -> gml::PGMLVar::cast, ??0?$basic_string@_WU?$char_traits@_W@std@@V?$allocator@_W@2@@std@@QAE@ABV01@@Z","Defined: FMODBlockerSet3dScale",""
"exe:74604c","tech","2","gml::LoadFMOD -> gml::PGMLVar::cast, gml::PGMLVar::cast","FMODBlockerSetEnabled",""
"exe:74609c","tech","1","gml::LoadFMOD -> gml::PGMLVar::cast, ??0?$basic_string@_WU?$char_traits@_W@std@@V?$allocator@_W@2@@std@@QAE@ABV01@@Z","Defined: FMODBlockerSetEnabled",""
"exe:74612c","tech","1","gml::LoadFMOD -> gml::PGMLVar::cast, ??0?$basic_string@_WU?$char_traits@_W@std@@V?$allocator@_W@2@@std@@QAE@ABV01@@Z","Defined: FMODBlockerGetEnabled",""
"exe:74616c","tech","1","gml::LoadFMOD -> gml::PGMLVar::cast, gml::PGMLVar::cast","FMODBlockerGetStrength",""
"exe:7461c0","tech","1","gml::LoadFMOD -> gml::PGMLVar::cast, ??0?$basic_string@_WU?$char_traits@_W@std@@V?$allocator@_W@2@@std@@QAE@ABV01@@Z","Defined: FMODBlockerGetStrength",""
"exe:746200","tech","1","gml::LoadFMOD -> gml::PGMLVar::cast, gml::PGMLVar::cast","FMODBlockerSetStrength",""
"exe:746254","tech","1","gml::LoadFMOD -> gml::PGMLVar::cast, gml::PGMLVar::cast","FMODGetNumInstances",""
"exe:7462a0","tech","1","gml::LoadFMOD -> gml::PGMLVar::cast, ??0?$basic_string@_WU?$char_traits@_W@std@@V?$allocator@_W@2@@std@@QAE@ABV01@@Z","Defined: FMODBlockerSetStrength",""
"exe:7462e0","tech","1","gml::LoadFMOD -> gml::PGMLVar::cast, ??0?$basic_string@_WU?$char_traits@_W@std@@V?$allocator@_W@2@@std@@QAE@ABV01@@Z","Defined: FMODGetNumInstances",""
"exe:74631c","tech","1","gml::LoadFMOD -> gml::PGMLVar::cast, gml::PGMLVar::cast","FMODSetPassword",""
"exe:746360","tech","1","gml::LoadFMOD -> gml::PGMLVar::cast, ??0?$basic_string@_WU?$char_traits@_W@std@@V?$allocator@_W@2@@std@@QAE@ABV01@@Z","Defined: FMODSetPassword",""
"exe:746394","tech","1","gml::LoadFMOD -> gml::PGMLVar::cast, gml::PGMLVar::cast","FMODSoundIsStreamed",""
"exe:7463e0","tech","1","gml::LoadFMOD -> gml::PGMLVar::cast, ??0?$basic_string@_WU?$char_traits@_W@std@@V?$allocator@_W@2@@std@@QAE@ABV01@@Z","Defined: FMODSoundIsStreamed",""
"exe:74641c","tech","1","gml::LoadFMOD -> gml::PGMLVar::cast, gml::PGMLVar::cast","FMODSoundIs3d",""
"exe:74645c","tech","1","gml::LoadFMOD -> gml::PGMLVar::cast, ??0?$basic_string@_WU?$char_traits@_W@std@@V?$allocator@_W@2@@std@@QAE@ABV01@@Z","Defined: FMODSoundIs3d",""
"exe:74648c","tech","1","gml::LoadFMOD -> gml::PGMLVar::cast, gml::PGMLVar::cast","FMODSoundInstanciate",""
"exe:7464dc","tech","1","gml::LoadFMOD -> gml::PGMLVar::cast, ??0?$basic_string@_WU?$char_traits@_W@std@@V?$allocator@_W@2@@std@@QAE@ABV01@@Z","Defined: FMODSoundInstanciate",""
"exe:746518","tech","1","gml::LoadFMOD -> gml::PGMLVar::cast, gml::PGMLVar::cast","FMODSoundGetMaxDist",""
"exe:746564","tech","1","gml::LoadFMOD -> gml::PGMLVar::cast, ??0?$basic_string@_WU?$char_traits@_W@std@@V?$allocator@_W@2@@std@@QAE@ABV01@@Z","Defined: FMODSoundGetMaxDist",""
"exe:7465a0","tech","1","gml::LoadFMOD -> gml::PGMLVar::cast, gml::PGMLVar::cast","FMODInstanceSet3dMinMaxDistance",""
"exe:746604","tech","1","gml::LoadFMOD -> gml::PGMLVar::cast, gml::PGMLVar::cast","FMODInstanceSet3dDopplerMax",""
"exe:746660","tech","1","gml::LoadFMOD -> gml::PGMLVar::cast, ??0?$basic_string@_WU?$char_traits@_W@std@@V?$allocator@_W@2@@std@@QAE@ABV01@@Z","Defined: FMODInstanceSet3dMinMaxDistance",""
"exe:7466b4","tech","1","gml::LoadFMOD -> gml::PGMLVar::cast, gml::PGMLVar::cast","FMODInstanceSet3dCone",""
"exe:7466e0","tech","1","gml::LoadFMOD -> gml::PGMLVar::cast, ??0?$basic_string@_WU?$char_traits@_W@std@@V?$allocator@_W@2@@std@@QAE@ABV01@@Z","Defined: FMODInstanceSet3dDopplerMax",""
"exe:746750","tech","1","gml::LoadFMOD -> gml::PGMLVar::cast, ??0?$basic_string@_WU?$char_traits@_W@std@@V?$allocator@_W@2@@std@@QAE@ABV01@@Z","Defined: FMODInstanceSet3dCone",""
"exe:746790","tech","1","gml::LoadFMOD -> gml::PGMLVar::cast, gml::PGMLVar::cast","FMODSoundGetNumChannels",""
"exe:746808","tech","1","gml::LoadFMOD -> gml::PGMLVar::cast, ??0?$basic_string@_WU?$char_traits@_W@std@@V?$allocator@_W@2@@std@@QAE@ABV01@@Z","Defined: FMODSoundGetNumChannels",""
"exe:74684c","tech","1","gml::LoadFMOD -> gml::PGMLVar::cast, gml::PGMLVar::cast","FMODInstanceGetMaxDist",""
"exe:74687c","tech","1","gml::LoadFMOD -> gml::PGMLVar::cast, gml::PGMLVar::cast","FMODInstanceGetWaveSnapshot",""
"exe:7468d8","tech","1","gml::LoadFMOD -> gml::PGMLVar::cast, ??0?$basic_string@_WU?$char_traits@_W@std@@V?$allocator@_W@2@@std@@QAE@ABV01@@Z","Defined: FMODInstanceGetMaxDist",""
"exe:746918","tech","1","gml::LoadFMOD -> gml::PGMLVar::cast, ??0?$basic_string@_WU?$char_traits@_W@std@@V?$allocator@_W@2@@std@@QAE@ABV01@@Z","Defined: FMODInstanceGetWaveSnapshot",""
"exe:746988","tech","1","gml::LoadFMOD -> gml::PGMLVar::cast, gml::PGMLVar::cast","FMODInstanceGetSpectrumSnapshot",""
"exe:7469c8","tech","1","gml::LoadFMOD -> gml::PGMLVar::cast, ??0?$basic_string@_WU?$char_traits@_W@std@@V?$allocator@_W@2@@std@@QAE@ABV01@@Z","Defined: FMODInstanceGetSpectrumSnapshot",""
"exe:746a1c","tech","1","gml::LoadFMOD -> gml::PGMLVar::cast, gml::PGMLVar::cast","FMODGroupGetWaveSnapshot",""
"exe:746a74","tech","1","gml::LoadFMOD -> gml::PGMLVar::cast, gml::PGMLVar::cast","FMODGroupGetSpectrumSnapshot",""
"exe:746ab0","tech","1","gml::LoadFMOD -> gml::PGMLVar::cast, ??0?$basic_string@_WU?$char_traits@_W@std@@V?$allocator@_W@2@@std@@QAE@ABV01@@Z","Defined: FMODGroupGetWaveSnapshot",""
"exe:746b18","tech","1","gml::LoadFMOD -> gml::PGMLVar::cast, ??0?$basic_string@_WU?$char_traits@_W@std@@V?$allocator@_W@2@@std@@QAE@ABV01@@Z","Defined: FMODGroupGetSpectrumSnapshot",""
"exe:746b64","tech","1","gml::LoadFMOD -> gml::PGMLVar::cast, gml::PGMLVar::cast","FMODInstanceGetWaveSnapshot2",""
"exe:746be8","tech","1","gml::LoadFMOD -> gml::PGMLVar::cast, ??0?$basic_string@_WU?$char_traits@_W@std@@V?$allocator@_W@2@@std@@QAE@ABV01@@Z","Defined: FMODInstanceGetWaveSnapshot2",""
"exe:746c34","tech","1","gml::LoadFMOD -> gml::PGMLVar::cast, gml::PGMLVar::cast","FMODGroupGetWaveSnapshot2",""
"exe:746c68","tech","1","gml::LoadFMOD -> gml::PGMLVar::cast, gml::PGMLVar::cast","FMODInstanceGetSpectrumSnapshot2",""
"exe:746cd0","tech","1","gml::LoadFMOD -> gml::PGMLVar::cast, ??0?$basic_string@_WU?$char_traits@_W@std@@V?$allocator@_W@2@@std@@QAE@ABV01@@Z","Defined: FMODInstanceGetSpectrumSnapshot2",""
"exe:746d24","tech","1","gml::LoadFMOD -> gml::PGMLVar::cast, gml::PGMLVar::cast","FMODGroupGetSpectrumSnapshot2",""
"exe:746d60","tech","1","gml::LoadFMOD -> gml::PGMLVar::cast, ??0?$basic_string@_WU?$char_traits@_W@std@@V?$allocator@_W@2@@std@@QAE@ABV01@@Z","Defined: FMODGroupGetWaveSnapshot2",""
"exe:746dcc","tech","1","gml::LoadFMOD -> gml::PGMLVar::cast, gml::PGMLVar::cast","FMODNormalizeSpectrumData",""
"exe:746e00","tech","1","gml::LoadFMOD -> gml::PGMLVar::cast, ??0?$basic_string@_WU?$char_traits@_W@std@@V?$allocator@_W@2@@std@@QAE@ABV01@@Z","Defined: FMODGroupGetSpectrumSnapshot2",""
"exe:746e74","tech","1","gml::LoadFMOD -> gml::PGMLVar::cast, gml::PGMLVar::cast","FMODNormalizeWaveData",""
"exe:746ea0","tech","1","gml::LoadFMOD -> gml::PGMLVar::cast, ??0?$basic_string@_WU?$char_traits@_W@std@@V?$allocator@_W@2@@std@@QAE@ABV01@@Z","Defined: FMODNormalizeSpectrumData",""
"exe:746f0c","tech","1","gml::LoadFMOD -> gml::PGMLVar::cast, ??0?$basic_string@_WU?$char_traits@_W@std@@V?$allocator@_W@2@@std@@QAE@ABV01@@Z","Defined: FMODNormalizeWaveData",""
"exe:746f4c","tech","1","gml::LoadFMOD -> gml::PGMLVar::cast, gml::PGMLVar::cast","FMODGetSnapshotEntry",""
"exe:746f9c","tech","1","gml::LoadFMOD -> gml::PGMLVar::cast, ??0?$basic_string@_WU?$char_traits@_W@std@@V?$allocator@_W@2@@std@@QAE@ABV01@@Z","Defined: FMODGetSnapshotEntry",""
"exe:746fd8","tech","1","gml::LoadFMOD -> gml::PGMLVar::cast, gml::PGMLVar::cast","FMODGetWaveBuffer",""
"exe:747020","tech","1","gml::LoadFMOD -> gml::PGMLVar::cast, ??0?$basic_string@_WU?$char_traits@_W@std@@V?$allocator@_W@2@@std@@QAE@ABV01@@Z","Defined: FMODGetWaveBuffer",""
"exe:747058","tech","1","gml::LoadFMOD -> gml::PGMLVar::cast, gml::PGMLVar::cast","FMODGetSpectrumBuffer",""
"exe:7470a8","tech","1","gml::LoadFMOD -> gml::PGMLVar::cast, ??0?$basic_string@_WU?$char_traits@_W@std@@V?$allocator@_W@2@@std@@QAE@ABV01@@Z","Defined: FMODGetSpectrumBuffer",""
"exe:7470e8","tech","1","gml::LoadFMOD -> gml::PGMLVar::cast, gml::PGMLVar::cast","FMODEncryptFile",""
"exe:74712c","tech","1","gml::LoadFMOD -> gml::PGMLVar::cast, ??0?$basic_string@_WU?$char_traits@_W@std@@V?$allocator@_W@2@@std@@QAE@ABV01@@Z","Defined: FMODEncryptFile",""
"exe:747160","tech","1","gml::LoadFMOD -> gml::PGMLVar::cast, gml::PGMLVar::cast","FMODSoundGetLength",""
"exe:7471ac","tech","1","gml::LoadFMOD -> gml::PGMLVar::cast, ??0?$basic_string@_WU?$char_traits@_W@std@@V?$allocator@_W@2@@std@@QAE@ABV01@@Z","Defined: FMODSoundGetLength",""
"exe:7471e4","tech","1","gml::LoadFMOD -> gml::PGMLVar::cast, gml::PGMLVar::cast","FMODInstanceSoundGetLength",""
"exe:747240","tech","1","gml::LoadFMOD -> gml::PGMLVar::cast, ??0?$basic_string@_WU?$char_traits@_W@std@@V?$allocator@_W@2@@std@@QAE@ABV01@@Z","Defined: FMODInstanceSoundGetLength",""
"exe:747288","tech","1","gml::LoadFMOD -> gml::PGMLVar::cast, gml::PGMLVar::cast","FMODInstanceAddEffect",""
"exe:7472d8","tech","1","gml::LoadFMOD -> gml::PGMLVar::cast, ??0?$basic_string@_WU?$char_traits@_W@std@@V?$allocator@_W@2@@std@@QAE@ABV01@@Z","Defined: FMODInstanceAddEffect",""
"exe:747318","tech","1","gml::LoadFMOD -> gml::PGMLVar::cast, gml::PGMLVar::cast","FMODGroupAddEffect",""
"exe:747364","tech","1","gml::LoadFMOD -> gml::PGMLVar::cast, ??0?$basic_string@_WU?$char_traits@_W@std@@V?$allocator@_W@2@@std@@QAE@ABV01@@Z","Defined: FMODGroupAddEffect",""
"exe:74739c","tech","1","gml::LoadFMOD -> gml::PGMLVar::cast, gml::PGMLVar::cast","FMODEffectFree",""
"exe:7473e0","tech","1","gml::LoadFMOD -> gml::PGMLVar::cast, ??0?$basic_string@_WU?$char_traits@_W@std@@V?$allocator@_W@2@@std@@QAE@ABV01@@Z","Defined: FMODEffectFree",""
"exe:747410","tech","1","gml::LoadFMOD -> gml::PGMLVar::cast, gml::PGMLVar::cast","FMODSoundSetLoopCount",""
"exe:747460","tech","1","gml::LoadFMOD -> gml::PGMLVar::cast, ??0?$basic_string@_WU?$char_traits@_W@std@@V?$allocator@_W@2@@std@@QAE@ABV01@@Z","Defined: FMODSoundSetLoopCount",""
"exe:7474a0","tech","1","gml::LoadFMOD -> gml::PGMLVar::cast, gml::PGMLVar::cast","FMODSoundGetLoopCount",""
"exe:7474f0","tech","1","gml::LoadFMOD -> gml::PGMLVar::cast, ??0?$basic_string@_WU?$char_traits@_W@std@@V?$allocator@_W@2@@std@@QAE@ABV01@@Z","Defined: FMODSoundGetLoopCount",""
"exe:747530","tech","1","gml::LoadFMOD -> gml::PGMLVar::cast, gml::PGMLVar::cast","FMODSoundSetLoopPoints",""
"exe:747584","tech","1","gml::LoadFMOD -> gml::PGMLVar::cast, gml::PGMLVar::cast","FMODInstanceSetSpeakerMix",""
"exe:7475b8","tech","1","gml::LoadFMOD -> gml::PGMLVar::cast, ??0?$basic_string@_WU?$char_traits@_W@std@@V?$allocator@_W@2@@std@@QAE@ABV01@@Z","Defined: FMODSoundSetLoopPoints",""
"exe:74761c","tech","1","gml::LoadFMOD -> gml::PGMLVar::cast, gml::PGMLVar::cast","FMODInstanceSetLoopPoints",""
"exe:747650","tech","1","gml::LoadFMOD -> gml::PGMLVar::cast, ??0?$basic_string@_WU?$char_traits@_W@std@@V?$allocator@_W@2@@std@@QAE@ABV01@@Z","Defined: FMODInstanceSetSpeakerMix",""
"exe:7476bc","tech","1","gml::LoadFMOD -> gml::PGMLVar::cast, gml::PGMLVar::cast","FMODInstanceGetAudibility",""
"exe:7476f0","tech","1","gml::LoadFMOD -> gml::PGMLVar::cast, ??0?$basic_string@_WU?$char_traits@_W@std@@V?$allocator@_W@2@@std@@QAE@ABV01@@Z","Defined: FMODInstanceSetLoopPoints",""
"exe:74775c","tech","1","gml::LoadFMOD -> gml::PGMLVar::cast, gml::PGMLVar::cast","FMODUpdateTakeOverWhileLocked",""
"exe:747798","tech","1","gml::LoadFMOD -> gml::PGMLVar::cast, ??0?$basic_string@_WU?$char_traits@_W@std@@V?$allocator@_W@2@@std@@QAE@ABV01@@Z","Defined: FMODInstanceGetAudibility",""
"exe:747828","tech","1","gml::LoadFMOD -> gml::PGMLVar::cast, ??0?$basic_string@_WU?$char_traits@_W@std@@V?$allocator@_W@2@@std@@QAE@ABV01@@Z","Defined: FMODUpdateTakeOverWhileLocked",""
"exe:747878","tech","1","gml::LoadFMOD -> gml::PGMLVar::cast, gml::PGMLVar::cast","FMODUpdateTakeOverDone",""
"exe:7478a8","tech","1","gml::LoadFMOD -> gml::PGMLVar::cast, ??0?$basic_string@_WU?$char_traits@_W@std@@V?$allocator@_W@2@@std@@QAE@ABV01@@Z","Defined: FMODUpdateTakeOverDone",""
"exe:7478e8","tech","1","gml::LoadFMOD -> gml::PGMLVar::cast, gml::PGMLVar::cast","FMODSpectrumSetSnapshotType",""
"exe:747968","tech","1","gml::LoadFMOD -> gml::PGMLVar::cast, ??0?$basic_string@_WU?$char_traits@_W@std@@V?$allocator@_W@2@@std@@QAE@ABV01@@Z","Defined: FMODSpectrumSetSnapshotType",""
"exe:7479b4","tech","1","gml::LoadFMOD -> gml::PGMLVar::cast, gml::PGMLVar::cast","FMODInstanceGetNextTag",""
"exe:747a08","tech","1","gml::LoadFMOD -> gml::PGMLVar::cast, ??0?$basic_string@_WU?$char_traits@_W@std@@V?$allocator@_W@2@@std@@QAE@ABV01@@Z","Defined: FMODInstanceGetNextTag",""
"exe:747a48","tech","1","gml::LoadFMOD -> gml::PGMLVar::cast, gml::PGMLVar::cast","FMODGetTagName",""
"exe:747a68","tech","1","gml::LoadFMOD -> gml::PGMLVar::cast, ??0?$basic_string@_WU?$char_traits@_W@std@@V?$allocator@_W@2@@std@@QAE@ABV01@@Z","Defined: FMODGetTagName",""
"exe:747a98","tech","1","gml::LoadFMOD -> gml::PGMLVar::cast, gml::PGMLVar::cast","FMODGetTagData",""
"exe:747adc","tech","1","gml::LoadFMOD -> gml::PGMLVar::cast, ??0?$basic_string@_WU?$char_traits@_W@std@@V?$allocator@_W@2@@std@@QAE@ABV01@@Z","Defined: FMODGetTagData",""
"exe:747b0c","tech","1","gml::LoadFMOD -> gml::PGMLVar::cast, gml::PGMLVar::cast","FMODSoundAddAsyncStream",""
"exe:747b60","tech","1","gml::LoadFMOD -> gml::PGMLVar::cast, ??0?$basic_string@_WU?$char_traits@_W@std@@V?$allocator@_W@2@@std@@QAE@ABV01@@Z","Defined: FMODSoundAddAsyncStream",""
"exe:747ba4","tech","1","gml::LoadFMOD -> gml::PGMLVar::cast, gml::PGMLVar::cast","FMODSoundAsyncReady",""
"exe:747bf0","tech","1","gml::LoadFMOD -> gml::PGMLVar::cast, ??0?$basic_string@_WU?$char_traits@_W@std@@V?$allocator@_W@2@@std@@QAE@ABV01@@Z","Defined: FMODSoundAsyncReady",""
"exe:747c2c","tech","1","gml::LoadFMOD -> gml::PGMLVar::cast, gml::PGMLVar::cast","FMODInstanceAsyncOK",""
"exe:747c78","tech","1","gml::LoadFMOD -> gml::PGMLVar::cast, ??0?$basic_string@_WU?$char_traits@_W@std@@V?$allocator@_W@2@@std@@QAE@ABV01@@Z","Defined: FMODInstanceAsyncOK",""
"exe:747cd8","tech","1","gml::GlassBrokenBy -> gml::Achieve, GMLMap::Get","Hushcracker",""
"exe:747d24","text","2","gml::GlassBrokenBy -> gml::operator+, gml::operator+ | gml::GlassCeilingBreak -> gml::operator+, gml::operator+","The Hushcracker needs ","Для Hushcracker нужно "
"exe:747ddc","check","10","gml::ChangeSpriteTo -> gml::operator==, gml::PreserveTop | gml::ChangeSpriteTo -> gml::operator==, gml::RestoreTop | gml::RightClimbUp","Top",""
"exe:747e1c","tech","1","gml::HitAnyoneInTheWay -> gml::Achieve, GMLObjectInstance::Get","Doorbash",""
"exe:747e40","tech","1","gml::HitAnyoneInTheWay -> gml::Achieve, PGMLVar::Get","GesslerDoorbash",""
"exe:747e60","tech","1","gml::HitAnyoneInTheWay -> gml::Achieve, PGMLVar::Get","DoorbashSelf",""
"exe:747f0c","word","3","gml::MusicVolumeBar -> GMLObjectInstance::Get, gml::PGMLVar::operator= | gml::SoundVolumeBar -> GMLObjectInstance::Get, gml::PGMLVar::operator= | gml::OptionClicked -> GMLObjectInstance::Get, gml::PGMLVar::operator=","Off","Выкл"
"exe:747f18","text","1","gml::MusicVolumeBar -> gml::operator+, gml::PGMLVar::cast","Music volume: ","Громкость музыки: "
"exe:747f44","text","1","gml::SoundVolumeBar -> gml::operator+, gml::PGMLVar::cast","Sound volume: ","Громкость звуков: "
"exe:747f90","word","1","gml::OptionClicked -> GMLObjectInstance::Get, gml::PGMLVar::operator=","On","Вкл"
"exe:747fc8","text","1","gml::ShowBriefAndControls -> GMLObjectInstance::Get, gml::PGMLVar::operator=","BASIC CONTROLS#Move left and right:#Climb up and down:#Aim jump:#Jump:#Use:##TOOLS#Crosslink mode:#Draw gun:#Fire:##OTHER#Move your view:#Engage Hushcracker (if owned):#","ОСНОВНОЕ УПРАВЛЕНИЕ#Влево и вправо:#Лезть вверх и вниз:#Прицелить прыжок:#Прыжок:#Использовать:##ИНСТРУМЕНТЫ#Режим Кросслинка:#Достать пистолет:#Огонь:##ПРОЧЕЕ#Сдвинуть обзор:#Включить Hushcracker (если есть):#"
"exe:74811c","word","1","gml::ShowBriefAndControls -> GMLObjectInstance::Get, gml::PGMLVar::operator=","customised","настроено"
"exe:748154","text","1","gml::ShowBriefAndControls -> GMLObjectInstance::Get, gml::PGMLVar::operator=","cursor keys","стрелки"
"exe:74816c","check","1","gml::ShowBriefAndControls -> GMLObjectInstance::Get, GMLMap::Get","#left click mid-air#",""
"exe:748198","check","1","gml::ShowBriefAndControls -> GMLMap::Get, gml::PGMLVar::cast",")#left mouse button###",""
"exe:7481c8","check","1","gml::ShowBriefAndControls -> GMLMap::Get, gml::PGMLVar::cast",")#hold right mouse (or ",""
"exe:7481f8","check","1","gml::ShowBriefAndControls -> GMLMap::Get, gml::PGMLVar::cast","###mouse wheel (or ",""
"exe:74822c","check","2","gml::ShowBriefAndControls -> GMLMap::Get, gml::PGMLVar::cast"," and ",""
"exe:748238","check","1","gml::ShowBriefAndControls -> GMLMap::Get, gml::PGMLVar::cast","#hold left mouse button#release left mouse button#",""
"exe:7482b8","text","1","gml::ShowBriefAndControls -> gml::MenuOptionChosen, gml::PGMLVar::cast","Buy the game (saves and quits)","Купить игру (сохранить и выйти)"
"exe:7482f8","tech","1","gml::ShowBriefAndControls -> gml::operator+, gml::PGMLVar::cast","\Extras\Soundtrack\",""
"exe:748320","text","1","gml::ShowBriefAndControls -> gml::MenuOptionChosen, gml::PGMLVar::cast","Open the soundtrack (saves and quits)","Открыть саундтрек (сохранить и выйти)"
"exe:748370","tech","1","gml::ShowBriefAndControls -> gml::operator+, gml::PGMLVar::cast","\Extras\The Making of Gunpoint.mp4",""
"exe:7483b8","text","1","gml::ShowBriefAndControls -> gml::MenuOptionChosen, gml::PGMLVar::cast","Watch the Making of Gunpoint (saves and quits)","Смотреть «Создание Gunpoint» (сохранить и выйти)"
"exe:748418","tech","1","gml::ShowBriefAndControls -> gml::operator+, gml::PGMLVar::cast","\Extras\Prototype Pack\",""
"exe:748448","text","1","gml::ShowBriefAndControls -> gml::MenuOptionChosen, gml::PGMLVar::cast","Play the Prototype Pack (saves and quits)","Играть в Prototype Pack (сохранить и выйти)"
"exe:7484a0","text","1","gml::ShowBriefAndControls -> gml::MenuOptionChosen, gml::PGMLVar::cast","Join the Secret Beta Access List (saves and quits)","Вступить в список секретной беты (сохранить и выйти)"
"exe:74850c","text","1","gml::ShowBriefAndControls -> gml::string","#Noise: ","#Шум: "
"exe:748520","word","1","gml::ShowBriefAndControls -> gml::operator+, gml::operator+","Kills: ","Убийства: "
"exe:748534","tech","1","gml::ShowBriefAndControls -> GMLObjectInstance::Get, gml::string","s / ",""
"exe:748540","tech","1","gml::ShowBriefAndControls -> GMLObjectInstance::Get, gml::string","#Time/Par: ",""
"exe:748558","word","1","gml::ShowBriefAndControls -> gml::operator+, gml::operator+","Witnesses: ","Свидетели: "
"exe:748570","text","1","gml::ShowLaptopText -> gml::MenuOptionChosen, gml::PGMLVar::cast","Copy and close","Скопировать и закрыть"
"exe:748594","text","1","gml::ShowPauseMenu -> PGMLVar::Get, gml::PGMLVar::operator=","Save (this mission only)","Сохранить (только эту миссию)"
"exe:7485c8","word","1","gml::ShowPauseMenu -> PGMLVar::Get, gml::PGMLVar::operator=","Save","Сохранить"
"exe:7485f4","tech","5","gml::ReadLog -> GMLMap::Get, gml::operator+ | gml::WriteLog -> GMLMap::Get, gml::operator+","StatLog.gsl",""
"exe:748624","tech","6","gml::ReadLog -> GMLObjectInstance::Get, gml::PGMLVar::cast | gml::WriteLog -> gml::operator==, GMLObjectInstance::Get | gml::SaveProgress -> gml::SaveVariable, GMLObjectInstance::Get","END",""
"exe:74867c","tech","1","gml::LoadMusicFiles -> gml::operator+","\Music\Leviathan.ogg",""
"exe:7486a8","tech","1","gml::LoadMusicFiles -> gml::operator+","\Music\LeviathanCrosslink.ogg",""
"exe:7486e4","tech","1","gml::LoadMusicFiles -> gml::operator+","\Music\ColdHalls.ogg",""
"exe:748710","tech","1","gml::LoadMusicFiles -> gml::operator+","\Music\ColdHallsCrosslink.ogg",""
"exe:74874c","tech","1","gml::LoadMusicFiles -> gml::operator+","\Music\Shop.ogg",""
"exe:748794","tech","1","gml::StartEnabledLoops -> gml::operator+","\Music\Leviathan.guns",""
"exe:7487c0","tech","1","gml::StartEnabledLoops -> gml::operator+","\Music\LeviathanCrosslink.guns",""
"exe:748800","tech","1","gml::StartEnabledLoops -> gml::operator+","\Music\LeviathanLowKey.guns",""
"exe:748838","tech","1","gml::StartEnabledLoops -> gml::operator+","\Music\LeviathanLowKeyCrosslink.guns",""
"exe:748884","tech","1","gml::StartEnabledLoops -> gml::operator+","\Music\ColdHalls.guns",""
"exe:7488b0","tech","1","gml::StartEnabledLoops -> gml::operator+","\Music\ColdHallsCrosslink.guns",""
"exe:7488f0","tech","1","gml::StartEnabledLoops -> gml::operator+","\Music\SubterfugeShuffle.guns",""
"exe:74892c","tech","1","gml::StartEnabledLoops -> gml::operator+","\Music\Theme.guns",""
"exe:748950","tech","1","gml::StartEnabledLoops -> gml::operator+","\Music\SubterfugeShuffleCrosslink.guns",""
"exe:7489a0","tech","1","gml::StartEnabledLoops -> gml::operator+","\Music\FiveFloorGoodbye.guns",""
"exe:7489dc","tech","1","gml::StartEnabledLoops -> gml::operator+","\Music\Security.guns",""
"exe:748a08","tech","1","gml::StartEnabledLoops -> gml::operator+","\Music\SecurityCrosslink.guns",""
"exe:748a44","tech","1","gml::StartEnabledLoops -> gml::operator+","\Music\Shop.guns",""
"exe:748a68","tech","2","gml::AbortMission -> GMLMap::Get, gml::operator+ | gml::SharedSave -> GMLMap::Get, gml::operator+","Savegames\Missions.gun",""
"exe:748a9c","tech","1","gml::CompleteLevel -> gml::Achieve, gml::operator==","Complete",""
"exe:748ab0","tech","1","gml::CompleteLevel -> gml::Achieve","Free",""
"exe:749020","word","1","gml::ListPreviousMissions -> GMLObjectInstance::Get, GMLObjectInstance::Get","Mission","Миссия"
"exe:749030","word","1","gml::ListPreviousMissions -> GMLObjectInstance::Get, GMLObjectInstance::Get","Rating","Рейтинг"
"exe:74904c","word","1","gml::ListPreviousMissions -> GMLObjectInstance::Get, GMLObjectInstance::Get","Badges","Значки"
"exe:74905c","check","2","gml::ListPreviousMissions -> GMLObjectInstance::Get, GMLObjectInstance::Get | gml::PreviousMissionBlock -> GMLObjectInstance::Get, gml::operator==","Play",""
"exe:749134","check","4","gml::RightClimbDown -> GMLMap::Get, gml::PGMLVar::operator= | gml::LeftClimbDown -> GMLMap::Get, gml::PGMLVar::operator= | gml::DownClimbLeft -> GMLMap::Get, gml::PGMLVar::operator=","Climbing Down",""
"exe:749188","check","4","gml::RightClimbUp -> GMLMap::Get, gml::PGMLVar::operator= | gml::LeftClimbUp -> GMLMap::Get, gml::PGMLVar::operator= | gml::UpClimbRight -> GMLMap::Get, gml::PGMLVar::operator=","Climbing Up",""
"exe:749484","text","1","gml::LandHard -> GMLObjectInstance::Get, gml::PGMLVar::operator=","Collision 1",""
"exe:7494cc","text","1","gml::PunchAGuy -> PGMLVar::Get, gml::PGMLVar::operator=","Such a punchable face.","Так и просит кулака."
"exe:7494fc","tech","1","gml::PunchAGuy -> gml::Achieve, PGMLVar::Get","GesslerPunch",""
"exe:749518","tech","1","gml::PunchAGuy -> gml::Achieve, PGMLVar::Get","GesslerPunchDeath",""
"exe:7495c4","word","4","gml::SwitchControls -> gml::PGMLVar::cast, ??0?$basic_string@_WU?$char_traits@_W@std@@V?$allocator@_W@2@@std@@QAE@ABV01@@Z | gml::DefaultControls -> gml::PGMLVar::cast, ??0?$basic_string@_WU?$char_traits@_W@std@@V?$allocator@_W@2@@std@@QAE@ABV01@@Z | <.data table>","D",""
"exe:7495cc","word","4","gml::SwitchControls -> gml::PGMLVar::cast, ??0?$basic_string@_WU?$char_traits@_W@std@@V?$allocator@_W@2@@std@@QAE@ABV01@@Z | gml::DefaultControls -> gml::PGMLVar::cast, ??0?$basic_string@_WU?$char_traits@_W@std@@V?$allocator@_W@2@@std@@QAE@ABV01@@Z | <.data table>","W",""
"exe:7495d0","word","4","gml::SwitchControls -> gml::PGMLVar::cast, ??0?$basic_string@_WU?$char_traits@_W@std@@V?$allocator@_W@2@@std@@QAE@ABV01@@Z | gml::DefaultControls -> gml::PGMLVar::cast, ??0?$basic_string@_WU?$char_traits@_W@std@@V?$allocator@_W@2@@std@@QAE@ABV01@@Z | <.data table>","S",""
"exe:7495fc","check","1","gml::SwitchControls -> GMLMap::Get, gml::PGMLVar::operator=","Cursor keys",""
"exe:749704","text","2","gml::ResOption -> GMLObjectInstance::Get, gml::PGMLVar::operator="," - Suggested"," — рекомендуется"
"exe:749744","text","1","gml::ResOptionNative -> GMLObjectInstance::Get, gml::PGMLVar::operator="," (things might look small)"," (всё может выглядеть мелким)"
"exe:74977c","text","1","gml::ResOptionNative -> GMLObjectInstance::Get, gml::PGMLVar::operator="," (may not look right)"," (может отображаться некорректно)"
"exe:7497a8","word","1","gml::ResOptionNative -> gml::operator+, gml::PGMLVar::cast","Native","Родное"
"exe:7497b8","text","1","gml::ResOptionSafe -> gml::PGMLVar::cast, GMLObjectInstance::Get","Safe Mode (F2)","Безопасный режим (F2)"
"exe:749bcc","tech","2","gml::SaveSettings -> GMLMap::Get, gml::operator+ | gml::LoadSettings -> GMLMap::Get, gml::operator+","Savegames\Settings.gun",""
"exe:749c5c","text","1","gml::agDrawWorkshopSubmissionForm -> gml::PGMLVar::cast, PGMLVar::At","Please Wait...","Подождите..."
"exe:749c7c","text","1","gml::agDrawWorkshopSubmissionFailedForm -> gml::PGMLVar::cast, PGMLVar::At","Failed to submit to workshop","Не удалось отправить в Мастерскую"
"exe:749cb8","text","1","gml::agDrawCustomMissionFilters -> gml::agCustomMissionFilterChosen, gml::PGMLVar::cast","Local Files","Локальные файлы"
"exe:749cd0","text","1","gml::agDrawCustomMissionFilters -> gml::agCustomMissionFilterChosen, gml::PGMLVar::cast","My Workshop Files","Мои файлы в Мастерской"
"exe:749cf4","text","1","gml::agDrawCustomMissionFilters -> gml::agCustomMissionFilterChosen, gml::PGMLVar::cast","Workshop Subscriptions","Подписки в Мастерской"
"exe:749d28","tech","1","gml::agDrawCustomMissionFilters -> gml::agSteamGetSteamID","/My/",""
"exe:749d34","tech","2","gml::agDrawCustomMissionFilters -> gml::operator+, gml::operator+","Workshop/",""
"exe:749d48","tech","1","gml::agDrawCustomMissionFilters -> gml::agSteamGetSteamID","/Subscriptions/",""
"exe:749d80","text","1","gml::agWorkshopMissionChosen -> gml::operator+","Click to view on Workshop.","Нажмите, чтобы открыть в Мастерской."
"exe:749dc0","text","1","gml::agWorkshopMissionChosen -> gml::operator+","Click to edit a local copy of this level.","Нажмите, чтобы редактировать локальную копию уровня."
"exe:749ee4","text","1","<.data table>","Right Alt",""
"exe:749ef8","text","1","<.data table>","Right Control",""
"exe:749f14","text","1","<.data table>","Right Shift",""
"exe:749f2c","text","1","<.data table>","Numpad Enter",""
"exe:749f50","word","1","<.data table>","F12",""
"exe:749f58","word","1","<.data table>","F11",""
"exe:749f60","word","1","<.data table>","F10",""
"exe:749f68","word","1","<.data table>","F9",""
"exe:749f70","word","1","<.data table>","F8",""
"exe:749f78","word","1","<.data table>","F7",""
"exe:749f80","word","1","<.data table>","F6",""
"exe:749f88","word","1","<.data table>","F5",""
"exe:749f90","word","1","<.data table>","F4",""
"exe:749f98","word","1","<.data table>","F3",""
"exe:749fa0","word","1","<.data table>","F2",""
"exe:749fa8","word","1","<.data table>","F1",""
"exe:749fb0","tech","1","<.data table>","Numpad /",""
"exe:749fc4","text","1","<.data table>","Numpad -",""
"exe:749fd8","text","1","<.data table>","Numpad .",""
"exe:749fec","text","1","<.data table>","Numpad +",""
"exe:74a000","text","1","<.data table>","Numpad *",""
"exe:74a014","text","1","<.data table>","Numpad 9",""
"exe:74a028","text","1","<.data table>","Numpad 8",""
"exe:74a03c","text","1","<.data table>","Numpad 7",""
"exe:74a050","text","1","<.data table>","Numpad 6",""
"exe:74a064","text","1","<.data table>","Numpad 5",""
"exe:74a078","text","1","<.data table>","Numpad 4",""
"exe:74a08c","text","1","<.data table>","Numpad 3",""
"exe:74a0a0","text","1","<.data table>","Numpad 2",""
"exe:74a0b4","text","1","<.data table>","Numpad 1",""
"exe:74a0c8","text","1","<.data table>","Numpad 0",""
"exe:74a0dc","word","1","<.data table>","Z",""
"exe:74a0e0","word","1","<.data table>","Y",""
"exe:74a0e4","word","1","<.data table>","X",""
"exe:74a0ec","word","1","<.data table>","V",""
"exe:74a0f0","word","1","<.data table>","U",""
"exe:74a0f4","word","1","<.data table>","T",""
"exe:74a100","word","1","<.data table>","Q",""
"exe:74a104","word","1","<.data table>","P",""
"exe:74a108","word","1","<.data table>","O",""
"exe:74a10c","word","1","<.data table>","N",""
"exe:74a110","word","1","<.data table>","M",""
"exe:74a114","word","1","<.data table>","L",""
"exe:74a118","word","1","<.data table>","K",""
"exe:74a11c","word","1","<.data table>","J",""
"exe:74a120","word","1","<.data table>","I",""
"exe:74a124","word","1","<.data table>","H",""
"exe:74a128","word","1","<.data table>","G",""
"exe:74a12c","word","1","<.data table>","F",""
"exe:74a130","word","1","<.data table>","E",""
"exe:74a16c","word","1","<.data table>","Delete",""
"exe:74a17c","word","1","<.data table>","Insert",""
"exe:74a1b8","word","1","<.data table>","Home",""
"exe:74a1c4","word","1","<.data table>","End",""
"exe:74a1cc","tech","1","<.data table>","PageDown",""
"exe:74a1e0","tech","1","<.data table>","PageUp",""
"exe:74a1f0","word","1","<.data table>","Space",""
"exe:74a1fc","word","1","<.data table>","Escape",""
"exe:74a20c","text","2","<.data table>","Left Alt",""
"exe:74a220","text","2","<.data table>","Left Control",""
"exe:74a23c","text","2","<.data table>","Left Shift",""
"exe:74a254","word","1","<.data table>","Enter",""
"exe:74a260","word","1","<.data table>","Tab",""
"exe:74a268","word","1","<.data table>","Backspace",""
"exe:74a27c","word","1","gml::NameOfKey -> ??$?H_WU?$char_traits@_W@std@@V?$allocator@_W@1@@std@@YA?AV?$basic_string@_WU?$char_traits@_W@std@@V?$allocator@_W@2@@0@PB_W$$QAV10@@Z, ??3@YAXPAX@Z","Key ","Клавиша "
"exe:74a2c0","word","1","gml::execute_shell -> ??3@YAXPAX@Z, @__security_check_cookie@4","open",""
"exe:74a350","word","2","gml::do_game_load -> ?$basic_string::assign, ?$basic_string::compare | gml::game_load -> ?$basic_string::assign, ?$basic_string::compare","tempsave.sav",""
"exe:76be6c","tech","1","PInputWin32::IsXInputDevice","PID_",""
"exe:76be78","tech","1","PInputWin32::IsXInputDevice","VID_%4X",""
"exe:76be88","tech","1","PInputWin32::IsXInputDevice","VID_",""
"exe:76be94","tech","1","PInputWin32::IsXInputDevice","IG_",""
"exe:76be9c","tech","1","PInputWin32::IsXInputDevice","DeviceID",""
"exe:76beb0","tech","1","PInputWin32::IsXInputDevice","Win32_PNPEntity",""
"exe:76bed0","tech","1","PInputWin32::IsXInputDevice","\\.\root\cimv2",""
"exe:76cd6c","tech","1","PCmdLineParser::processCmdLine","h",""
"exe:7710b4","tech","1","lua_upvaluejoin -> lua_getinfo, lua_rawgeti","f",""
"exe:7712d8","tech","2","luaL_argerror -> lua_getinfo | luaC_step -> lua_setfield, lua_pushvalue","n",""
"exe:771d2c","tech","2","luaopen_coroutine -> 0x67ac30, luaL_checknumber | luaopen_coroutine -> 0x67ac30, 0x67ac30","l",""
"exe:772b48","tech","1","luaX_lookahead -> lua_pushstring, lua_setfield","k",""
