"id","kind","refs","context","original","translation"
"gpc:ActCorp1Brief.gpc:2","line","1","","Who the fuck are you?",""
"gpc:ActCorp1Brief.gpc:6","choice","1","","Conway, freelance espionage.",""
"gpc:ActCorp1Brief.gpc:8","choice","1","","Conway, hat fancier.",""
"gpc:ActCorp1Brief.gpc:10","choice","1","","Who the fuck are you?",""
"gpc:ActCorp1Brief.gpc:14","line","1","","The fuck does that mean? Fuck it, you'll do. Can't get a goddamn spy in this city.",""
"gpc:ActCorp1Brief.gpc:18","line","1","","Gessler, CEO, Intex. I need someone serious. Are you?",""
"gpc:ActCorp1Brief.gpc:22","choice","1","","As a pulmonary edema.",""
"gpc:ActCorp1Brief.gpc:24","choice","1","","Not that serious, no.",""
"gpc:ActCorp1Brief.gpc:26","choice","1","","I am serious, and don't call me Shirley.",""
"gpc:ActCorp1Brief.gpc:30","line","1","","Whatever. I make guns. Rooke makes guns. Rooke's working on some bullshit secret project she thinks is going to let her get around the gun ban, and she doesn't think I know about it. You're gonna steal it.",""
"gpc:ActCorp1Brief.gpc:34","choice","1","","Where is it?",""
"gpc:ActCorp1Brief.gpc:36","choice","1","","I'm not wild about stealing from Rooke.",""
"gpc:ActCorp1Brief.gpc:42","line","1","","Good point, first you're gonna find out where it is. She's outsourcing all the work to a company called TX Fabrications to keep it secret. Hit their admin center on Belsize Way, and search the main terminal. I'll text you the codename you're looking for.",""
"gpc:ActCorp1Brief.gpc:46","choice","1","","Got it.",""
"gpc:ActCorp1Brief.gpc:48","choice","1","","Any special requests?",""
"gpc:ActCorp1Brief.gpc:54","line","1","","Look, I don't judge assets by how well they blither into their fucking phones, so the jury's still out on you. If you wanna impress me, now or any time you're on an Intex op, don't leave witnesses. Anyone does see you, don't leave 'em breathing. Don't care how many hits it takes.",""
"gpc:ActCorp1Brief.gpc:58","choice","1","","Got it.",""
"gpc:ActCorp1Brief.gpc:60","choice","1","","Thanks for the tip, Gandhi.",""
"gpc:ActCorp1Brief.gpc:66","line","1","","Christ. Look, I don't care if you're fucking her. It's a corporation. This is business, and it's getting done whoever does it. Unless you're a goddamn employee, I suggest you look at this ridiculous fucking fee again and sign on the figurative fucking line.",""
"gpc:ActCorp1Debrief.gpc:2","line","1","","Get it?",""
"gpc:ActCorp1Debrief.gpc:6","choice","1","","Got it. The prototype's at a TX Fabrication facility on Lyle.",""
"gpc:ActCorp1Debrief.gpc:14","line","1","","Fuckin A. You'll hear from me when we're ready to move.",""
"gpc:ActCorp2Brief.gpc:2","line","1","","I know you've taken a job to steal one of my prototypes.",""
"gpc:ActCorp2Brief.gpc:6","choice","1","","Yep.",""
"gpc:ActCorp2Brief.gpc:8","choice","1","","Pfft, that doesn't sound like me.",""
"gpc:ActCorp2Brief.gpc:10","choice","1","","Honestly, it was the only thing going.",""
"gpc:ActCorp2Brief.gpc:14","line","1","","It's fine, you're freelance, you're under no obligation to my company. I'm contacting you because the job was a ruse. The prototype you're looking for doesn't exist, we've left the lethal weapons market completely.",""
"gpc:ActCorp2Brief.gpc:18","choice","1","","Well, that's gonna make my mission to retrieve it trickier.",""
"gpc:ActCorp2Brief.gpc:26","line","1","","Maybe not. I'd actually like Intex to steal something from us - something with a tracker on it. I'd be interested to know where it ends up.",""
"gpc:ActCorp2Brief.gpc:30","choice","1","","Why are you telling me?",""
"gpc:ActCorp2Brief.gpc:38","line","1","","We honestly don't have one. We don't have anything you could steal that would be convincing to Gessler as a prototype weapon. So... I need you to steal one.",""
"gpc:ActCorp2Brief.gpc:42","choice","1","","Aren't you afraid I'll tell Gessler?",""
"gpc:ActCorp2Brief.gpc:44","choice","1","","From who?",""
"gpc:ActCorp2Brief.gpc:46","choice","1","","So that I can give it to you, so that I can steal it from you.",""
"gpc:ActCorp2Brief.gpc:50","choice","1","","Well, this all makes perfect sense. Where am I going?",""
"gpc:ActCorp2Brief.gpc:58","line","1","","39 London Road.",""
"gpc:ActCorp2Brief.gpc:62","choice","1","","Got it.",""
"gpc:ActCorp2Brief.gpc:64","choice","1","","Any special requests?",""
"gpc:ActCorp2Brief.gpc:70","line","1","","I'd appreciate it if you could#keep violence to a minimum.",""
"gpc:ActCorp2Brief.gpc:74","line","1","","Yes.",""
"gpc:ActCorp2Brief.gpc:78","choice","1","","I hate this job.",""
"gpc:ActCorp2Brief.gpc:80","choice","1","","I love this job.",""
"gpc:ActCorp2Brief.gpc:82","choice","1","","Alright, whatever.",""
"gpc:ActCorp2Brief.gpc:86","line","1","","The same fabrication company who make our prototypes. They build them for other clients too, and I want you to steal something they're making for the automotive industry. It won't look like a weapon, but Intex won't know what it is. That means it'll get to their labs, and we can trace it there.",""
"gpc:ActCorp2Brief.gpc:90","line","1","","No, go ahead. It'll sound exactly like a ruse to cover up our secret prototype.",""
"gpc:ActCorp2Debrief.gpc:2","line","1","","Find it OK?",""
"gpc:ActCorp2Debrief.gpc:6","choice","1","","Yep.",""
"gpc:ActCorp2Debrief.gpc:8","choice","1","","What the hell is this?",""
"gpc:ActCorp2Debrief.gpc:14","line","1","","Great. Drop it in the trashcan at Union, I'll have someone pick it up, plant the tracker, and move it to the TX facility.",""
"gpc:ActCorp2Debrief.gpc:18","line","1","","Some kind of electric accelerator. My R&D guys looked into something a bit like it for projectiles once. Drop it in the trashcan at Union, I'll have someone pick it up, plant the tracker, and move it to the TX facility.",""
"gpc:ActCorp3Brief.gpc:2","line","1","","OK, you oughta know where you're going but I'll say it anyway: TX Fabrication, Lyle street. Steal Rooke's prototype.",""
"gpc:ActCorp3Debrief.gpc:2","line","1","","You get it?",""
"gpc:ActCorp3Debrief.gpc:6","choice","1","","Yep.",""
"gpc:ActCorp3Debrief.gpc:8","choice","1","","Yes, but there's something you should know about it.",""
"gpc:ActCorp3Debrief.gpc:14","line","1","","Yeah? Well spit it out.",""
"gpc:ActCorp3Debrief.gpc:18","choice","1","","It's a fake, and there's a tracker. Rooke had me help set it up.",""
"gpc:ActCorp3Debrief.gpc:20","choice","1","","It's really heavy. My arms hurt.",""
"gpc:ActCorp3Debrief.gpc:26","line","1","","Jesus H Ballsack. Are you fucking serious? No, don't answer that this time. Gimme a second.",""
"gpc:ActCorp3Debrief.gpc:30","line","1","","Alright, you know what? Fuck it. Play along. Do whatever she wants. Let's see what the robot bitch can do when I know she's coming.",""
"gpc:ActCorp3Debrief.gpc:34","choice","1","","Um, OK.",""
"gpc:ActCorp3Debrief.gpc:36","choice","1","","I'm fine with this for exactly as long as you're both paying me.",""
"gpc:ActCorp3Debrief.gpc:42","line","1","","Fuckin fantastico. Get off at Central, switch bags with the guy on the far bench. The cash is in his.",""
"gpc:ActCorp4Brief.gpc:2","line","1","","The tracker's operational. It's in a building we didn't know belonged to Intex, so if this is real, it could be big.",""
"gpc:ActCorp4Brief.gpc:6","choice","1","","What am I doing there?",""
"gpc:ActCorp4Brief.gpc:14","line","1","","Get the prototype back, so they don't have time to realise it's fake, and take anything else in that room that looks interesting. It's likely to be with their most sensitive stuff.",""
"gpc:ActCorp4Brief.gpc:18","choice","1","","Got it.",""
"gpc:ActCorp4Debrief.gpc:2","line","1","","What did you find?",""
"gpc:ActCorp4Debrief.gpc:6","choice","1","","Got the fake prototype and something else. Where do you want it?",""
"gpc:ActCorp4Debrief.gpc:14","line","1","","Great work! Same dead drop as last time, I'll have a man there shortly.",""
"gpc:ActOne1Brief.gpc:2","line","1","","On the top floor of this building there's a bank of servers with a computer nearby. If you can get to that, you can wipe the evidence that you were at our offices when Selena was killed.",""
"gpc:ActOne1Brief.gpc:14","choice","1","","How do I get in?",""
"gpc:ActOne1Brief.gpc:16","choice","1","","How do I wipe the data?",""
"gpc:ActOne1Brief.gpc:18","choice","1","","Got it.",""
"gpc:ActOne1Brief.gpc:30","line","1","","Good. Right now you look guilty as hell, and if you go down for this her real killer gets away.",""
"gpc:ActOne1Brief.gpc:42","line","1","","I've had one of our tech guys open the front door for you - their electrical systems are hackable from here, but for obvious reasons their servers aren't.",""
"gpc:ActOne1Brief.gpc:54","line","1","","I've seen your record, this'll be well within your abilities. Once you're in, the scrubber script I'm sending you will auto-wipe anything with today's date ending in .mp4.",""
"gpc:ActOne1Debrief.gpc:2","line","1","","Good job.",""
"gpc:ActOne1Debrief.gpc:14","choice","1","","Thanks.",""
"gpc:ActOne1Debrief.gpc:16","choice","1","","Well, not particularly.",""
"gpc:ActOne1Debrief.gpc:18","choice","1","","Walking through already open doors is my speciality.",""
"gpc:ActOne1Debrief.gpc:30","line","1","","Our feeds are backed up at four more facilities - the others are slightly better guarded, but nothing too taxing. I'll give you the addresses in order of security since, frankly, I have no idea how good you are.",""
"gpc:ActOne1Debrief.gpc:42","choice","1","","OK.",""
"gpc:ActOne1Debrief.gpc:44","choice","1","","That's a slightly creepy level of micro-management, but OK.",""
"gpc:ActOne1Debrief.gpc:46","choice","1","","Thanks for giving my personal crisis a difficulty curve.",""
"gpc:ActOne1Debrief.gpc:58","line","1","","You'll see a mission briefing for a job on Proudmore Drive - take it.",""
"gpc:ActOne1Debrief.gpc:70","line","1","","Any time.",""
"gpc:ActOne2Brief.gpc:2","line","1","","The Westfield facility has better security: my guy can open the front door for you, but the door to the server room is secure. Two guards working tonight - whoever's in the server room can probably open the door to it, so get him to do it for you.",""
"gpc:ActOne2Brief.gpc:21","choice","1","","Got it.",""
"gpc:ActOne2Brief.gpc:23","choice","1","","Isn't that kind of the opposite of a guard's job description?",""
"gpc:ActOne2Brief.gpc:41","line","1","","It is, but these guys spend more time dealing with electrical faults than professional spies. It shouldn't be hard to outwit them.",""
"gpc:ActOne3Brief.gpc:2","line","1","","I can't open the server room door on Ellis Street, and there are no guards working tonight. You'll have to do it yourself.",""
"gpc:ActOne3Brief.gpc:16","choice","1","","How?",""
"gpc:ActOne3Brief.gpc:18","choice","1","","No problem.",""
"gpc:ActOne3Brief.gpc:32","line","1","","Any building wired in the last 20 years puts everything on a single power grid. The way things are connected is all handled in software, and software can be hacked. If you've got a Crosslink, you can see all the connections and drag them around to work however you want: make a lightswitch open a door, whatever.",""
"gpc:ActOne3Brief.gpc:47","choice","1","","What actually is a Crosslink?",""
"gpc:ActOne3Brief.gpc:49","choice","1","","That doesn't seem like a great security feature.",""
"gpc:ActOne3Brief.gpc:51","choice","1","","Got it.",""
"gpc:ActOne3Brief.gpc:65","line","1","","It's not. Anyone who's actually expecting a hacker puts all their important stuff on an isolated circuit. The data here is a backup of a backup of a backup. They're more worried about hard drive failures than spies.",""
"gpc:ActOne3Brief.gpc:81","line","1","","It's just a mod for your phone that lets you hack into a building's electronics and rewire stuff. Some security geek put it out in closed beta, the only people using it are espionage operatives and asshole kids.",""
"gpc:ActOne4Brief.gpc:2","line","1","","I can't open the server room door on Ellis Street, and there are no guards working tonight. You'll have to do it yourself.",""
"gpc:ActOne4Brief.gpc:16","choice","1","","How?",""
"gpc:ActOne4Brief.gpc:18","choice","1","","No problem.",""
"gpc:ActOne4Brief.gpc:32","line","1","","Any building wired in the last 20 years puts everything on a single power grid. The way things are connected is all handled in software, and software can be hacked. If you've got a Crosslink, you can see all the connections and drag them around to work however you want: make a lightswitch open a door, whatever.",""
"gpc:ActOne4Brief.gpc:47","choice","1","","What actually is a Crosslink?",""
"gpc:ActOne4Brief.gpc:49","choice","1","","That doesn't seem like a great security feature.",""
"gpc:ActOne4Brief.gpc:51","choice","1","","Got it.",""
"gpc:ActOne4Brief.gpc:65","line","1","","It's not. Anyone who's actually expecting a hacker puts all their important stuff on an isolated circuit. The data here is a backup of a backup of a backup. They're more worried about hard drive failures than spies.",""
"gpc:ActOne4Brief.gpc:81","line","1","","It's just a mod for your phone that lets you hack into a building's electronics and rewire stuff. Some security geek put it out in closed beta, the only people using it are espionage operatives and asshole kids.",""
"gpc:ActOne5Brief.gpc:2","line","1","","This is the last facility with a copy of the footage, but it's stored on three different servers. You'll need to get to three different terminals and hack each one.",""
"gpc:ActOne5Brief.gpc:16","choice","1","","Got it.",""
"gpc:ActOne5Brief.gpc:18","choice","1","","Are you seeing anyone about your backup addiction?",""
"gpc:ActOne5Brief.gpc:32","line","1","","Well, you never know when a suspected murderer is going to try systematically erasing them.",""
"gpc:ActOne5Brief.gpc:47","choice","1","","Fair point.",""
"gpc:ActOne5Brief.gpc:49","choice","1","","You do if you hired him.",""
"gpc:ActOne5Brief.gpc:51","choice","1","","I guess you should actually be backing up more.",""
"gpc:ActOne5Brief.gpc:66","line","1","","Good luck.",""
"gpc:ActOne5Debrief.gpc:2","line","1","","Well, I think that concludes our business. There's nothing left that links you to Selena's murder, so the East Point police are going to have to look a little harder. If they don't find him, I will. And if they do, I'll know exactly where he is.",""
"gpc:ActOne5Debrief.gpc:14","choice","1","","Good.",""
"gpc:ActOne5Debrief.gpc:16","choice","1","","I appreciate the help, whatever the reasons.",""
"gpc:ActOne5Debrief.gpc:18","choice","1","","Then what?",""
"gpc:ActOne5Debrief.gpc:31","line","1","","Indeed.",""
"gpc:ActOne5Debrief.gpc:43","line","1","","I have a medical degree and a gun company. He's going to find out why that makes it a bad idea to kill someone I like.",""
"gpc:ActPolice1Brief.gpc:2","line","1","","Thanks for responding. The case I'm interested in is one you might have heard of - the victim's name was Selena Delgado, an employee of the Rooke firearms company.",""
"gpc:ActPolice1Brief.gpc:6","choice","1","","Yes, I'm... familiar with it.",""
"gpc:ActPolice1Brief.gpc:8","choice","1","","Nope, not ringing any bells.",""
"gpc:ActPolice1Brief.gpc:14","line","1","","The security camera footage from the murder scene was wiped, and Delgado's colleague Katie Collins was charged with the murder. I don't think she did it, and I'd like you to help prove that.",""
"gpc:ActPolice1Brief.gpc:18","choice","1","","Let me guess, you're a friend of the suspect?",""
"gpc:ActPolice1Brief.gpc:20","choice","1","","Let me guess, you knew the victim?",""
"gpc:ActPolice1Brief.gpc:22","choice","1","","Don't make me guess - why do you care?",""
"gpc:ActPolice1Brief.gpc:26","line","1","","I'm the chief of police.",""
"gpc:ActPolice1Brief.gpc:30","choice","1","","You're hiring me to investigate your own incompetence? Cool.",""
"gpc:ActPolice1Brief.gpc:38","line","1","","No, the department's. I was transferred here to do something about this town's atrocious record for corruption, and every other police chief who's been given that task has vanished or died in a freak gun accident.",""
"gpc:ActPolice1Brief.gpc:42","line","1","","I'm not them. I intend to do some actual good here, and to do that, I need to stay alive. So when it gets hard to tell whether my men are being lazy, stupid, or actually corrupt, it seems wiser not to ask them directly. That's why I need you.",""
"gpc:ActPolice1Brief.gpc:46","choice","1","","What's the plan?",""
"gpc:ActPolice1Brief.gpc:54","line","1","","Every off-site backup of that security camera feed was wiped that night, but the camera itself wasn't. Not everyone knows it, but the older models Rooke uses keep a local backup on the camera itself. I want you to go to the crime scene and get the camera's memory card.",""
"gpc:ActPolice1Brief.gpc:58","choice","1","","And that would, er, show you whoever was caught on camera there that night?",""
"gpc:ActPolice1Brief.gpc:60","choice","1","","So where am I headed?",""
"gpc:ActPolice1Brief.gpc:66","line","1","","Wedgewood Road, the Rooke office. Just get to the camera on the third floor, it should be easy to get the card out of it. The data will be strongly encrypted, but I can decode it if you can get it to me.",""
"gpc:ActPolice1Brief.gpc:70","line","1","","Hopefully, yes. If it's blank, we keep digging.",""
"gpc:ActPolice1Debrief.gpc:2","line","1","","Did you get the card?",""
"gpc:ActPolice1Debrief.gpc:6","choice","1","","Yep, sending you the data now.",""
"gpc:ActPolice1Debrief.gpc:8","choice","1","","Yep, but there's nothing on it.",""
"gpc:ActPolice1Debrief.gpc:10","choice","1","","Nope, it was gone.",""
"gpc:ActPolice1Debrief.gpc:14","line","1","","Excellent, good job.",""
"gpc:ActPolice1Debrief.gpc:18","line","1","","God damn it. One of my idiot officers must have switched the camera back on - the card's full, but it's only the last few nights. Whatever it recorded on the night of the murder was over-written days ago.",""
"gpc:ActPolice1Debrief.gpc:22","line","1","","That's suspicious. Very few people know about the on-board backup on that model, and I can't think why someone would wipe the card and then go to the trouble of putting it back in.",""
"gpc:ActPolice1Debrief.gpc:26","line","1","","Thanks for your help, anyway. I'll get back to you when I know our next move.",""
"gpc:ActPolice1Debrief.gpc:30","line","1","","Damn. I'm surprised, very few people know about the on-board backup on that model.",""
"gpc:ActPolice2Brief.gpc:2","line","1","","We caught a break: one of the DataSec facilities the murderer broke into that night had a security camera. Unfortunately I can't get a warrant for the footage without letting my men know I've re-opened the case, so I need you to get it for me.",""
"gpc:ActPolice2Brief.gpc:6","choice","1","","You think the guy who wiped footage didn't wipe the footage of him wiping the footage?",""
"gpc:ActPolice2Brief.gpc:8","choice","1","","So if I get this, we'll know who he is?",""
"gpc:ActPolice2Brief.gpc:10","choice","1","","Did any of the guards see him?",""
"gpc:ActPolice2Brief.gpc:14","choice","1","","Alright, how do I do it?",""
"gpc:ActPolice2Brief.gpc:22","line","1","","He may not be a clever man.",""
"gpc:ActPolice2Brief.gpc:26","line","1","","If he walked in front of that camera, we'll know what he looks like. He may not be in our database, so we'll still need to figure out how to find him.",""
"gpc:ActPolice2Brief.gpc:30","line","1","","None who could give a usable description. ""Guy in a coat,"" was my favourite.",""
"gpc:ActPolice2Brief.gpc:34","line","1","","Just get to the terminal at their main servers on the ground floor. The data will probably be encrypted again, so just copy it and send it to me when you get out.",""
"gpc:ActPolice2Brief.gpc:38","choice","1","","Got it.",""
"gpc:ActPolice2Brief.gpc:40","choice","1","","Sure, I'll definitely do exactly that.",""
"gpc:ActPolice2Debrief.gpc:2","line","1","","Any luck?",""
"gpc:ActPolice2Debrief.gpc:6","choice","1","","Yep, here's what I got off the servers. (Real data)",""
"gpc:ActPolice2Debrief.gpc:8","choice","1","","Yep, here's what I got off the servers. (Random garbage)",""
"gpc:ActPolice2Debrief.gpc:14","line","1","","Alright, you don't need to actually say it's the real data, I trust you.",""
"gpc:ActPolice2Debrief.gpc:18","line","1","","Decrypted - we have actual footage of our killer! Guy in a trenchcoat and hat. Can't see his face, but there's no way this is Katie Collins. Anyone else we suspect, we can compare their movement signatures to this and prove whether it's the same person. Good job.",""
"gpc:ActPolice2Debrief.gpc:22","line","1","","Decrypted - no luck. The night of the break-in's here, but the guy never sets foot in the lobby. He's smarter than we thought.",""
"gpc:ActPolice2Debrief.gpc:26","line","1","","Hmm, it's not decrypting. You're right, this is just random garbage. Either that or they're using a whole new cypher for some reason. I'll keep working on it and let you know what our next move is.",""
"gpc:ActPolice3Brief.gpc:2","line","1","","I've discovered evidence that Selena Delgado's post-mortem was altered after Katie Collins was arrested. What I don't know is why - are my men covering for one of their own, or just changing the facts to fit the easiest suspect to convict?",""
"gpc:ActPolice3Brief.gpc:6","choice","1","","What do you want me to do about it?",""
"gpc:ActPolice3Brief.gpc:14","line","1","","If you can get to the coroner's computer in our HQ, you might be able to find an autosave of the original somewhere on there. If we can see what the difference is, it might confirm whether this is corruption or just laziness.",""
"gpc:ActPolice3Brief.gpc:18","choice","1","","Got it.",""
"gpc:ActPolice3Brief.gpc:20","choice","1","","Can't you, police chief of the actual police, get this police thing from the police?",""
"gpc:ActPolice3Brief.gpc:26","line","1","","Ask my predecessor. You can't, he was shot six times in the chest shortly after referring one of his officers to internal affairs for document forgery.",""
"gpc:ActPolice3Brief.gpc:30","choice","1","","Alright, point taken.",""
"gpc:ActPolice3Brief.gpc:32","choice","1","","Who's to say that was even related?",""
"gpc:ActPolice3Brief.gpc:38","line","1","","The police chief of the actual police.",""
"gpc:ActPolice3Brief.gpc:42","line","1","","(Me)",""
"gpc:ActPolice3Debrief.gpc:2","line","1","","Did you find the original obituary?",""
"gpc:ActPolice3Debrief.gpc:6","choice","1","","Yep, here it is.",""
"gpc:ActPolice3Debrief.gpc:8","choice","1","","Fresh from the Recycle Bin - I suspect we are not dealing with a clever cop.",""
"gpc:ActPolice3Debrief.gpc:14","line","1","","Superb.",""
"gpc:ActPolice3Debrief.gpc:18","line","1","","Oh wow. She was shot three times, not one. And the second two shots were point blank range, seconds after she hit the ground. Whoever killed Selena Delgado, they dropped out of a third story window to make sure she was dead. We're either dealing with a professional operative or more than one shooter. Either way, this suggests Katie Collins is innocent.",""
"gpc:ActPolice3Debrief.gpc:22","choice","1","","Can we release it?",""
"gpc:ActPolice3Debrief.gpc:30","line","1","","Yes, but not yet. I need enough to get every dirty cop in this town arrested the moment I go public with this, or I'll disappear under suspicious circumstances. I can handle that side of it, but I'll get in touch if I find any more about our killer. Thanks, Conway.",""
"gpc:ActPolice4Brief.gpc:2","line","1","","I think I've got something.",""
"gpc:ActPolice4Brief.gpc:6","choice","1","","What?",""
"gpc:ActPolice4Brief.gpc:14","line","1","","That post-mortem you retrieved showed that Selena was shot again, point blank, with the same weapon, right after hitting the ground. Which suggests our killer threw himself out of a third story window just to make sure she was dead.",""
"gpc:ActPolice4Brief.gpc:18","choice","1","","Agreed.",""
"gpc:ActPolice4Brief.gpc:20","choice","1","","Can't fault him for enthusiasm.",""
"gpc:ActPolice4Brief.gpc:22","choice","1","","People who throw themselves out of third story windows aren't all bad.",""
"gpc:ActPolice4Brief.gpc:26","line","1","","That means he had tech - I'm guessing a Dropshot trenchcoat, but who knows what else. So I tracked some shipments from TX Fabrications, who make that stuff, and it turned up an address right across the street from the crime scene.",""
"gpc:ActPolice4Brief.gpc:30","choice","1","","Oh... cool.",""
"gpc:ActPolice4Brief.gpc:32","choice","1","","Oh.... yeah?",""
"gpc:ActPolice4Brief.gpc:34","choice","1","","Oh... great.",""
"gpc:ActPolice4Brief.gpc:38","line","1","","I want you to check it out, look for any evidence of what kit this guy might have, and anything else suspicious. Up for it?",""
"gpc:ActPolice4Brief.gpc:42","choice","1","","Always.",""
"gpc:ActPolice4Brief.gpc:44","choice","1","","I, um, have to go now...",""
"gpc:ActPolice4Debrief.gpc:2","line","1","","Find anything?",""
"gpc:ActPolice4Debrief.gpc:6","choice","1","","Yep, packaging for Bullfrog projectile trousers.",""
"gpc:ActPolice4Debrief.gpc:8","choice","1","","Nope, the place was clean. Only thing this guy's guilty of is great taste.",""
"gpc:ActPolice4Debrief.gpc:14","line","1","","Damn. It might be a dummy address, I can't find any records of who rents it. I'll keep digging and let you know what turns up.",""
"gpc:ActPolice4Debrief.gpc:18","line","1","","That's interesting. It proves he's an agent, but to be honest that's pretty novice kit. A pro like ours wouldn't just be getting around to trying out the springy legs gadget. Let me keep digging and I'll get back to you.",""
"gpc:ActPolice5Brief.gpc:2","line","1","","A source I trust has tipped me off to a recording of everything that happened in Rooke's office the night of Delgado's murder. It's from a second camera, one that was backed up to a secure DataSec facility without the killer knowing. I need you to break into DataSec and get that recording for me.",""
"gpc:ActPolice5Brief.gpc:6","choice","1","","Where was the second camera?",""
"gpc:ActPolice5Brief.gpc:8","choice","1","","Who's the source?",""
"gpc:ActPolice5Brief.gpc:10","choice","1","","Why do you believe them?",""
"gpc:ActPolice5Brief.gpc:14","choice","1","","Right, I'll just check it out then.",""
"gpc:ActPolice5Brief.gpc:16","choice","1","","Well, thanks for the information, you've been a big help.",""
"gpc:ActPolice5Brief.gpc:22","line","1","","I can't tell you that yet.",""
"gpc:ActPolice5DebriefSeen.gpc:2","line","1","","Thanks, now I have everything I need.",""
"gpc:ActPolice5DebriefSeen.gpc:6","choice","1","","Er, I haven't sent you the data yet.",""
"gpc:ActPolice5DebriefSeen.gpc:8","choice","1","","For what?",""
"gpc:ActPolice5DebriefSeen.gpc:14","line","1","","The file on that terminal is random garbage. I put it there myself. I just needed to get you on camera, so I could compare it to the footage from the break-in at DataSec. The movement signatures are a match. You killed Selena Delgado.",""
"gpc:ActPolice5DebriefSeen.gpc:66","choice","1","","I didn't, but I was there, and think I know who did.",""
"gpc:ActPolice5DebriefSeen.gpc:68","choice","1","","News to me. Good luck proving it with the inadmissable evidence I stole for you, though.",""
"gpc:ActPolice5DebriefSeen.gpc:70","choice","1","","Sure, OK, why not.",""
"gpc:ActPolice5DebriefSeen.gpc:74","line","1","","I don't know why you did it, but I'm not going to stop until I have something I can use in court. I hope you have a good lawyer.",""
"gpc:ActPolice5DebriefSeen.gpc:78","choice","1","","Seriously, I did wipe the DataSec footage because I was at the scene, but I didn't kill her.",""
"gpc:ActPolice5DebriefSeen.gpc:80","choice","1","","I hope you have a good morgue. And I've been there, you don't.",""
"gpc:ActPolice5DebriefSeen.gpc:82","choice","1","","Logically though, shouldn't you hope I have a bad one?",""
"gpc:ActPolice5DebriefSeen.gpc:86","line","1","","This ought to be good. Who did?",""
"gpc:ActPolice5DebriefSeen.gpc:90","choice","1","","Rooke's husband, Mark Jackson.",""
"gpc:ActPolice5DebriefSeen.gpc:92","choice","1","","An Intex agent, I don't know his name.",""
"gpc:ActPolice5DebriefSeen.gpc:94","choice","1","","It actually was Katie Collins, and this has all been a hilariously ironic waste of time.",""
"gpc:ActPolice5DebriefSeen.gpc:98","line","1","","Yeah, nice try. I don't know why you did it, but I'm not going to stop until I have something I can use in court. I hope you have a good lawyer.",""
"gpc:ActPolice5DebriefUnseen.gpc:2","line","1","","So, did you find the file?",""
"gpc:ActPolice5DebriefUnseen.gpc:6","choice","1","","Yep, here it is.",""
"gpc:ActPolice5DebriefUnseen.gpc:8","choice","1","","(Lie) Nope, there was nothing on the terminal.",""
"gpc:ActPolice5DebriefUnseen.gpc:14","line","1","","I know for a fact there was, and not just because you put (Lie) in front of all your lies. I put a dummy file on that server to see if you really wanted to catch Selena's killer or not. You don't - because you did it.",""
"gpc:ActPolice5DebriefUnseen.gpc:18","line","1","","Huh. I'll be honest, this is a dummy file I put there. You match everything we know about Selena's killer, so I had to test where your allegiances lay. I apologise for the distrust, I'm sure you understand.",""
"gpc:ActPolice5DebriefUnseen.gpc:22","choice","1","","Of course.",""
"gpc:ActPolice5DebriefUnseen.gpc:24","choice","1","","No, I kinda lost the plot on mission 2. I just like getting paid.",""
"gpc:ActPolice5DebriefUnseen.gpc:26","choice","1","","Well, you were close: I did wipe the DataSec footage, but I didn't kill Delgado.",""
"gpc:ActPolice5DebriefUnseen.gpc:30","line","1","","What? And you've been helping me investigate... yourself?",""
"gpc:ActPolice5DebriefUnseen.gpc:34","choice","1","","I may have issues.",""
"gpc:ActPolice5DebriefUnseen.gpc:36","choice","1","","Well, I knew we'd never catch me.",""
"gpc:ActPolice5DebriefUnseen.gpc:38","choice","1","","What can I say, you pay well.",""
"gpc:ActPolice5DebriefUnseen.gpc:42","line","1","","So you wiped the footage because it made you look guilty. Did you see who actually did it?",""
"gpc:ActPolice5DebriefUnseen.gpc:46","choice","1","","No, but I suspect it was Rooke's husband, Mark Jackson.",""
"gpc:ActPolice5DebriefUnseen.gpc:48","choice","1","","No, but I suspect it was someone working for Intex.",""
"gpc:ActPolice5DebriefUnseen.gpc:50","choice","1","","No, I'm still working on that.",""
"gpc:ActPolice5DebriefUnseen.gpc:54","line","1","","Jesus. Alright, well you've helped me get to the bottom of my corruption problem, at least. Turns out my men are just lazy idiots. That's gonna make it hard to make progress on the Delgado case for a while, so if you find the guy who did it before I do...",""
"gpc:ActPolice5DebriefUnseen.gpc:58","line","1","","Just send me a text on your way there. If we get reports of gunshots or anything, we might be a bit slow to respond. We might not solve that case.",""
"gpc:ActPolice5DebriefUnseen.gpc:62","line","1","","Alright, I'll keep looking into it. Let me know if you find anything yourself, and thanks for all your help.",""
"gpc:ActPolice5DebriefUnseen.gpc:66","choice","1","","I didn't, but I was there, and think I know who did.",""
"gpc:ActPolice5DebriefUnseen.gpc:68","choice","1","","Good luck proving that with the inadmissable evidence I stole for you.",""
"gpc:ActPolice5DebriefUnseen.gpc:70","choice","1","","Sure, OK, why not.",""
"gpc:ActPolice5DebriefUnseen.gpc:74","line","1","","I don't know why you did it, but I'm not going to stop until I have something I can use in court. I hope you have a good lawyer.",""
"gpc:ActPolice5DebriefUnseen.gpc:78","choice","1","","Seriously, I did wipe the DataSec footage, but I didn't kill her.",""
"gpc:ActPolice5DebriefUnseen.gpc:80","choice","1","","I hope you have a good morgue. And I've been there, you don't.",""
"gpc:ActPolice5DebriefUnseen.gpc:82","choice","1","","Logically though, shouldn't you hope I have a bad one?",""
"gpc:ActPolice5DebriefUnseen.gpc:86","line","1","","This ought to be good. Who did?",""
"gpc:ActPolice5DebriefUnseen.gpc:90","choice","1","","Rooke's husband, Mark Jackson.",""
"gpc:ActPolice5DebriefUnseen.gpc:92","choice","1","","An Intex agent, I don't know his name.",""
"gpc:ActPolice5DebriefUnseen.gpc:94","choice","1","","It actually was Collins, and this has all been a hilariously ironic waste of time.",""
"gpc:ActPolice5DebriefUnseen.gpc:98","line","1","","Yeah, nice try. I don't know why you did it, but I'm not going to stop until I have something I can use in court. I hope you have a good lawyer.",""
"gpc:ActThreeJacksonDebrief.gpc:2","line","1","","My badass fucking super agent! I saw the recording go up! You do realise you just set the internet on fire?",""
"gpc:ActThreeJacksonDebrief.gpc:6","choice","1","","I do.",""
"gpc:ActThreeJacksonDebrief.gpc:8","choice","1","","Oh good.",""
"gpc:ActThreeJacksonDebrief.gpc:10","choice","1","","I hate to bring up money but- no, turns out I'm fine with it.",""
"gpc:ActThreeJacksonDebrief.gpc:14","line","1","","I'm about to wire you cash you could drown in, the second my release goes through.",""
"gpc:ActThreeJacksonDebrief.gpc:18","line","1","","Listen, I am sorry about Katie. And Selena. Christ, this got fucked up. But you did the right thing. I don't know which agent he used, but Gessler's the one who has to go down for Selena. I'm just glad he finally pissed off someone with the balls to do it.",""
"gpc:ActThreeJacksonDebrief.gpc:22","line","1","","Hilariously, the bug he had in my phone also recorded him blackmailing me and conspiring to steal from Rooke. If you can get to him tonight and make sure he's in no state to leave his office, the cops will take it from there.",""
"gpc:ActThreeJacksonDebrief.gpc:26","line","1","","But if you just want to kill the fucker, you've got my blessing.",""
"gpc:ActThreeJacksonIntro.gpc:2","line","1","","This is Jackson. The recording you have of me is real, but it's not the whole story. Selena and I were having an affair. When I told her not to say anything, I was trying to protect her.",""
"gpc:ActThreeJacksonIntro.gpc:6","choice","1","","From who?",""
"gpc:ActThreeJacksonIntro.gpc:8","choice","1","","From whom?",""
"gpc:ActThreeJacksonIntro.gpc:14","line","1","","Intex. They blackmailed me to steal a large sum of money from Rooke. I used their plan to take it, but I didn't give it to Intex: I was going to use it to blow the country with Selena. I was warning her to keep that to herself, because I knew if Intex found out they'd have her killed. If I'd known they were tapping my phone... the irony is not fucking lost.",""
"gpc:ActThreeJacksonIntro.gpc:18","choice","1","","Why didn't Intex kill you too?",""
"gpc:ActThreeJacksonIntro.gpc:20","choice","1","","Why did you even tell Selena?",""
"gpc:ActThreeJacksonIntro.gpc:22","choice","1","","Cut to the chase.",""
"gpc:ActThreeJacksonIntro.gpc:26","line","1","","She was a smart girl, she wasn't going to run off with me without knowing where the money came from. I knew she wouldn't be wild about stealing from Rooke, but we didn't have much choice. Giving it to Intex would be worse, and doing nothing meant Intex would go public with the affair.",""
"gpc:ActThreeJacksonIntro.gpc:30","line","1","","They needed me to steal the money from Rooke. We sometimes channel money through my firm to dodge tax, so for a day or two the money would be in my name. If I died before transferring it to Intex, the money would go straight back to Rooke when she inherited my company.",""
"gpc:ActThreeJacksonIntro.gpc:34","line","1","","I don't know how Rooke got hold of that recording, but I know why she edited it, and I know why she gave it to you. She knows about me and Selena, and she knows about the money. If I get arrested now, it defaults back to her. She's trying to frame me.",""
"gpc:ActThreeJacksonIntro.gpc:38","choice","1","","So what do you want?",""
"gpc:ActThreeJacksonIntro.gpc:46","line","1","","The full recording. Public. Online. It proves the one Rooke leaked was doctored, and it proves I didn't kill Selena. The terminal that recorded it logged the location of both phones at the time: I was out of town minutes before she died.",""
"gpc:ActThreeJacksonIntro.gpc:50","line","1","","That terminal is in Intex's ops center on Harvey Street. If you can get in, you can upload the full recording from there. I'll post it as an official job so I can pay you securely.",""
"gpc:ActThreeRookeDebrief.gpc:2","line","1","","Is it done?",""
"gpc:ActThreeRookeDebrief.gpc:6","choice","1","","It's done.",""
"gpc:ActThreeRookeDebrief.gpc:8","choice","1","","Is what done?",""
"gpc:ActThreeRookeDebrief.gpc:14","line","1","","Fantastic. God, it's been a shitty few days. Thank you for ending it.",""
"gpc:ActThreeRookeDebrief.gpc:18","choice","1","","No problem.",""
"gpc:ActThreeRookeDebrief.gpc:20","choice","1","","You could thank me by telling me who killed Selena Delgado.",""
"gpc:ActThreeRookeDebrief.gpc:26","line","1","","Selena was killed by an agent codenamed Hightower, on Gessler's orders. Gessler was blackmailing Jackson to steal from me, but Jackson was planning to run off with Selena and the money. Gessler would have killed them both, but the money was still in Jackson's name. So he took away Jackson's reason to run.",""
"gpc:ActThreeRookeDebrief.gpc:30","line","1","","I have enough evidence to put Gessler away, but he knows that now. If you don't get him and Hightower tonight, they'll both be gone by the morning. I still have access to Intex's comms network - I've called Hightower to Intex HQ, told him Gessler wants to meet. I strongly recommend you bring a gun, even if you don't intend to fire it.",""
"gpc:ActThreeRookeDebrief.gpc:34","choice","1","","Thanks, it's been a pleasure.",""
"gpc:ActThreeRookeDebrief.gpc:36","choice","1","","Thanks, it's been weird.",""
"gpc:ActThreeRookeDebrief.gpc:38","choice","1","","Thanks, I'm off to commit double homicide.",""
"gpc:ActThreeRookeDebrief.gpc:42","line","1","","I'm not going to miss working with you, am I?",""
"gpc:ActThreeRookeDebrief.gpc:46","line","1","","Good luck, Richard.",""
"gpc:ActThreeRookeIntro.gpc:2","line","1","","Conway, it's Rooke. Ignore Jackson.",""
"gpc:ActThreeRookeIntro.gpc:6","choice","1","","You don't even know what he said.",""
"gpc:ActThreeRookeIntro.gpc:8","choice","1","","Why?",""
"gpc:ActThreeRookeIntro.gpc:14","line","1","","Did he say 'The recording you have of me is real, but it's not the whole story'?",""
"gpc:ActThreeRookeIntro.gpc:18","choice","1","","... no.",""
"gpc:ActThreeRookeIntro.gpc:20","choice","1","","... yes.",""
"gpc:ActThreeRookeIntro.gpc:22","choice","1","","To be honest, I wasn't listening.",""
"gpc:ActThreeRookeIntro.gpc:26","line","1","","Intex are still bugging his phone, and I've taken over their network.",""
"gpc:ActThreeRookeIntro.gpc:30","line","1","","I know who killed Selena, I know exactly where he is now, and I know what will happen if that recording gets out. The killer will vanish, forever. The only reason he hasn't disappeared already is that he knows Jackson's going down for it. As soon as the cops start looking for someone else, he's gone.",""
"gpc:ActThreeRookeIntro.gpc:34","choice","1","","Who is it?",""
"gpc:ActThreeRookeIntro.gpc:36","choice","1","","Can't we just get the real killer, then leak the recording?",""
"gpc:ActThreeRookeIntro.gpc:38","choice","1","","You want to let an innocent man go down to catch a guilty one?",""
"gpc:ActThreeRookeIntro.gpc:42","choice","1","","So you want me to get Jackson convicted. How?",""
"gpc:ActThreeRookeIntro.gpc:50","line","1","","You could, if you knew where he was. I could, if I wanted that recording leaked. But if Jackson gets out, I lose everything. The money he took broke our agreement, but it wasn't illegal - I can't get it back unless he's convicted.",""
"gpc:ActThreeRookeIntro.gpc:54","line","1","","Not the word I would use. Jackson framed Katie Collins for Selena's murder, which led directly to her death. The fact that he also cheated on me and stole most of my capital just makes me less conflicted about destroying him.",""
"gpc:ActThreeRookeIntro.gpc:58","choice","1","","Point taken.",""
"gpc:ActThreeRookeIntro.gpc:60","choice","1","","Hmm.",""
"gpc:ActThreeRookeIntro.gpc:62","choice","1","","Still, every marriage has its rough patches.",""
"gpc:ActThreeRookeIntro.gpc:66","line","1","","It's the old cliche. Husband runs off with a younger woman who doesn't spend her spare time thinking of less and less traceable ways to destroy people. Wife untraceably destroys him.",""
"gpc:ActThreeRookeIntro.gpc:70","line","1","","I'm witholding that until you can secure Jackson's conviction.",""
"gpc:ActThreeRookeIntro.gpc:74","line","1","","The terminal at Intex that Jackson wants you to upload the recording from. I need you to get to it, and wipe it instead. Jackson goes down for Selena's murder, I get my company back, and you can do what you like to the man who killed your client. It's an easy call.",""
"gpc:ActTwo1Brief.gpc:2","line","1","","hi! thanks so much for replying!!",""
"gpc:ActTwo1Brief.gpc:5","choice","1","","No problem.",""
"gpc:ActTwo1Brief.gpc:7","choice","1","","What's the situation?",""
"gpc:ActTwo1Brief.gpc:9","choice","1","","For this money, even lower case 'I's couldn't keep me away.",""
"gpc:ActTwo1Brief.gpc:13","line","1","","haha! sorry my typings not great, i borrowed this phone from a sex worker and i havent figured out how to do capitals on it yet",""
"gpc:ActTwo1Brief.gpc:17","line","1","","my names katie collins. i work at rooke, the gun company, and my friend selena was killed last night. someones saying they saw me there, and all the security footage has been deleted!!",""
"gpc:ActTwo1Brief.gpc:21","choice","1","","Ah.",""
"gpc:ActTwo1Brief.gpc:23","choice","1","","Oh. Shit.",""
"gpc:ActTwo1Brief.gpc:25","choice","1","","Wow, that's kind of a dick move by somebody.",""
"gpc:ActTwo1Brief.gpc:29","line","1","","i know!! i wasnt there at all last night, but i live alone so i cant prove it without the footage.",""
"gpc:ActTwo1Brief.gpc:33","choice","1","","What can I do?",""
"gpc:ActTwo1Brief.gpc:41","line","1","","the person saying they saw me there is melanie rookes husband, jackson. i dont wanna get anyone in trouble, but maybe you could stop by his building and just see whats going on.",""
"gpc:ActTwo1Brief.gpc:45","choice","1","","What exactly do you need?",""
"gpc:ActTwo1Brief.gpc:47","choice","1","","Get him in trouble? I'd want to get him in acid.",""
"gpc:ActTwo1Brief.gpc:49","choice","1","","Yes, we should be forgiving of everyone involved in this.",""
"gpc:ActTwo1Brief.gpc:53","line","1","","hell probably be in his office on the top floor. if you can get close enough to hear what hes saying, maybe you could listen in for a clue or something",""
"gpc:ActTwo1Brief.gpc:57","choice","1","","Got it.",""
"gpc:ActTwo1Brief.gpc:59","choice","1","","And then throw him in some acid?",""
"gpc:ActTwo1Brief.gpc:65","line","1","","thankyou so much. i hate to be a pain but i really want to get out of here. its scary.",""
"gpc:ActTwo1Brief.gpc:69","line","1","","please no acid! i just want to know whats going on",""
"gpc:ActTwo1Brief.gpc:73","line","1","","yeah, he always seemed so nice so i just wanna figure out why hed do this.",""
"gpc:ActTwo1Brief.gpc:77","line","1","","haha! i just wanna know why he would do this, he always seemed so nice. maybe theres a reason.",""
"gpc:ActTwo1BriefDemo.gpc:2","line","1","","hi! thanks so much for replying!!",""
"gpc:ActTwo1BriefDemo.gpc:5","choice","1","","No problem.",""
"gpc:ActTwo1BriefDemo.gpc:7","choice","1","","What's the situation?",""
"gpc:ActTwo1BriefDemo.gpc:9","choice","1","","For this money, even lower case 'I's couldn't keep me away.",""
"gpc:ActTwo1BriefDemo.gpc:13","line","1","","haha! sorry my typings not great, i borrowed this phone from a sex worker and i havent figured out how to do capitals on it yet",""
"gpc:ActTwo1BriefDemo.gpc:17","line","1","","my names katie collins. i work at rooke, the gun company, and my friend selena was killed last night. someones saying they saw me there, and all the security footage has been deleted!!",""
"gpc:ActTwo1BriefDemo.gpc:21","choice","1","","Ah.",""
"gpc:ActTwo1BriefDemo.gpc:23","choice","1","","Oh.",""
"gpc:ActTwo1BriefDemo.gpc:25","choice","1","","Wow, that's kind of a dick move by somebody.",""
"gpc:ActTwo1BriefDemo.gpc:29","line","1","","i know!! i wasnt there at all last night, but i live alone so i cant prove it without the footage.",""
"gpc:ActTwo1BriefDemo.gpc:33","choice","1","","What can I do?",""
"gpc:ActTwo1BriefDemo.gpc:41","line","1","","the person saying they saw me there is melanie rookes husband, jackson. i dont wanna get anyone in trouble, but maybe you could stop by his building and just see whats going on.",""
"gpc:ActTwo1BriefDemo.gpc:45","choice","1","","What exactly do you need?",""
"gpc:ActTwo1BriefDemo.gpc:47","choice","1","","Get him in trouble? I'd want to get him in acid.",""
"gpc:ActTwo1BriefDemo.gpc:49","choice","1","","Yes, we should be forgiving of everyone involved in this.",""
"gpc:ActTwo1BriefDemo.gpc:53","line","1","","hell probably be in his office on the top floor. if you can get close enough to hear what hes saying, maybe you could listen in for a clue or something",""
"gpc:ActTwo1BriefDemo.gpc:57","choice","1","","I'd like to help, but someone's replaced my 'Start mission' button.",""
"gpc:ActTwo1BriefDemo.gpc:59","choice","1","","And then throw him in some acid?",""
"gpc:ActTwo1BriefDemo.gpc:65","line","1","","oh. thats weird. what did they replace it with?",""
"gpc:ActTwo1BriefDemo.gpc:69","line","1","","please no acid! i just want to know whats going on",""
"gpc:ActTwo1BriefDemo.gpc:73","line","1","","yeah, he always seemed so nice so i just wanna figure out why hed do this.",""
"gpc:ActTwo1BriefDemo.gpc:77","line","1","","haha! i just wanna know why he would do this, he always seemed so nice. maybe theres a reason.",""
"gpc:ActTwo1BriefDemo.gpc:81","choice","1","","'Buy game'. I have no idea what that means.",""
"gpc:ActTwo1BriefDemo.gpc:83","choice","1","","'Buy game'. I think I've been hacked.",""
"gpc:ActTwo1BriefDemo.gpc:85","choice","1","","'Buy game'. It probably means something to the person secretly controlling my actions.",""
"gpc:ActTwo1BriefDemo.gpc:89","line","1","","huh. i cant help you there im afraid. it sounds important though, i hope you get it figured out. i feel like im in a web of intrigue, corruption and betrayal here. it could involve about 20 missions with surprises, hard choices, and no easy solutions. it might be pretty compelling to unravel.",""
"gpc:ActTwo1BriefDemo.gpc:93","line","1","","and jail. im also in jail. so.",""
"gpc:ActTwo1BriefDemo.gpc:97","choice","1","","You make a good point.",""
"gpc:ActTwo1BriefDemo.gpc:99","choice","1","","I don't know, I feel like I'm being manipulated here.",""
"gpc:ActTwo1BriefDemo.gpc:105","line","1","","great, hope i hear from you soon!",""
"gpc:ActTwo1BriefDemo.gpc:109","line","1","","someone secretly controls your actions?",""
"gpc:ActTwo1BriefDemo.gpc:113","choice","1","","Yeah. Well, I always assumed.",""
"gpc:ActTwo1BriefDemo.gpc:115","choice","1","","No, I have no idea why someone secretly controlled me to say that.",""
"gpc:ActTwo1BriefDemo.gpc:121","line","1","","that must be pretty strange!",""
"gpc:ActTwo1BriefDemo.gpc:125","choice","1","","So 'buy game' doesn't mean anything to you?",""
"gpc:ActTwo1BriefDemo.gpc:133","line","1","","no, sorry. it sounds important though, i hope you get it figured out. i feel like im in a web of intrigue, corruption and betrayal here. it could involve about 20 missions with surprises, hard choices, and no easy solutions. it might be pretty compelling to unravel.",""
"gpc:ActTwo1BriefDemo.gpc:137","line","1","","oh, im sure its nothing like that.",""
"gpc:ActTwo1BriefDemo.gpc:141","choice","1","","Buy game.",""
"gpc:ActTwo1BriefDemo.gpc:143","choice","1","","Buy game.",""
"gpc:ActTwo1BriefDemo.gpc:145","choice","1","","Buy game.",""
"gpc:ActTwo1Debrief.gpc:2","line","1","","hey!! what happened, did you hear anything?",""
"gpc:ActTwo1Debrief.gpc:6","choice","1","","He says a company called Intex have an incriminating recording of him.",""
"gpc:ActTwo1Debrief.gpc:14","line","1","","whoa. theyre our main rivals, a big multinational company who just opened an office here in east point.",""
"gpc:ActTwo1Debrief.gpc:18","choice","1","","Any idea what Jackson would be saying that he shouldn't?",""
"gpc:ActTwo1Debrief.gpc:20","choice","1","","Any idea why they'd be recording Jackson's phone calls?",""
"gpc:ActTwo1Debrief.gpc:26","line","1","","this is really messed up, but thanks for doing this, i think its gonna be a huge help.",""
"gpc:ActTwo1Debrief.gpc:30","line","1","","oh god. i dont wanna think it, but if hes trying to frame me maybe hes involved with selenas death somehow.",""
"gpc:ActTwo1Debrief.gpc:34","choice","1","","We'll keep digging.",""
"gpc:ActTwo1Debrief.gpc:36","choice","1","","Oh, you think?",""
"gpc:ActTwo1Debrief.gpc:42","line","1","","yeah.",""
"gpc:ActTwo1Debrief.gpc:46","line","1","","well, jackson runs his own company, but its a dummy company for rooke. intex would definitely want to hear his calls.",""
"gpc:ActTwo1Debrief.gpc:50","line","1","","im not sure, let me think and ill get back to you",""
"gpc:ActTwo2Brief.gpc:2","line","1","","id really like to know whats on that recording. i dont want to get jackson arrested or anything, but if the recording proves he framed me i really need it to get out of here.",""
"gpc:ActTwo2Brief.gpc:6","choice","1","","Agreed. What's the plan?",""
"gpc:ActTwo2Brief.gpc:14","line","1","","rooke told me once that intex base all their dirty ops out of their office on marlowe street. if you can get in, the recording should be on the main terminal there.",""
"gpc:ActTwo2Brief.gpc:18","choice","1","","Hack a thing, got it.",""
"gpc:ActTwo2Brief.gpc:26","line","1","","conway - thanks.",""
"gpc:ActTwo2Debrief.gpc:2","line","1","","did you find it?",""
"gpc:ActTwo2Debrief.gpc:6","choice","1","","Gone, I'm afraid. But the server logs showed it was once downloaded by a Rooke IP.",""
"gpc:ActTwo2Debrief.gpc:14","line","1","","oh, maybe that was jackson! if you send me the ip, i might know which office it came from, and maybe we can get it from there.",""
"gpc:ActTwo3Brief.gpc:2","line","1","","hey. this could be really dangerous, so its ok if you want to back out. this is my last chance, and itll only work if that recording is what we hope it is.",""
"gpc:ActTwo3Brief.gpc:6","choice","1","","I'm in.",""
"gpc:ActTwo3Brief.gpc:8","choice","1","","You just went 3 sentences without an exclaimation mark, Katie. What's wrong?",""
"gpc:ActTwo3Brief.gpc:14","line","1","","thanks. its getting kind of scary in here. ive got no alibi, im one of the only people who could have wiped that footage, and jacksons word carries a lot of weight. i dont wanna get you in trouble for a lost cause.",""
"gpc:ActTwo3Brief.gpc:18","choice","1","","It's not lost till I'm done. At which point, yeah, it might be totally lost.",""
"gpc:ActTwo3Brief.gpc:20","choice","1","","I don't get in trouble. Trouble gets... in... OK that one's not going anywhere.",""
"gpc:ActTwo3Brief.gpc:22","choice","1","","Fuck that.",""
"gpc:ActTwo3Brief.gpc:26","line","1","","haha!! thank you. good luck!",""
"gpc:ActTwo3Brief.gpc:30","line","1","","haha. its just kind of scary in here. ive got no alibi, im one of the only people who could have wiped that footage, and jacksons word carries a lot of weight. i dont wanna get you in trouble for a lost cause.",""
"gpc:ActTwo3Debrief.gpc:2","line","1","","did you get it?!",""
"gpc:ActTwo3Debrief.gpc:6","choice","1","","No luck, someone thoroughly scrubbed it from that machine.",""
"gpc:ActTwo3Debrief.gpc:14","line","1","","oh",""
"gpc:ActTwo3Debrief.gpc:18","choice","1","","It was a long shot.",""
"gpc:ActTwo3Debrief.gpc:20","choice","1","","I'm sorry, Katie. Don't pay me for this one. We'll keep working on it.",""
"gpc:ActTwo3Debrief.gpc:26","line","1","","i know. thanks for trying.",""
"gpc:ActTwo3Debrief.gpc:30","line","1","","i just dont know what to do now. i dont know why someone would want to frame me like this. i hate thinking someone hates me that much. they went to all that trouble to delete every copy of the security video that showed i wasnt there.",""
"gpc:ActTwo3Debrief.gpc:34","choice","1","","We'll fix it.",""
"gpc:ActTwo3Debrief.gpc:36","choice","1","","It's just Jackson covering his tracks, don't let him get to you.",""
"gpc:ActTwo3Debrief.gpc:38","choice","1","","Uh, there's something you should know about that.",""
"gpc:ActTwo3Debrief.gpc:42","line","1","","maybe",""
"gpc:ActTwo3Debrief.gpc:46","line","1","","thats really sweet of you, but im still sending you the money. i cant use it.",""
"gpc:ActTwo3Debrief.gpc:50","line","1","","what?",""
"gpc:ActTwo3Debrief.gpc:54","choice","1","","It was me. I didn't kill Selena, but the footage showed me there. I had to wipe it.",""
"gpc:ActTwo3Debrief.gpc:56","choice","1","","It was... .MOV format.",""
"gpc:ActTwo3Debrief.gpc:62","line","1","","... ok",""
"gpc:ActTwo4Brief.gpc:2","line","1","","I have the recording you've been looking for. It's from a phone call in which Jackson threatens to kill Selena if she talks. It would be enough to get Katie Collins released and my husband arrested.",""
"gpc:ActTwo4Brief.gpc:6","choice","1","","Oh, awesome.",""
"gpc:ActTwo4Brief.gpc:8","choice","1","","""Would""?",""
"gpc:ActTwo4Brief.gpc:14","line","1","","I can't give it to the police. I didn't obtain it legally, so it's inadmissable. That why I need you. I want you to copy it onto the police servers and leave a security hole for the press to find it there.",""
"gpc:ActTwo4Brief.gpc:18","choice","1","","Does that actually work?",""
"gpc:ActTwo4Brief.gpc:20","choice","1","","Will that get Collins off?",""
"gpc:ActTwo4Brief.gpc:26","line","1","","I don't know, it's never been done before. But the East Point police would probably rather claim they were sitting on vital evidence than admit they don't know how it even got there.",""
"gpc:ActTwo4Brief.gpc:30","choice","1","","What does the evidence say, exactly?",""
"gpc:ActTwo4Brief.gpc:32","choice","1","","Have you told Collins?",""
"gpc:ActTwo4Brief.gpc:34","choice","1","","You're OK with getting your husband arrested?",""
"gpc:ActTwo4Brief.gpc:38","line","1","","The terminal you need to plant it on is on the first floor of the evidence warehouse on Union. I'm sending you a script that'll make it vulnerable: once it's active, I'll tip off a journalist friend.",""
"gpc:ActTwo4Brief.gpc:42","line","1","","Jackson: ""I mean it, if you say one word about this, anywhere, you'll be dead before you leave the building.""",""
"gpc:ActTwo4Brief.gpc:46","choice","1","","Shit.",""
"gpc:ActTwo4Brief.gpc:48","choice","1","","Yeah, that's not a good thing to say the night someone's killed.",""
"gpc:ActTwo4Brief.gpc:50","choice","1","","Kind of a weird way to say it.",""
"gpc:ActTwo4Brief.gpc:54","line","1","","He's gone dark. I can't believe he did it, and I don't know if he'll go down for it. But he put Collins in this situation, so he can damn well take the fallout.",""
"gpc:ActTwo4Brief.gpc:58","line","1","","No, and I'd appreciate it if you didn't either. She has trouble coping with the guilt if I bring her a coffee, I don't want her to know I'm risking my career for her.",""
"gpc:ActTwo4Debrief.gpc:2","line","1","","It's Katie.",""
"gpc:ActTwo4Debrief.gpc:6","choice","1","","What?",""
"gpc:ActTwo4Debrief.gpc:8","choice","1","","I uploaded the data! Wait, what?",""
"gpc:ActTwo4Debrief.gpc:14","line","1","","I just got the call. They found her in her cell.",""
"gpc:ActTwo4Debrief.gpc:18","line","1","","The note just said she didn't want to be a burden.",""
"gpc:CorpGesslerBrief.gpc:2","line","1","","Oh Jesus fucking Christ this is going to be beautiful. No job this time, just set this up as a mission to send you your payout through the normal channels.",""
"gpc:CorpGesslerBrief.gpc:6","choice","1","","My kind of mission. Pleasure doing business.",""
"gpc:CorpGesslerBrief.gpc:8","choice","1","","I have to ask, what the hell did I just deliver?",""
"gpc:CorpGesslerBrief.gpc:14","line","1","","Oh, it's a bomb. Great honking log of plastique, set to go off as soon as it reaches any of Rooke's facilities. Wish I could be there, it's going to be a thing to see.",""
"gpc:CorpGesslerDebrief.gpc:2","line","1","","Conway",""
"gpc:CorpGesslerDebrief.gpc:6","line","1","","Turn on the news",""
"gpc:CorpGesslerDebrief.gpc:10","line","1","","Prototype you stole was an explosive",""
"gpc:CorpGesslerDebrief.gpc:14","line","1","","Blast just killed three good people at my R&D labs",""
"gpc:CorpGesslerDebrief.gpc:18","line","1","","Gessler must have known you were coming",""
"gpc:CorpGesslerDebrief.gpc:22","line","1","","Watch your back",""
"gpc:CorpGesslerDebrief.gpc:26","line","1","","And kill that fucking animal if you ever have the shot",""
"gpc:CorpRookeBrief.gpc:2","line","1","","Seriously. Grow a fucking dick and shove it up your ass.",""
"gpc:CorpRookeBrief.gpc:6","line","1","","Asshole.",""
"gpc:Epilogue.gpc:2","line","1","","Ugh.",""
"gpc:Epilogue.gpc:14","choice","1","","The week echoed in my mind like a gunshot in an empty street.",""
"gpc:Epilogue.gpc:16","choice","1","","The week echoed in my mind like something that happened in the last week.",""
"gpc:Epilogue.gpc:18","choice","1","","I've had better weeks.",""
"gpc:Epilogue.gpc:30","line","1","","They don't let me name names on this blog, but the person behind the hit I was investigating is probably being picked up by the East Point police about now.",""
"gpc:Epilogue.gpc:34","choice","1","","Killing him wasn't worth the stain on my conscience.",""
"gpc:Epilogue.gpc:36","choice","1","","Killing him wasn't worth the stain on my relatively new coat.",""
"gpc:Epilogue.gpc:38","choice","1","","I, er, may have killed more people than I actually avenged here.",""
"gpc:Epilogue.gpc:50","line","1","","They don't let me name names on this blog, but the person behind the hit I was investigating is dead now.",""
"gpc:Epilogue.gpc:54","choice","1","","He played a dangerous game, and he didn't have the cards.",""
"gpc:Epilogue.gpc:56","choice","1","","He played a dangerous game: insulting my hat. ",""
"gpc:Epilogue.gpc:58","choice","1","","In fact, I may have killed more people than I actually avenged here.",""
"gpc:Epilogue.gpc:69","line","1","","I didn't get the trigger man.",""
"gpc:Epilogue.gpc:73","choice","1","","When it came down to it, the cost of revenge was one I couldn't pay.",""
"gpc:Epilogue.gpc:75","choice","1","","When it came down to it, it turned out I didn't really care.",""
"gpc:Epilogue.gpc:77","choice","1","","It was the only play I could stomach. Wish I could say it was the right one.",""
"gpc:Epilogue.gpc:89","line","1","","The trigger man's going down.",""
"gpc:Epilogue.gpc:93","choice","1","","I thought that would feel good, but there's no escaping what it cost.",""
"gpc:Epilogue.gpc:95","choice","1","","I thought that would feel good. It did.",""
"gpc:Epilogue.gpc:97","choice","1","","That would have felt good if I hadn't just taken a seven story body slam.",""
"gpc:Epilogue.gpc:109","line","1","","The trigger man's dead.",""
"gpc:Epilogue.gpc:113","choice","1","","I thought that would feel good, but there's no escaping what it cost.",""
"gpc:Epilogue.gpc:115","choice","1","","I thought that would feel good. It did.",""
"gpc:Epilogue.gpc:117","choice","1","","That would have felt good if I hadn't just taken a seven story dive.",""
"gpc:Epilogue.gpc:129","line","1","","And now my back hurts, for reasons I won't go into.",""
"gpc:Epilogue.gpc:133","line","1","","I don't know.",""
"gpc:Epilogue.gpc:137","choice","1","","I think I picked the right side.",""
"gpc:Epilogue.gpc:139","choice","1","","Sometimes I think I picked the wrong side.",""
"gpc:Epilogue.gpc:141","choice","1","","I guess I picked the least shitty of two incredibly shitty sides.",""
"gpc:Epilogue.gpc:153","line","1","","Maybe that doesn't matter. Maybe all that matters is...",""
"gpc:Epilogue.gpc:157","choice","1","","Justice.",""
"gpc:Epilogue.gpc:159","choice","1","","Revenge.",""
"gpc:Epilogue.gpc:161","choice","1","","That I now have the ability to kick down doors.",""
"gpc:Epilogue.gpc:173","line","1","","Either way,",""
"gpc:Epilogue.gpc:177","choice","1","","I need a drink.",""
"gpc:Epilogue.gpc:179","choice","1","","I need to get out of this city.",""
"gpc:Epilogue.gpc:181","choice","1","","I think I need 10ccs of ketamine and a Columbo marathon.",""
"gpc:Epilogue.gpc:193","choice","1","","Publish (launches web browser)",""
"gpc:IntroDebrief.gpc:2","line","1","","Conway, this is Melanie Rooke. Selena Delgado worked for me. Do you have time to talk?",""
"gpc:IntroDebrief.gpc:6","choice","1","","Sure.",""
"gpc:IntroDebrief.gpc:8","choice","1","","I didn't kill her!",""
"gpc:IntroDebrief.gpc:10","choice","1","","How do you know my name?",""
"gpc:IntroDebrief.gpc:14","line","1","","I know you didn't kill Selena. ",""
"gpc:IntroDebrief.gpc:18","line","1","","I just watched the footage - you walked right in front of a security camera on your way to Selena's office, after the shots were fired.",""
"gpc:IntroDebrief.gpc:22","line","1","","But the East Point Police won't look beyond an easy conviction. That footage puts you at the scene, and I have to turn it over to them.",""
"gpc:IntroDebrief.gpc:26","line","1","","I know. ",""
"gpc:IntroDebrief.gpc:30","line","1","","It's on your profile, it's your phone's public ID, and you once gave it to me on a business card while saying ""My name is Conway.""",""
"gpc:IntroDebrief.gpc:34","choice","1","","... Continue.",""
"gpc:IntroDebrief.gpc:36","choice","1","","That could have been anyone.",""
"gpc:IntroDebrief.gpc:38","choice","1","","I see I've underestimated you.",""
"gpc:IntroDebrief.gpc:42","choice","1","","Why do you care?",""
"gpc:IntroDebrief.gpc:44","choice","1","","I agree that I am boned.",""
"gpc:IntroDebrief.gpc:50","line","1","","I have to hand that footage over if I have it. Let's make sure I don't have it. I've wiped my copy, but my camera feeds get backed up to data centers in five different offsite locations. If you can wipe them all, you're in the clear and the police will have to find the real killer.",""
"gpc:IntroDebrief.gpc:54","line","1","","Selena was a friend, I want her real killer caught. In fact I want him dead, but once he's in a jail cell that becomes simpler to achieve.",""
"gpc:IntroDebrief.gpc:58","choice","1","","Why can't you wipe it remotely?",""
"gpc:IntroDebrief.gpc:60","choice","1","","That actually sounds fairly wise.",""
"gpc:IntroDebrief.gpc:66","line","1","","Head to the DataSec facility at Port Heath - I'll make sure the front door is open, but you'll have to take it from there.",""
"gpc:IntroDebrief.gpc:70","line","1","","If you could wipe it remotely, there wouldn't be any point in storing it remotely.",""
"exe:71b150","word","2","","x",""
"exe:71d390","text","1","","Your objective: get to the camera and press W to retrieve the footage.",""
"exe:71d420","text","1","",": Retrieve",""
"exe:71d438","text","1",""," SECONDS EARLIER",""
"exe:71d45c","check","26","","Gessler",""
"exe:71d470","text","2","","Fritz Gessler, Intex CEO. Kill or incapacitate.",""
"exe:71d530","text","1","","I don't know why he thought I wouldn't do that.",""
"exe:71d5a0","check","3","","Cocked",""
"exe:71d5b0","text","1","","Player y close to mine, ",""
"exe:71d5e4","text","1","","No existing Gessler, ",""
"exe:71d610","text","1","","Not dealt with, ",""
"exe:71d634","text","1","","Not holding off on firing, ",""
"exe:71d66c","check","33","","Left",""
"exe:71d678","text","1","","No blocks in the way, creating Gessler.",""
"exe:71d6c8","check","8","","Tackled",""
"exe:71d6e8","word","12","","Bottom",""
"exe:71d6f8","check","5","","Struggling",""
"exe:71d728","text","1","","Get here to listen in on Jackson's conversation.",""
"exe:71d78c","check","1","","Eavesdropping",""
"exe:71d7a8","text","1","","Your objective: a baffling prototype that could pass for weapons tech.",""
"exe:71d838","text","3","",": Take",""
"exe:71d84c","check","62","","Down",""
"exe:71d858","text","2","","Well, try to move on. What did you need?",""
"exe:71d8b0","text","1","","Your objective: some kind of weapon technology developed by Intex.",""
"exe:71d958","text","2","","A shipping receipt for a pair of Hypertrousers.",""
"exe:71d9c8","text","5","","End call",""
"exe:71d9dc","text","1","","Buy game",""
"exe:71d9f0","check","2","","Start mission",""
"exe:71da34","check","4","","Them:",""
"exe:71da40","check","1",""," injured. 20 jobs. $13,000.",""
"exe:71da78","word","1",""," dead. ",""
"exe:71da98","word","2","","Client",""
"exe:71dbc8","text","1","","Conway's Secret Blog",""
"exe:71dbf4","text","1","","Richard Conway#Freelance Spy",""
"exe:71dc34","check","4","","Case Notes",""
"exe:71dc4c","text","1",""," has disconnected",""
"exe:71dc70","text","1",""," is typing...",""
"exe:71dc90","text","1","","Did you just get thrown out of a plate glass window?",""
"exe:71dcfc","text","1","","... No?",""
"exe:71dd0c","text","1","","Sure, buzz me in.",""
"exe:71dd30","text","1","","I work at the gun company across the road - someone just got thrown out of your apartment window.",""
"exe:71ddf4","text","1","","I don't want to talk about it.",""
"exe:71de38","text","1","","I was actually about to call you about something else, but now I'm more interested in this.",""
"exe:71df44","text","1","","Space: Answer your phone",""
"exe:71df78","text","1","","My name's Selena Delgado, my boss Rooke says you're some kind of freelance spy? I might have a job for you. Wanna come up?",""
"exe:71e070","text","4","","Space: Continue",""
"exe:71e090","text","1","","'Congratulations on purchasing your new BULLFROG brand hypertrousers.'",""
"exe:71e120","text","1","","'CAUTION: a maximum strength jump may shatter glass ceilings, windows, and... children?'",""
"exe:71e1d4","text","1","","'Outdoor use only.'",""
"exe:71e1fc","word","1","","Hmm.",""
"exe:71e22c","text","1","","Not a fucking chance.",""
"exe:71e258","text","1","","Well, look at that. Shit Hat Conway packs a piece.",""
"exe:71e2c0","check","1","","For your own safety, Fritz, do not insult the hat.",""
"exe:71e338","text","1","","You know what? Fuck this. I've seen your record, I know you'll shoot.",""
"exe:71e3c4","text","1","","Christ that guy talked a lot.",""
"exe:71e400","text","1","","I've seen your record, you've never shot a goddamn soul.",""
"exe:71e474","check","14","","Unconscious",""
"exe:71e48c","check","24","","Dead",""
"exe:71e498","text","1","","You'd be a good one to start with. Drop it.",""
"exe:71e4f0","text","1","","Good boy. Now drop it.",""
"exe:71e520","check","41","","Pinned",""
"exe:71e56c","word","1","","Surrendered",""
"exe:71e5a8","text","1","","No, Intex have that whole call recorded!",""
"exe:71e610","text","1","","Yeah, well, thank you Captain Hindsight. I didn't know they were bugging me.",""
"exe:71e6b8","text","1","","You can't hear a bug. It's not the fucking nineties.",""
"exe:71e738","text","1","","Yeah, alright, I'll let you know.",""
"exe:71e7b4","check","55","","None",""
"exe:71e7cc","check","7","","Ready",""
"exe:71e920","check","27","","Up",""
"exe:71e940","check","6","","Hightower Recovery",""
"exe:71e988","check","33","","Right",""
"exe:71e9a0","check","8","","Falling",""
"exe:71e9fc","check","1","","Sliding",""
"exe:71ea44","text","1","","Movement 1",""
"exe:71ea74","text","1","","Movement 2",""
"exe:71eaa4","text","1","","Movement 3",""
"exe:71eadc","text","1","","Movement 4",""
"exe:71eb24","text","1","","Movement 5",""
"exe:71eba4","text","1","","Movement 6",""
"exe:71ebc8","text","1","","Movement 7",""
"exe:71ebf8","text","1","","Movement 8",""
"exe:71ec2c","text","1","","Movement 9",""
"exe:71ec5c","text","1","","Movement 10",""
"exe:71ec9c","text","2","","Movement 11",""
"exe:71ee00","check","13","","Elevator",""
"exe:71ee20","check","3","","Gatecrashing",""
"exe:71eeec","word","4","","Stuck",""
"exe:71ef54","check","4","","Picking Self Up",""
"exe:71f010","word","1","","Animation",""
"exe:71f0a8","text","1","","Collision 2",""
"exe:71f0c0","text","1","","Collision 3",""
"exe:71f0d8","text","1","","Collision 4",""
"exe:71f104","text","1","","Collision 5",""
"exe:71f11c","text","1","","Collision 6",""
"exe:71f134","text","1","","Collision 7",""
"exe:71f14c","text","1","","Collision 8",""
"exe:71f198","text","1","","Collision 9",""
"exe:71f210","text","1","","Collision 10",""
"exe:71f2c4","check","10","","Stagger",""
"exe:71f2e4","check","4","","Stunned",""
"exe:71f3a0","text","1","","No bullets.",""
"exe:71f4d4","check","18","","Guarding",""
"exe:71f4e8","text","1","","A guard. Shoots on sight, but can be pounced on from above or behind.",""
"exe:71f574","check","2","","Guard",""
"exe:71f580","check","3","","Uncocked",""
"exe:71f594","check","11","","No",""
"exe:71f608","check","5","","Scanning",""
"exe:71f64c","check","19","","Moving",""
"exe:71f69c","check","3","","Light Switch",""
"exe:71f718","check","14","","Sniper",""
"exe:71f760","check","10","","Patrol",""
"exe:71f78c","check","2","","Suspicious Reacting",""
"exe:71f7b4","check","2","","Suspicious React",""
"exe:71f7d8","check","2","","Small Reacting",""
"exe:71f7f8","check","2","","Small React",""
"exe:71f810","check","5","","Panic",""
"exe:71f84c","check","3","","Fixing Gun",""
"exe:71f8b8","check","8","","Eyes on hostile",""
"exe:71f918","text","1","","It, er, only takes one punch to knock them out.",""
"exe:71f978","text","1","","But what you're doing is fine too. That's probably OK.",""
"exe:71f9e8","text","1","","OK, you can stop now.",""
"exe:71fa14","text","1","","Jesus Christ.",""
"exe:71fa30","text","1","","There's no achievement for this.",""
"exe:71fa8c","word","1",""," times.",""
"exe:71fab0","text","1","","Wait, are you just doing this to see if there are any more messages?",""
"exe:71fb58","text","1","","Because that is among the worst reasons to punch someone in the face ",""
"exe:71fc04","check","8","","Pro",""
"exe:71fdac","text","1","","Click: Punch##Hold: Jump off",""
"exe:71fe48","check","1","",": Get off",""
"exe:71fe5c","check","2",""," or ",""
"exe:71fe68","text","1","","Click: Punch##",""
"exe:71fed8","word","3","","Switching",""
"exe:71ff08","check","2","","Light",""
"exe:72007c","check","6","","Sound",""
"exe:7200d4","check","5","","Small",""
"exe:7200e8","check","4","","Tiny",""
"exe:7201f8","text","1","","An Enforcer. Can't be pinned down, but a strong jump will stagger him.",""
"exe:7202a8","text","1","","A Professional. Can see in the dark, and shoots even at gunpoint.",""
"exe:72033c","word","2",""," to ",""
"exe:720350","text","1","","Nearest free spot vertical, moved from ",""
"exe:7203b0","text","1","","Nearest free spot Horizontal, moved from ",""
"exe:720404","text","1","","Vertical collision predicted",""
"exe:720440","text","1","","Traveling up, vspeed stopped",""
"exe:720480","text","1","","Travelling down, presumably hitting floor. Gravity and speed zeroed.",""
"exe:72052c","check","2","","Position",""
"exe:720540","text","1","","Horizontal collision predicted, stopping hspeed",""
"exe:7205a0","text","1","","We've stopped, check we're not overhanging",""
"exe:7205f8","text","1","","But not under right side - move to there to fall off",""
"exe:720678","text","1","","But not under left side - move to there to fall off",""
"exe:7206f0","text","1","","A Police Sniper. Kills instantly from any range. You may be boned.",""
"exe:720798","text","1","","Tom Francis",""
"exe:7207b0","text","1","","Ryan Ike",""
"exe:7207c4","text","1","","John Roberts",""
"exe:7207f4","word","1","","Tom",""
"exe:720808","text","1","",": Shut him up",""
"exe:720824","text","1","",": Talk to ",""
"exe:720870","text","2","","A battery. Restores some of the power that your gadgets use.",""
"exe:7208ec","word","1",""," Random: ",""
"exe:72097c","text","1",""," running total ",""
"exe:7209a0","text","1","","A battery: restores 25% of the charge that your gadgets use.",""
"exe:720a1c","text","2","","Fully charged.",""
"exe:720a3c","word","1","","Hacking",""
"exe:720a50","text","1","","This is your objective: a secure terminal with sensitive information.",""
"exe:720ae0","text","1","","Main objectives complete. Head to the subway on the right when you're ready.",""
"exe:720b80","text","1","","You've got what you need from this terminal.",""
"exe:720bdc","text","2","",": Hack",""
"exe:720bf0","text","1","","This is an optional objective: a laptop with private data you can steal.",""
"exe:720cf8","text","1","",": Read",""
"exe:720d08","check","1","","Reading",""
"exe:720d18","text","1","","Main objectives not complete.",""
"exe:720d60","text","1","","The subway - head over here when you're done with the level.",""
"exe:720e00","text","1","","A stairwell.",""
"exe:720e1c","check","1","",": Down",""
"exe:720e2c","text","1","",": Up##",""
"exe:720e54","check","2","","False",""
"exe:720e80","word","2","","True",""
"exe:720ecc","check","1","",": Go down",""
"exe:720ee0","text","1","",": Go up##",""
"exe:720ef4","text","1","",": Get in",""
"exe:720f08","text","1","","an elevator button",""
"exe:720f30","text","1","","When the lift arrives, this button will activate",""
"exe:720fa0","text","1","","An elevator button. Summons the elevator when activated.",""
"exe:721028","text","1","","Click to summon the elevator here. Guards on this floor will hear it arrive.",""
"exe:7210d0","text","1","","Summons the elevator. Guards on this floor will hear it arrive.",""
"exe:721170","text","1","",": Call",""
"exe:7211e0","text","1","","an alarm",""
"exe:7211f4","text","1","","This alarm will activate",""
"exe:721228","text","1","","An alarm. When it goes off, the nearest guard comes to deactivate it.",""
"exe:7212b8","text","1","","An alarm. Guards within one floor will hear it, and the nearest will come running.",""
"exe:721360","text","1","","a vault door",""
"exe:72137c","text","1","","This vault door will activate",""
"exe:7213b8","text","1",""," seconds later.",""
"exe:7213d8","text","1","","A vault door. Opens when activated, closes ",""
"exe:721430","check","3","","Closed",""
"exe:721440","check","3","","Closing",""
"exe:721460","check","2","","Opening",""
"exe:721480","word","1","","Open",""
"exe:7214bc","text","2","","a security camera",""
"exe:7214e0","text","1","","A vault door that closes shortly after opening.",""
"exe:721540","text","2","","This security camera will activate",""
"exe:721588","text","2","","A security camera. Activates anything it's linked to when it sees an intruder.",""
"exe:721738","text","1","","A circuit box. Using it lets you Crosslink things on this circuit.",""
"exe:7217c0","check","1","","A circuit box - tapping into this lets you Crosslink things on this circuit.",""
"exe:72185c","text","1","",": Wirejack",""
"exe:721878","text","2","","A locked door. Opens if anything activates it.",""
"exe:72190c","text","1","","You can bill me for the door.",""
"exe:721994","text","1","","a door",""
"exe:7219a4","text","1","","This door will activate",""
"exe:7219e0","text","1","","An open door. Closes if anything activates it.",""
"exe:721ac0","text","1","","a gun",""
"exe:721acc","text","1","","a lightswitch",""
"exe:721ae8","text","1","","When trigger is pulled, this gun will activate",""
"exe:721b48","text","1","","a hand scanner",""
"exe:721b68","text","1","","This hand scanner will activate",""
"exe:721ba8","text","1","","A handprint scanner. Only the guards can use it.",""
"exe:721c0c","text","1","",": Switch",""
"exe:721c20","text","1","","A handprint scanner only the guards can use.",""
"exe:721c7c","text","1","","This lightswitch will activate",""
"exe:721cbc","text","1","","A lightswitch.",""
"exe:721cdc","text","1","","a light",""
"exe:721cec","text","1","","This light will activate",""
"exe:721d20","text","1","","A light. Turns on or off when activated.",""
"exe:721d74","text","1","","a motion detector",""
"exe:721d98","text","1","","This motion detector will activate",""
"exe:721de0","text","1","","A motion detector. Triggers when anyone walks through.",""
"exe:721e50","text","1","","Motion detectors trigger when anyone walks through.",""
"exe:721eb8","text","1","","a sound detector",""
"exe:721ee8","text","1","","This sound detector will activate",""
"exe:721f38","text","1","","A sound detector. Triggered by sounds on this floor (elevators, etc), or loud noises on adjacent floors (glass, alarms).",""
"exe:72202c","check","6","","Suspicious",""
"exe:722074","text","1","","Hold W: Pick up",""
"exe:7220c8","text","1","","Noise detectors are triggered when they hear a loud sound on this floor.",""
"exe:72215c","text","1","","A Prankspasm needs ",""
"exe:722184","word","2",""," seconds.",""
"exe:722198","text","1","","Link something to this, then activate it to make a loud noise.",""
"exe:722218","text","1","","a power socket",""
"exe:722238","text","1","","This power socket will activate",""
"exe:722278","text","1","","A power socket. When activated, knocks out nearby guards.",""
"exe:722318","text","1","","Prankspasm not triggered, gadget power too low.",""
"exe:722378","text","1","","a silent alarm",""
"exe:722398","text","1","","This silent alarm will activate",""
"exe:7223d8","text","1","","A silent alarm. When activated, police will arrive in ",""
"exe:722448","text","1","","A silent alarm summons police to seal off the exit in ",""
"exe:7224b8","text","1","","a trapdoor",""
"exe:7224d0","text","1","","This trapdoor will activate",""
"exe:722508","text","2","","A trapdoor that opens briefly when activated.",""
"exe:722564","check","1","",": Move right",""
"exe:7225dc","text","1","",": Move left##",""
"exe:722604","check","2","",": Climb down",""
"exe:722620","text","2","",": Climb up##",""
"exe:722688","text","1","","Hold down the left mouse button to aim a jump.##It takes a moment to charge up to full strength.##You can always adjust the strength of a jump by moving the mouse.",""
"exe:7227d0","text","1","","In case it's not already obvious, long falls don't kill you.",""
"exe:722850","text","1","","With the Gatecrashers, you can kick down any conventional door by running into it.",""
"exe:722900","text","1","","The Longshot lets you Crosslink enemy guns.##When you link FROM a gun TO something else, it'll activate that instead of firing.##When a guard's gun doesn't work as expected, he'll fix it.",""
"exe:722a78","text","1","","The Longshot also lets you link devices TO guns.##When that device is activated, the gun will go off.##Linking to or from a gun costs 4 batteries.",""
"exe:722ba0","text","1","","The Transfuser lets you drag connections between things on different circuits.##You need access to both circuits.##It costs 4 batteries to Transfuse.",""
"exe:722cd0","text","1","","Sound detectors trigger when they hear a sound.##They'll pick up elevator dings on the same floor, or loud sounds anywhere.##When they hear something, they'll activate what they're linked to.",""
"exe:722e58","text","1","","The Prankspasm lets you connect power sockets to things to electrify them.##When the power socket is activated, its target emits a shock.##Link your switch to the socket, and the socket to the switch near the guard.",""
"exe:723008","text","1","","The Hushcracker lets you jump through windows quietly.##Click in mid-air to activate it.##It costs 1 battery to use.",""
"exe:7230f8","check","1","","to draw your gun.##Guards won't shoot if they're at gunpoint.##If you get close, they'll back off. If you get too close, they'll shoot.",""
"exe:723208","text","1","","Hold right mouse or ",""
"exe:723238","text","1","","As in life, anyone in a black suit is a professional.##Professionals will shoot even if at gunpoint.##They can also see in the dark why not.",""
"exe:723358","text","1","","If there's a gunshot, police will send backup to block the subway.##When your gun is drawn, police response time is shown on the right.##Guards run to investigate gunshots.",""
"exe:7234b8","text","1","","Hold S to place a Smashbang - it costs 2 batteries.##Use Crosslink mode to link a switch to it, then press that to activate.##The noise it makes attracts a nearby guard.",""
"exe:723610","text","2","","Guards will shoot on sight.##The cursor turns red in areas guards can see.##Jump on a guard to pin him to the ground.",""
"exe:723700","text","1","","Only guards can use the red hand-scanners.##In the dark, guards will look for a lightswitch.##Guards can't see very far in the dark.",""
"exe:723810","text","1","","Bulky guards are Enforcers.##Enforcers can't be pinned down or bashed.##Jumping into one staggers him a little.",""
"exe:723920","text","1","","Guards don't see you when you're hidden in an elevator.",""
"exe:723a80","text","1","","Only guards can use the red hand-scanners.#In the dark, guards will look for a lightswitch.##Guards can't see very far in the dark.",""
"exe:723b90","text","1","","Click and drag a line from any device to link it to any other.#    #If you link from the switch to the door, the switch can open the door.##Direction matters. Linking them the other way around won't do anything.",""
"exe:723d38","text","1","","Switch to Crosslink mode with the mouse wheel or ",""
"exe:723da0","text","1","","Get to the green circuit box and use it.##You'll be able to rewire things on the green circuit.##Devices on different coloured circuits can't be linked to each other.",""
"exe:723ef8","text","1","","In crosslink mode, you can disconnect a device by clicking on it.##You can also undo the last change you made in crosslink mode by pressing U.##I cannot think of a third thing to tell you at this time.",""
"exe:724090","text","1","","Some devices are on two circuits. ##When a device is activated, it also activates whatever it's linked to.##Use dual-circuit devices to connect from one circuit to another.",""
"exe:7241f0","text","1","","Movement: W, A, S, D##Return to screen options: DEL##Save and quit game: Esc",""
"exe:724290","text","1","","Mouse wheel or Space: Switch to Crosslink mode#",""
"exe:7242f0","text","1","","1. Hold right mouse to draw your gun, left click to fire.##2. Point your gun at guards to prevent them from firing.##3. If you shoot, a police sniper will guard the exit in 20 seconds.",""
"exe:724468","text","1","","Move the mouse over a circuit box in Crosslink mode to see what it will give you access to.",""
"exe:724520","text","1","","Hold right mouse: Draw gun##Then click left mouse: fire",""
"exe:724880","text","1","","DESIGN, CODE, ETC#Tom Francis##CHARACTER AND ENVIRONMENT ART#John Roberts##BACKGROUND ART#Fabian van Dommelen##MUSIC#Ryan Ike#Francisco Cerda#John Robert Matz##SOUNDS#Jeremy Watssman#HyperDuck SoundWorks#bfxr.org#Ben Royle#freesound.org#Benboncan, Jovica, Jenc, Steveygos93, FreqMan, Anton, Sancho82, NoiseCollector, themfish, melack, fastson, m1a2t3z4, xserra, ShotgunPicker, yzhamua, bulbastre, le_abbaye_Noirl, floriangeyer, joedeshon, duckduckpony, DalomarGrimm, m1rk0, pempi, Traveler, Corsica_S, RHumphries, suzenako, Halleck, reinsamba, qubodup, mkoenig, RutgerMuller, lintphishx, FRANAUDIO, Glaneur de sons, LG, junggle, Spandau, cmusounddesign, 833-45, toyoto",""
"exe:724dc4","text","1","","Pay: $",""
"exe:724dd4","word","2","","Accept",""
"exe:724de4","word","1","","Requires ",""
"exe:724df8","text","1","","Welcome to an unfinished test build of Gunpoint!",""
"exe:724e5c","text","1","","Rooke: Caught on Camera",""
"exe:724e8c","text","1","","Rooke: Crossed Wires",""
"exe:724eb8","text","1","","#Still to come: most of the music, some art and polish, and a few mission objectives: 'stealing a prototype' really means 'hack another computer' right now. Other than that, it's nearly ready. Info and news at gunpointgame.com",""
"exe:725080","text","1","","#The footage of you at the murder scene has been automatically backed up to five different locations. This is the closest - get in there and wipe the data.",""
"exe:7251b8","text","1","","Rooke: Guarded",""
"exe:7251d8","text","1","","#The second backup from the cameras that caught you at the murder scene is on Proudmore Drive. Get in, wipe the data, get out.",""
"exe:7252d8","text","1","","#To get into the Ellis street facility, you'll need to rewire the building's electronics. If you don't have a Crosslink, buy one.",""
"exe:7253dc","check","2","","Crosslink",""
"exe:7253f0","text","1","","#Rewire the building's electronics to get to the terminal and wipe the data.",""
"exe:72548c","text","1","","Rooke: Mains",""
"exe:7254a8","text","1","","#The next terminal's on Loxley Close. By the way, be careful with power sockets: they'll emit a shock if you Crosslink something to them.",""
"exe:7255bc","text","1","","Rooke: Three for All",""
"exe:7255e8","text","1","","#Get to the terminal and wipe the fourth backup.",""
"exe:72564c","text","1","","Collins: innocent",""
"exe:725670","text","1","","#Last one and you're clear. The DataSec place on Gershwin and 4th is the biggest and most heavily guarded, but after this there'll be no evidence linking you to Selena's murder.",""
"exe:7257d4","word","6","","Wirejack",""
"exe:7257e8","text","1","","#Get to all three terminals and wipe the footage from each.",""
"exe:725860","text","1","","#hi. sorry to bother you guys, i dont know if this is the right place to post this, but ive just been arrested for murder and i dont really know anyone so i used my one call to post this. hope you can help!! - katie",""
"exe:725a10","text","1","","#Reach the door outside Jackson's office to hear what he's saying.",""
"exe:725a98","text","1","","Collins: intex",""
"exe:725ab8","text","1","","#hey, its katie again. i think we need to get hold of jacksons incriminating recording - let me know if youre up for it. thanks! - katie",""
"exe:725bcc","text","1","","Rooke: The Plant",""
"exe:725bf0","text","1","","#Break into the Intex facility and reach the terminal to see if it has an incriminating recording of Jackson.##Optional objective: minimal violence.",""
"exe:725d1c","text","1","","Collins: the recording",""
"exe:725d4c","text","1","","Rooke: The Killer",""
"exe:725d70","text","1","","#i know which office downloaded the recording of jackson. if you can get it, you can have everything i have left. - katie",""
"exe:725e68","text","1","","#Break into the Rooke office that downloaded the recording of Jackson and see if it's still on the terminal there.##Optional objective: minimal violence.",""
"exe:725f9c","text","1","","Gessler: Industrial Espionage",""
"exe:725fd8","text","1","","#Conway, this is Rooke. I need your expertise. It's regarding my employee Katie Collins.",""
"exe:7260a0","text","1","","#Break into the police station to plant the recording of Jackson on the terminal there.##Optional objective: hack any laptops.",""
"exe:7261a0","text","1","","Jackson: The Truth",""
"exe:7261c8","text","1","","#As discussed. Get to the terminal that recorded my phone call, and upload the full thing publicly. The whole truth gets out, I get the hell out of this city, and pay you enough money to take on Intex yourself. Or buy a gold leaf trenchcoat and retire.",""
"exe:7263c4","text","1","","Rooke: The Prototype",""
"exe:7263f0","text","1","","#Get to the Intex terminal with Jackson's full recording on it, and upload it publicly.",""
"exe:7264a0","text","1","","#You know what to do: the recording's stored on a terminal at Intex ops on the Eastmouth river. Get in and wipe it. Jackson goes down for Selena's murder, and I'll get you the real killer.",""
"exe:726630","text","1","","#Get to the Intex terminal that has the full recording of Jackson on it, and wipe it.",""
"exe:7266dc","text","1","","Gessler: Acquisitions",""
"exe:726708","text","1","","Gessler: Come and fucking get me.",""
"exe:72674c","text","1","","Gatecrashers, Resolver",""
"exe:72677c","text","1","","Rooke: The Trace",""
"exe:7267a0","text","1","","#Incapacitate or kill Fritz Gessler.##Optional objective: incapacitate or kill Agent Hightower.",""
"exe:726860","text","1","","#Incapacitate or kill Fritz Gessler.",""
"exe:7268c0","text","1","","#Need a pro for some deniable ops work. Disgusting pay.",""
"exe:726930","text","1","","#Hit TX Fabrications' admin center, and search the main terminal to find out where Rooke's secret prototype is being made.##Optional objective: no living witnesses.",""
"exe:726a7c","text","1","","Gessler: Compensation",""
"exe:726aa8","text","1","","#Conway, get in touch. There's something you should know about your Intex contracts.",""
"exe:726b58","text","1","","#Steal a false prototype for Rooke, so that you can steal it back from her for Gessler.##Optional objective: hack any laptops.",""
"exe:726c58","text","1","","#Ready? It's time.",""
"exe:726c80","text","1","","#Steal Rooke's prototype, then decide whether to tell Gessler about the tracker she placed on it.##Optional objective: no living witnesses.",""
"exe:726d98","text","1","","#We've got a trace. Let's see where it takes us.",""
"exe:726e10","text","1","","#Follow the tracker on Rooke's prototype and steal whatever you find in Gessler's R&D lab.##Optional objective: hack any laptops.",""
"exe:726f28","text","1","","#You fucking rockstar. Come here and let me ruin you with money.",""
"exe:726fac","text","1","","Gessler: Go fuck yourself.",""
"exe:726fe4","text","1","","Anonymous: The Collins Case",""
"exe:72701c","text","1","","Mayfield: The Morgue",""
"exe:727048","text","1","","#I'm unsatisfied with the East Point Police Department's handling of a recent homicide, and I'm looking for an agent to help me investigate what really happened.",""
"exe:72718c","text","1","","Mayfield: The Suspect",""
"exe:7271b8","text","1","","#Go to the scene of Selena's murder and retrieve the onboard backup from the security camera there. Then decide whether to give it to the chief of police.##Optional objective: minimal violence.",""
"exe:72733c","text","1","","+ Faster#- Slower#Space: exit",""
"exe:727378","text","1","","Mayfield: The DataSec Recording",""
"exe:7273b8","text","1","","#I need you to break into a DataSec facility to get some footage that might shed light on who killed Selena Delgado.",""
"exe:7274a4","text","1","","Previous missions",""
"exe:7274c8","text","1","","#Get to the main terminal to retrieve the security camera footage from one of the DataSec facilities that was broken into on the night of the murder. Then decide whether to give it to the chief of police.##Optional objective: hack any laptops.",""
"exe:7276b0","text","1","","#I need you to break into my own HQ. I'll explain why.",""
"exe:727720","text","1","","#Get to the coroner's computer in the morgue and look for evidence that Selena's post-mortem was altered.##Optional objective: minimal violence.",""
"exe:727844","word","1","","Missions",""
"exe:727858","text","1","","#I have a suspect for the Selena Delgado murder. I need you to get into his apartment and look for a piece of evidence that might confirm it.",""
"exe:727974","word","1","","Shop",""
"exe:727980","text","1","","#Break into the apartment Mayfield tracked some agency equipment to, and retrieve any evidence that the occupant is an agent. Then decide whether to hand it over.##Optional objective: hack any laptops.",""
"exe:727b14","text","1","","Mayfield: The Room",""
"exe:727b3c","text","1","","Cash: $",""
"exe:727b4c","word","1","","Upgrades",""
"exe:727b60","text","1","","#I've got something big. I think we can close this case tonight. Drop me a line and I'll tell you what I can.",""
"exe:727c3c","word","1","","Menu",""
"exe:727c48","text","1","","#Hack into a terminal Mayfield says contains an encrypted recording from the night of the murder, then decide whether to hand it over.##Optional objective: minimal violence.",""
"exe:727da4","text","1","","Upgrade points:#",""
"exe:727dc8","text","1","","You're done!#Thanks for playing! You can still replay your previous missions with any gadgets you've unlocked, start from scratch from the main menu, or check gunpointgame.com for what's new.",""
"exe:72a438","word","2",""," available",""
"exe:72a468","word","1","","Credits",""
"exe:72a478","text","1","","Auto-loading saves is disabled.",""
"exe:72a4d8","text","1","","Cash:#$",""
"exe:72a4e8","word","1","","global.Transfuser",""
"exe:72a50c","word","1","","global.Deathfluke",""
"exe:72a550","word","1","","global.Prankspasm",""
"exe:72a598","text","1","","BULLFROG#JUMP STRENGTH#Increases both speed and distance travelled.",""
"exe:72a620","text","1","","Increases both speed and distance travelled.",""
"exe:72a698","text","1","","BULLFROG#CHARGE-UP TIME#Charge a full strength jump more quickly.",""
"exe:72a744","text","1","","Return: $",""
"exe:72a758","text","1","","POWER CAPACITY#Store more charge for your gadgets.",""
"exe:72a7c0","text","1","","DROPSHOT#Land quietly when falling from greater heights.",""
"exe:72a834","word","1","","Owned",""
"exe:72a840","text","1","","DEATHFLUKE#Increase the chance that incoming shots will miss.",""
"exe:72a8c0","text","1","","Buy: $",""
"exe:72a8d0","text","1","","Try it out",""
"exe:72a904","word","1","","CROSSLINK",""
"exe:72a918","text","1","","Rewire electronic devices",""
"exe:72a94c","word","1","","WIREJACK",""
"exe:72a960","text","1","","Reconnect any electronic device to another.",""
"exe:72a9b8","text","1","","Rewire secure circuits",""
"exe:72a9e8","text","1","","Enables Crosslink on protected circuits, when placed on the circuit box.",""
"exe:72aa7c","word","1","","DROPSHOT",""
"exe:72aa90","text","1","","Land silently from any height",""
"exe:72aacc","text","1","","Muffle breaking glass",""
"exe:72aaf8","text","1","","Land on your feet instead of your face, which tends to be quieter.",""
"exe:72ab80","word","1","","HUSHCRACKER",""
"exe:72ab98","text","1","","Silences the noise when you break a window.",""
"exe:72abf0","word","1","","PRANKSPASM",""
"exe:72ac08","text","1","","Boobytrap electronics",""
"exe:72ac34","text","1","","Some incoming shots miss",""
"exe:72ac68","text","1","","Connect a power socket to another device to electrify it.",""
"exe:72acdc","word","1","","DEATHFLUKE",""
"exe:72acf4","word","1","","LONGSHOT",""
"exe:72ad08","text","1","","Strong magnetic field increases the chance incoming shots will miss.",""
"exe:72ad94","text","1","","Rewire enemy guns",""
"exe:72adb8","text","1","","Crosslink enemy guns. When triggered, they fire. When fired, they trigger their target instead.",""
"exe:72ae78","word","1","","RESOLVER",""
"exe:72ae8c","word","1","","Handgun",""
"exe:72ae9c","text","1","","6-ROUND CLIP",""
"exe:72aeb8","text","1","","Rooke's most successful model, illegal since the gun ban.",""
"exe:72af2c","text","2","","Current ammo: ",""
"exe:72af4c","word","1","","BATTERY",""
"exe:72af5c","word","1","","GATECRASHERS",""
"exe:72af78","text","1","","Ammo is expensive - and illegal - due to the gun ban.",""
"exe:72b004","text","1","","Current gadget charge:",""
"exe:72b05c","text","3","","Current gadget charge: ",""
"exe:72b08c","word","1","","SMASHBANG",""
"exe:72b0a0","text","1","","The Hushcracker, Prankspasm and Longshot all drain this charge.",""
"exe:72b120","text","1","","SELL A BATTERY",""
"exe:72b1b0","text","1","","Sell a battery for a full refund.",""
"exe:72b1f4","text","1","","Kick down doors",""
"exe:72b218","text","1","","Opens any conventional door, but not politely.",""
"exe:72b278","text","1","","Distract guards",""
"exe:72b298","text","1","","Place one, then set it off to attract the nearest guard.",""
"exe:72b30c","word","1","","TRANSFUSER",""
"exe:72b324","text","1","","Link different circuits",""
"exe:72b358","text","1","","Can force a connection between devices on separate circuits.",""
"exe:72b3d4","text","1","","Mission:   ActOne2",""
"exe:72b3fc","text","1","","Mission:   ActOne3",""
"exe:72b424","text","1","","Mission:   ActOne4",""
"exe:72b450","text","1","","Mission:   ActOne5",""
"exe:72b47c","text","1","","Mission:   ActTwo1",""
"exe:72b4a8","text","1","","Mission:   ActTwo2",""
"exe:72b4d4","text","1","","Mission:   ActTwo3",""
"exe:72b500","text","1","","Mission:   ActTwo4",""
"exe:72b52c","text","1","","Mission:   ActCorp1",""
"exe:72b558","text","1","","Mission:   ActCorp2",""
"exe:72b584","text","1","","Mission:   ActCorp3",""
"exe:72b5b0","text","1","","Mission:   ActCorp4",""
"exe:72b5dc","text","1","","Mission:   ActCorp5",""
"exe:72b624","word","4","","s",""
"exe:72b6a8","word","1","","Ground",""
"exe:72b6b8","word","1","","Wall",""
"exe:72b6c4","text","1","","Normal floor",""
"exe:72b6e0","text","1","","Wide floor",""
"exe:72b6f8","text","1","","Narrow floor piece",""
"exe:72b720","text","1","","Door frame",""
"exe:72b738","text","1","","Closed door. Requires a door frame. Needs handscanners either side for guards to open it.",""
"exe:72b7ec","text","1","","Right-facing window frame",""
"exe:72b820","text","1","","Open door. Requires a door frame. Needs handscanners either side for guards to use it.",""
"exe:72b8d0","text","1","","Handscanner. Connects to nearest door. Must be close to it for guards to know what it's for.",""
"exe:72b98c","text","1","","Right-facing window",""
"exe:72b9b4","text","1","","Left-facing window.",""
"exe:72b9dc","text","1","","Left-facing window frame",""
"exe:72ba10","text","1","","Glass ceiling",""
"exe:72ba2c","text","1","","Glass ceiling frame",""
"exe:72ba54","text","2","","Normal guard.",""
"exe:72ba70","text","1","","Stairs: need to be one floor directly above or below another set to work.",""
"exe:72bb20","text","1","","Elevator doors. You'll also need to place an Elevator at one of them.",""
"exe:72bbac","text","1","","Secondary objective.",""
"exe:72bbd8","text","1","","The elevator itself. Place it at one set of doors.",""
"exe:72bc40","text","1","","Indoors area. Where guards hear noises, dark when the lights go off.",""
"exe:72bccc","text","1","","Exit. Place on the far right.",""
"exe:72bd08","text","1","","Dark indoors area. Where guards hear noises, and will head to the nearest light switch.",""
"exe:72bdb8","text","1","","Wide indoors area. Where guards hear noises, dark when the lights go off.",""
"exe:72be4c","text","1","","Where the player starts.",""
"exe:72be80","text","1","","Wide, dark indoors area. Where guards hear noises, and will head to the nearest light switch.",""
"exe:72bf40","text","1","","Light switch. Connects itself to the nearest light on this floor.",""
"exe:72bfc8","text","2","","Light. Must be placed in a Zone to work. Starts off if placed in a dark Zone.",""
"exe:72c108","text","2","","Camera. Triggers when the player enters its view. Connects itself to the nearest alarm.",""
"exe:72c268","text","1","","Alarm. When set off, nearest guard within one floor comes to deactivate it. Must be in a Zone.",""
"exe:72c328","text","1","","Motion detector. Triggers when anyone walks through it. Connects itself to the nearest door.",""
"exe:72c3e8","text","1","","Vault door. Opens when activated. Automatically closes after a short while.",""
"exe:72c480","text","1","","Power socket. Electrocutes nearby guards if the player triggers it. Required for Prankspasm to work.",""
"exe:72c550","text","1","","Trap door. Opens for a short time when triggered. Not connected to anything initially.",""
"exe:72c600","text","4","","Circuit box: the player needs to get to this to crosslink stuff on this circuit.",""
"exe:72c8a0","text","4","","Place this on a device to put the device on this circuit.",""
"exe:72ca7c","text","2","","Enforcer: can't be pinned.",""
"exe:72caf0","text","2","","Pro: can see in the dark and shoots even at gunpoint.",""
"exe:72cbd0","text","1","","Place this on a guard to make him patrol.",""
"exe:72cc24","text","1","","Primary objective.",""
"exe:72cc68","word","1","","Battery.",""
"exe:72cc80","text","1","","Place this anywhere and the player will start the level with the Crosslink (rewire stuff).",""
"exe:72cd38","text","1","","Place this anywhere and the player will start the level with the Wirejack (tap into circuits).",""
"exe:72cdf8","text","1","","Place this anywhere and the player will start the level with the Resolver (gun).",""
"exe:72ce9c","word","1","","Untitled",""
"exe:72cf08","text","1","","There's already a file called that, and I'm too scared to overwrite it.",""
"exe:72cfa0","check","1","","Blanjipan",""
"exe:72cfb4","check","1","","blanjipan",""
"exe:72cfc8","text","1","","I said don't call it that.",""
"exe:72d000","text","1","","Enter a name of some kind. Doesn't have to be good. Even, like, 'Blanjipan' would do. (Don't call it that though).",""
"exe:72d0e8","text","1","","Save (F5)",""
"exe:72d0fc","check","1","","Play (Enter)",""
"exe:72d11c","text","1","","Publish Update",""
"exe:72d13c","text","1","","Rate on Workshop",""
"exe:72d160","text","1","","Publish to Workshop",""
"exe:72d188","text","1","","Basic level bits.",""
"exe:72d1ac","text","1","","Walls and floors",""
"exe:72d1d0","word","1","","Doors.",""
"exe:72d1e0","word","1","","Doors",""
"exe:72d1ec","text","1","","Windows and frames.",""
"exe:72d214","word","1","","Windows",""
"exe:72d224","word","1","","Stairs.",""
"exe:72d258","text","1","","Indoors areas.",""
"exe:72d278","word","1","","Zones",""
"exe:72d284","text","1","","Anything crosslinkable.",""
"exe:72d2b4","word","1","","Electronics",""
"exe:72d2cc","word","1","","Circuits",""
"exe:72d2e0","text","1","","Set up secure circuits the player has to Wirejack.",""
"exe:72d348","text","1","","Place guards.",""
"exe:72d364","word","1","","Guards",""
"exe:72d374","word","1","","Objectives.",""
"exe:72d38c","word","1","","Objectives",""
"exe:72d3a4","text","1","","Background walls.",""
"exe:72d3c8","text","1","","Back walls",""
"exe:72d3e0","word","1","","Decor.",""
"exe:72d3f0","word","1","","Decor",""
"exe:72d3fc","text","1","","Walls and decor.",""
"exe:72d420","word","1","","Equipment",""
"exe:72d450","text","1","","Choose a resolution!",""
"exe:72d48c","text","1","","Try it! (Esc cancels)",""
"exe:72d538","text","1","","Use the mouse to pan in Crosslink mode.",""
"exe:72d698","check","6","","Resolution",""
"exe:72d6b0","text","2","","Cancel (Escape)",""
"exe:72d6d0","text","1","","Fullscreen (Click for Windowed mode)",""
"exe:72d73c","text","1","","Developer commentary:",""
"exe:72d768","text","1","","Windowed mode (Click for Fullscreen)",""
"exe:72d7c4","check","4","","Options",""
"exe:72d7d4","check","2","","Controls",""
"exe:72d828","text","1","","Customise keyboard controls",""
"exe:72d860","word","1","","Swearing:",""
"exe:72d874","text","1","","Colour-blind mode:",""
"exe:72d89c","text","1","","Mouse-over descriptions:",""
"exe:72d8d0","text","1","","Control tips:",""
"exe:72d8ec","text","1","","Tutorial boxes:",""
"exe:72d90c","text","1","","Highlight objectives:",""
"exe:72d938","text","1","","VSync enabled:",""
"exe:72d958","word","4","","Back",""
"exe:72d990","check","1","","Mouse over a control and press any key#(Preferably not Tab or Esc)",""
"exe:72da58","check","1","","Hold to draw gun",""
"exe:72da7c","check","1","","Pan left",""
"exe:72da90","check","1","","Pan right",""
"exe:72daa4","check","1","","Pan up",""
"exe:72dab4","check","1","","Pan down",""
"exe:72dac8","text","1","","Reset to defaults",""
"exe:72db08","check","6","","Level editor",""
"exe:72db24","text","1","","Create custom mission",""
"exe:72db64","text","1","","Browse Steam Workshop",""
"exe:72dbac","check","2","","New game",""
"exe:72dbc0","text","1","","Confirm#This'll wipe all your saves",""
"exe:72dc68","word","1","","Resume",""
"exe:72dcac","word","1","","Saved",""
"exe:72dcb8","text","1","","Load savegame",""
"exe:72dd10","text","1","","Change res (if things look too small) (F1)",""
"exe:72dd80","text","1","","Change screen size (F1)",""
"exe:72ddc8","text","1","","Level editor (not in demo)",""
"exe:72de54","text","1","","Back to agency missions",""
"exe:72de90","text","1","","Change res (aborts mission) (F1)",""
"exe:72df44","text","1","","Skip mission",""
"exe:72df60","text","1","","Abort mission",""
"exe:72df7c","check","1",""," left)",""
"exe:72df8c","text","1","","Skip mission (",""
"exe:72dfac","text","1","","Start a new game from scratch",""
"exe:72dffc","text","1","","Quit (and autosave)",""
"exe:72e054","text","1","","Click: Punch",""
"exe:72e070","text","1","","Click: Punch#Right-click: Shoot",""
"exe:72e0b0","text","1","","Beta version of Gunpoint: www.gunpointgame.com",""
"exe:72e110","text","1","","Not enough power to use the Longshot",""
"exe:72e15c","word","1","","Bullets: ",""
"exe:72e170","check","1","","Longshot ready: rewire to or from enemy guns",""
"exe:72e1cc","text","1","","Load a saved game:##",""
"exe:72e1f8","text","1","","Not enough power to use the Prankspasm",""
"exe:72e248","check","1","","Prankspasm ready: connect a power socket to something to electrify it",""
"exe:72e2e0","text","1","","Not enough power to use the Hushcracker",""
"exe:72e330","check","1","","Hushcracker ready: click mid-air to break glass quietly",""
"exe:72e3c0","text","3",""," seconds ago.##",""
"exe:72e3e0","text","1","","1. Autosaved ",""
"exe:72e450","text","1","","2. Autosaved ",""
"exe:72e4c0","text","1","","3. Autosaved ",""
"exe:72e518","text","1","","4. Last manual save.##",""
"exe:72e574","text","1","","R. Restart this mission.##",""
"exe:72e5b4","text","1","","Esc. Back",""
"exe:72e74c","word","2","","R",""
"exe:72e7ac","text","1","","CONTRACT COMPLETE",""
"exe:72e7d0","check","8","","Violence",""
"exe:72e7e4","word","1","","VIOLENCE",""
"exe:72e7f8","text","1","","Kills count for a lot. Gunshots, long falls, and 10+ punches kill. Knockouts and electric shocks don't.",""
"exe:72e8c8","word","1","","PSYCHOPATH",""
"exe:72e8e0","word","1","","BRUTAL",""
"exe:72e8f0","word","1","","NON-LETHAL",""
"exe:72e908","word","1","","GENTLEMAN",""
"exe:72e930","check","4","","Witnesses",""
"exe:72e944","word","1","","WITNESSES",""
"exe:72e958","text","1","","Anyone who might have seen you, including anyone you pounced on but didn't kill.",""
"exe:72e9fc","word","1","","GHOST",""
"exe:72ea14","check","2","","Noise",""
"exe:72ea20","text","1","","Noises neighbours could have heard: smashing glass and gunshots.",""
"exe:72eaa4","word","1","","NOISE",""
"exe:72eab0","word","1","","NINJA",""
"exe:72eae0","check","3","","Time",""
"exe:72eaec","word","1","","TIME",""
"exe:72eaf8","text","1","","An empty bar is the fastest time thought possible. A full bar is double that.",""
"exe:72eb98","word","1","","m",""
"exe:72eb9c","word","1","","SWIFT",""
"exe:72eba8","word","1","","THOUGHTFUL",""
"exe:72ebc0","word","1","","LIGHTNING",""
"exe:72ebe4","check","7","","Laptops",""
"exe:72ec08","text","1","","There's no reward for hacking laptops, except knowing you hacked every hackable thing.",""
"exe:72ecb8","word","1","","LAPTOPS",""
"exe:72ecd0","text","1","","The client rates you on how well you fulfilled optional objectives, if there were any.",""
"exe:72edbc","text","1","","CLIENT RATING",""
"exe:72edd8","check","2","","A+",""
"exe:72ede0","word","5","","A",""
"exe:72ede4","word","2","","B",""
"exe:72ede8","word","3","","C",""
"exe:72edf0","text","1","","Your pay isn't affected by your ratings.",""
"exe:72ee44","text","1","","PAY: $",""
"exe:72ee54","text","1","","+1 UPGRADE POINT",""
"exe:72ee78","text","1","","The agency gives you one equipment upgrade for each mission you complete.",""
"exe:72ef0c","word","1","","Continue",""
"exe:72ef30","text","1","","Press a number key to choose the native resolution of this monitor. (If something goes wrong, delete resolution.txt in the Gunpoint folder and try again)##1. 1024x600#2. 1280x720#3. 1280x800#4. 1280x1024#5. 1360x768#6. 1680x1050#7. 1600x1200#8. 1900x1080#9. 1920x1200",""
"exe:72f170","text","1","","Press a number key to choose a display mode. You can bring this menu back with Backspace if it doesn't look right.##1. 1024x600#2. 1280x720 #3. 1280x800#4. 1280x1024#5. 1360x768#6. 1680x1050#7. 1600x1200#8. 1900x1080 (things are small on-screen)#9. 1920x1200 (things are small on-screen)",""
"exe:72f460","text","1","","A breakable window. Takes a strong jump to smash it.",""
"exe:72f4f0","text","2","","You can break through windows with a fully charged jump.",""
"exe:72f564","text","1","","Hand Scanner Bypass",""
"exe:72f58c","text","3","","Remote Rewiring Tool",""
"exe:72f62c","word","1","","BULLFROG",""
"exe:72f640","text","2","","A glass ceiling. Shattered by strong impact or progressive thinking.",""
"exe:72f6cc","text","1","","Projectile Trousers",""
"exe:72f6f4","text","1","","Hypertrousers Jump Boost",""
"exe:72f728","text","1","","You can break through glass with enough force.",""
"exe:72f840","text","1","","Propel yourself with dramatic, ill-advised force.",""
"exe:72f8a4","word","1","","SLAPSTICK",""
"exe:72f8b8","text","1","","COLD CALL#Upgrade to find 50% more Cold Call batteries.",""
"exe:72f928","text","1","","Adhesive Climbing Gloves",""
"exe:72f95c","text","1","","Climb on any wall or ceiling.",""
"exe:72f998","text","1","","TRANSFUSER#Upgrade to find 50% more Transfuser batteries.",""
"exe:72fa38","text","1","","Hypertrousers Charge Time Reduction",""
"exe:72fa80","text","1","","COLD CALL",""
"exe:72fa94","text","1","","Remote Activator",""
"exe:72fab8","text","1","","Right click an object to trigger it remotely. Limited uses.",""
"exe:72fb30","word","1","","DROPJOCKEY",""
"exe:72fb48","text","1","","Slow-Falling Trenchcoat",""
"exe:72fb78","text","1","","Fall safely from any height.",""
"exe:72fe70","check","2","","W, A, S, D",""
"exe:730018","text","1","","From: Kelly Ackland#To: Julian Mayfield##Subject: Sunday##Obviously everyone here feels terrible about what happened on Sunday. I'm told Handley was a good officer and it was a bad, weird way to go.##As you know our work here is highly experimental, and it looks like one of our active projects is capable of interfering with the internal electronics of Rooke and Intex firearms. We can't discuss details of course, but it does appear to have been an accident, and I believe the surviving officer is blameless.##That said, your suggestion that we might be using your officers as guinea pigs for untested field tech is way off.##Kelly Ackland",""
"exe:730530","text","1","","From: Julian Mayfield#To: Kelly Ackland##Subject: Flawed arrangements##While I realise it's my officers' responsibility to keep your facilities secure, but it's becoming increasingly hard to accept that you've given us all the information we need to protect your company.##Are you genuinely, honestly baffled as to why three different agents have arrived at your Riley Street facility through your private subway stations, and proceeded to hold each of my officers at gunpoint until they escape?##And if so, why do you keep insisting they guard those specific positions, when there's clearly a serious flaw in that setup?##-Mayfield",""
"exe:730a3c","word","16","","Rooke",""
"exe:730a48","text","1","","From: Julian Mayfield, East Point PD#To: Kelly Ackland, TX Fabrications##Subject: Strange requests##Kelly: obviously we're more than happy to provide security for TX Fabrications, but I'm not entirely comfortable with some of your special requests.##You're welcome to make recommendations about where to assign officers with riot gear, and even specify locations you think an intruder might target.##But telling my officers which direction to face is micromanaging to a suspicious degree. Particularly when you're specifying that they should look AWAY from a fragile window and potential entry point.##What exactly is it you don't want them to see?##-Mayfield",""
"exe:730f70","text","1","","From: Antonia Szpunar#To: Kelly Ackland##Subject: Prankspasm. Prankspasm?##OK, I think we're ready for production on the Prankspasm. We managed to get around the grid's safety protocols by remotely ramping down the voltage at the time of connection, then cranking it back up when the mains socket is activated.##My only question is: why would anyone actually want this? As far as I can see it could only ever be used to cause nasty accidents by passing a dangerous voltage through objects that are normally safe. What kind of client needs that?##And did they pick the name?##Toni",""
"exe:7313f8","text","13","","Melanie Rooke#CEO, Rooke Firearms",""
"exe:731460","text","1","","A prospective client, Selena Delgado, was shot and killed in her office.##Cameras caught me on my way up to see her, making me the prime suspect.",""
"exe:7315f8","text","5","","A prospective client, Selena Delgado, was shot and killed in her office.##Cameras caught me on my way up to see her, making me the prime suspect.##Selena's boss, Melanie Rooke, knows I'm innocent and wants the real killer caught.##She's helping me wipe the offsite backups of the incriminating footage.",""
"exe:7318b0","text","1","","From: Julian Mayfield, Chief of Police#To: East Point Police Department (all)##Subject: Private security##I've heard grumbling lately from some officers about your private security assignments. Since we merged with city's largest security firm, the East Point Police Department now serves both roles.##You might not like working for a corporation, but your job is the same: protect and serve. With the endless budget cuts we've been through, the new funding from this merger is the only reason you have even halfway adequate equipment.##Basically: tough.##-Mayfield",""
"exe:7322f8","text","1","","From: Julian Mayfield, Chief of Police#To: East Point Police Department (all)##Subject: Swapping weapons##Getting sick of saying this so I'll keep it brief: all police-issue firearms are palm-print coded to their owner. If you take or borrow someone else's gun, IT WILL NOT FIRE.##We're seeing far too many snafus like Friday: perps getting away because an officer's using a borrowed weapon or one stolen from evidence.##If you lose your side arm, which seems to happen more than I can fully comprehend, just report it. I'm waiving the fee for replacement. You need a gun that works.##-Mayfield",""
"exe:732a98","text","1","","From: Julian Mayfield, Chief of Police#To: East Point Police Department (all)##Subject: ##We're getting more and more reports of the electronics in these post-millennial buildings behaving strangely. Lights going out, but also more serious stuff, like electronically locked doors suddenly swinging open.##If you see anything like that, put it in your report. And play it safe, those doors open way too fast.##-Mayfield",""
"exe:733118","text","1","","From: Julian Mayfield, Chief of Police#To: East Point Police Department (all)##Subject: Cameras don't hate black people##We need to put to rest this idiotic rumour about our security software detecting dark-skinned people as intruders. They don't.##What they do is analyse the subject's face, stature and movement characteristics and match them against our database of known security personnel.##That means if anyone who isn't police or private security walks in front of a camera, REGARDLESS OF SKIN COLOUR, it will trigger. If it's connected to an alarm, that'll set it off. If not, it just adds a note to the footage for security to review later.##Whether they're connected to anything or not, all our cameras also store their feeds. So if you - for example - pull an African-American transient in off the street, into a secure facility, and shove him in front of a security camera in a misguided attempt to prove that a piece of software is racist, we have footage of you doing that.##-Mayfield",""
"exe:733960","text","1","","A prospective client, Selena Delgado, was shot and killed in her office.##Cameras caught me on my way up to see her, making me the prime suspect.##Selena's boss, Melanie Rooke, knows I'm innocent and wants the real killer caught.##She helped me me wipe the offsite backups of the incriminating footage - I'm in the clear.",""
"exe:733c10","text","2","","Katie Collins#Analyst, Rooke Firearms##Optional Objective:#Check any laptops",""
"exe:733cac","word","7","","Collins",""
"exe:733db0","text","1","","I was caught on camera at the scene of Selena Delgado's murder.##Selena's boss, Melanie Rooke, knows I'm innocent and helped me erase all copies of the footage.",""
"exe:733f48","text","1","","From: Katie Collins#To: Melanie Rooke##Subject: What are Intex thinking?##Hey Melanie! Just a quick question. Sorry if I'm being stupid.##You asked me to watch Intex's purchase strategy, and I have. I'm confused. They're buying the same set of materials we were last week, in crazy amounts, and I still don't see how they could ever be used in any legal firearm. I know you can't talk about our own plans, but can you shed any light on theirs?##They're getting them slightly cheaper than us, by the way. I know you like to deal with Jackson's company whenever you can, but in this case we paid a high price for it. The only advantage I can see is that the contract says we could return it all for price paid, but presumably we need all this stuff to go into full scale production of Project Lucena? Whatever that is?##If you want me to shut up and stop asking stupid questions, just say the word.##Katie",""
"exe:734658","text","3","","Katie Collins#Analyst, Rooke Firearms",""
"exe:734710","text","1","","Selena Delgado's colleague, Katie Collins, has been arrested for her murder.##Me deleting all security footage from the night in question probably didn't help.##Rooke's husband Mark Jackson is claiming he saw Collins there that night.##I overhead Jackson referring to an incriminating recording a company called Intex have of him.",""
"exe:7349a8","text","2","","Katie Collins#Analyst, Rooke Firearms##Optional Objective:#Minimal violence",""
"exe:734a40","text","1","","Selena Delgado's colleague, Katie Collins, has been arrested for her murder.##Rooke's husband Mark Jackson is claiming he saw Collins there that night.##I overhead Jackson referring to an incriminating recording a company called Intex have of him.",""
"exe:734c58","text","1","","From: Carl Jensberg#To: Fritz Gessler##Subject: Struggling##Fritz, look. Don't get me wrong. I'm excited about this job, and I'm very grateful for this position. But I'm really struggling to see how this company's strategy makes any sense at all.##We've muscled into East Point to take over a gun market the same year all hand guns are permanently banned for commercial sale. And despite that, we're spending crazy capital to beat Rooke out of the market - a market that simply doesn't exist.##I know East Point has been a hotspot in the past, and Intex have wanted to open a branch here for a long time, but that was before the ban. East Point was built on guns. Mostly by Rooke. Why don't we just back out and wait for them to die?##Regards,##Carl Jensberg",""
"exe:7352f0","text","2","","Selena Delgado's colleague, Katie Collins, has been arrested for her murder.##Rooke's husband Mark Jackson is claiming he saw Collins there that night.##I overheard Jackson referring to an incriminating recording a company called Intex have of him.##The recording had been deleted from Intex's servers, but the logs showed someone at Rooke downloaded a copy.",""
"exe:735980","text","1","","From: Melanie Rooke#To: Katie Collins##Subject: Re: What are Intex thinking?##Hey Katie. Not at all, you're asking all the right questions. Unfortunately I still can't tell you any more about what I have planned for Project Lucena, but I can certainly make a good guess at what Intex are up to.##I think we have a leak. And I think when they saw us buying up materials for some secret project, they spent a significant chunk of their significant capital trying to corner the market for those materials before we could go into production.##You're right, Gessler got a better price than us. But since he's not married to the director of the company he bought them from, he might find himself financially disadvantaged should he ever regret purchasing a vast quantity of what turns out to be useless junk.##Rooke.",""
"exe:736080","text","2","","Selena Delgado's colleague, Katie Collins, has been arrested for her murder.##Rooke's husband Mark Jackson is claiming he saw Collins there that night.##I overheard Jackson referring to an incriminating recording a company called Intex have of him.##The recording was scrubbed from both Intex's servers and a Rooke machine that downloaded it.",""
"exe:736330","text","1","","Melanie Rooke#CEO, Rooke Firearms##Optional Objective:#Hack any laptops",""
"exe:7366a8","text","1","","From: Lt. Det. David Carillo#To: Det. Sal Godall##Subject: Re: Your theory##So I'm a jury. The defendant has no alibi, lives alone, and had access to all the security footage that was mysteriously erased for the night of the crime. And a reputable local business owner will testify that she was the last person left alone with the victim.##How much do I care that she did it in a weird way?##The Delgado case is an easy close, Sal, and with your case log, you need an easy close. Just take the win.##Carillo",""
"exe:736b20","text","2","","Rooke's husband Mark Jackson is claiming Katie Collins killed Selena Delgado.##I overheard Jackson referring to an incriminating recording a company called Intex have of him.##Rooke gave me the recording - it's of Jackson threatening Selena.##I've planted it in the police's evidence database, and Rooke's going to leak it to a journalist.",""
"exe:736dc8","text","2","","Mark Jackson#CEO, Lucena Logistics",""
"exe:736e10","word","2","","Jackson",""
"exe:7371b0","text","1","","Rooke's husband Mark Jackson is claiming Katie Collins killed Selena Delgado.##I overheard Jackson referring to an incriminating recording a company called Intex have of him.##Rooke gave me the recording - it's of Jackson threatening Selena.##Jackson says he was warning Selena that Intex would kill her, and Rooke edited the recording.",""
"exe:7374a8","text","1","","From: Fritz Gessler#To: Melanie Rooke##Subject: Fucked##Hope you enjoyed my little gift to your reception earlier.##Guess what! I'm fucking you again. The money you put into your husband's company - you're never getting that back. I have him by the balls.##Any last words before I finish ruining your life and your company?#  #FG",""
"exe:737770","text","1","","From: Fritz Gessler#To: Melanie Rooke##Subject: Fucked##Congratulations! You fucked me on the prototype thing.##Guess what! I'm fucking you back. The money you put into your husband's company - you're never getting that back. I have him by the balls.##Any last words before I finish ruining your life and your company?##FG",""
"exe:737a78","text","1","","Rooke's husband Mark Jackson is claiming Katie Collins killed Selena Delgado.##Rooke gave me a recording of Jackson threatening Selena.##Jackson says he was warning Selena that Intex would kill her, and Rooke edited the recording.##I found the original recording and uploaded it publicly, to clear his name.",""
"exe:737d40","text","1","","Rooke's husband Mark Jackson is claiming Katie Collins killed Selena Delgado.##Rooke gave me a recording of Jackson threatening Selena.##Jackson says he was warning Selena that Intex would kill her, and Rooke edited the recording.##I found the original recording and wiped it, in exchange for Rooke giving me Selena's real killer.",""
"exe:738070","text","1","","From: Fritz Gessler#To: [Encrypted]##Subject: Collins##What the fuck happened with Collins? That wasn't us, right? I don't think she even had anything.##Don't get me wrong, I'm all for simplifying. But unless I was drunker than I remember last night, I'm pretty sure I didn't order this.##Could it actually be a legit suicide? Do those even happen? We've faked so many I think I forgot it was a real thing.##FG",""
"exe:7383a8","text","2","","Fritz Gessler#CEO, Intex##Optional Objective:#Leave no living witnesses",""
"exe:738478","text","1","","From: Kelly Ackland#To: Fritz Gessler##Subject: Quit it!##For God's sake Fritz, how many times? WE ARE NOT MAKING ANYTHING FOR ROOKE.##We would! She's great! But she hasn't asked us to.##So please stop sending people to steal it. The first guy just got knocked out by a Prankspasmed lightswitch, but the last two we had to kill.##Reminder: my company invents shit that hurts people in weird ways. We're a terrible place to rob, especially if we don't even have what you're looking for.##Kelly Ackland",""
"exe:738864","text","4","","Fritz Gessler#CEO, Intex",""
"exe:7388d0","text","2","","Gessler, CEO of Rooke's rival Intex, hired me to find the location of Rooke's secret prototype.",""
"exe:738990","text","2","","Melanie Rooke#CEO, Rooke Firearms##Optional Objective:#Check any laptops",""
"exe:738b58","text","1","","From: Fritz Gessler#To: Kelly Ackland##Subject: Re: Quit it!##Quiz: if Rooke did have you working on something, something that hit the personal security market but would still be legal even during the gun ban, would she ask you to keep it confidential?##And if she did, would you agree?##And if you did, what would you say about it to me?##You get it yet?##FG",""
"exe:738ea0","text","2","","Gessler, CEO of Rooke's rival Intex, hired me to find the location of Rooke's secret prototype.##Rooke tells me there isn't one, and hired me to steal a fake so she can track it to Intex's labs.",""
"exe:739310","text","1","","From: Kelly Ackland#To: Fritz Gessler#Subject: Re: Quit it!##Agent four! Knocked unconscious when one of my techs wired the front door to open in his face.##Agent five! Fell down a six story shaft in our Dropshot testing grounds.##Agent six! Shot. We just shot him, Fritz.##Agent seven! Gatecrasher test subject kicked a door into into him.##You get it yet?##I've known Melanie Rooke longer than you, so I hope you'll take some advice: if you think you know her next move, you're looking at the wrong game.##Kelly Ackland",""
"exe:739768","text","1","","Gessler, CEO of Rooke's rival Intex, hired me to find the location of Rooke's secret prototype.##Rooke tells me there isn't one, and hired me to steal a fake so she can track it to Intex's labs.##I stole the fake, with Rooke's tracker, and brought it to Intex. Should I tell him?",""
"exe:739a50","text","1","","Gessler, CEO of Rooke's rival Intex, hired me to find the location of Rooke's secret prototype.##Rooke tells me there isn't one, and hired me to steal a fake so she can track it to Intex's labs.##I brought the fake to Intex, but I told Gessler about the tracker Rooke put on it.",""
"exe:739c80","text","1","","Gessler, CEO of Rooke's rival Intex, hired me to find the location of Rooke's secret prototype.##Rooke tells me there isn't one, and hired me to steal a fake so she can track it to Intex's labs.##I brought the fake to Intex with Rooke's tracker, but I didn't tell Gessler.",""
"exe:739ed0","text","1","","From: Fritz Gessler#To: Carl Jensberg##Subject: Re: Struggling##Fuck, Carl, don't get your cock in a knot. We're in East Point because it's the cheapest place to make guns. We moved here after the gun ban because that's the cheapest time to make guns. Your job is to make a lot of guns.##Leave phase two to our lobbyists.##And leave Rooke to me. Smarter men than you have lost small fortunes waiting for her company to die.##FG",""
"exe:73a2a0","text","3","","Gessler, CEO of Rooke's rival Intex, hired me to find the location of Rooke's secret prototype.##Rooke tells me there isn't one, and hired me to steal a fake so she can track it to Intex's labs.##I brought the fake to Intex, but I told Gessler about the tracker Rooke put on it.##Gessler told me to follow it anyway, and take what I find back to Rooke.",""
"exe:73a598","text","1","","Gessler, CEO of Rooke's rival Intex, hired me to find the location of Rooke's secret prototype.##Rooke tells me there isn't one, and hired me to steal a fake so she can track it to Intex's labs.##I brought the fake to Intex, then followed the tracker to their secret labs.",""
"exe:73a828","text","1","","Gessler, CEO of Rooke's rival Intex, hired me to find the location of Rooke's secret prototype.##Rooke tells me there isn't one, and hired me to steal a fake so she can track it to Intex's labs.##I brought the fake to Intex, then followed the tracker to their secret labs and stole everything.",""
"exe:73b108","text","1","","Client identity encrypted##Optional Objective:#Minimal violence",""
"exe:73b1b4","word","10","","Mayfield",""
"exe:73b1c8","text","1","","From: Melanie Rooke#To: Selena Delgado##Subject: Stick around##I know the figures look bad. And I know they're getting worse. There's a gun ban on and we're a gun company - we can't avoid cutbacks.##But bear with me. I can't talk about it yet, even internally, but I have something in the pipeline that can more than save us, and might even run Intex out of town.##I'm sure by now you're getting headhunted - I'd be trying to poach you if you worked for anyone else. I'll understand if you get an offer you have to take. Just don't think Rooke is a dead end - your position's not in any danger.##By the way, if Mark's still there, let him know I'll be late tonight - his mobile's off.##Rooke.",""
"exe:73b760","text","6","","Julian Mayfield#Chief of Police, East Point",""
"exe:73b7b8","text","2","","The chief of police suspects his officers are mishandling the investigation into Selena Delgado's murder.##He hired me to find a local backup of the footage from that night - the night I was there.",""
"exe:73b958","text","2","","Julian Mayfield#Chief of Police, East Point##Optional Objective:#Hack any laptops",""
"exe:73bbf0","text","1","","From: Jason Serra#To: Ty Lababidi##Subject: Rooke feeds##Ty, do you know if the feeds from the Rooke office across the street get backed up here? Do you have admin rights?##If so, you, uh, might wanna check the footage from the 15th. It's that night I stayed late - on my way to the car I saw a guy making out with some latina chick on the top floor.##Here's the thing: the guy looked EXACTLY like Mark Jackson.##I know, I know, that chick didn't turn out to be Anna Kendrick that one time. But just check. If I'm right... lol##Jace",""
"exe:73c0a0","text","1","","The chief of police suspects his officers are mishandling the investigation into Selena Delgado's murder.##He hired me to retrieve footage taken at a DataSec facility I broke into that night.",""
"exe:73c220","text","2","","Julian Mayfield#Chief of Police, East Point##Optional Objective:#Minimal violence",""
"exe:73c300","text","1","","The chief of police suspects his officers are mishandling the investigation into Selena Delgado's murder.##He's hiring me to find evidence from that night.",""
"exe:73c488","text","1","","From: Det. Sal Godall#To: Lt. Det. David Carillo##Subject: Your theory##So I'm Katie Collins. I'm working late. The only other people in the building are my friend Selena Delgado, and my boss's husband Mark Jackson for some reason.##Jackson leaves. I wait till my friend's back is turned, then shoot her in the spine. Her body falls out of a fourth story window and hits the asphalt.##But I'm not satisfied. I, what, jump? Climb? Out of the broken window, drop down to the street and shoot her two more times in the head. Better safe than sorry, right?##Nothing about Collins makes sense for the Delgado case. I know I've said this and I know you've all shot me down, but I still like Jackson for it. He's lying about something.",""
"exe:73cae8","text","2","","The chief of police suspects his officers are mishandling the investigation into Selena Delgado's murder.##I found the coroner changed his report - the original suggests it was a professional hit.",""
"exe:73cf58","text","1","","From: Selena Delgado (personal)#To: Mark Jackson (personal)##Subject: bleurg##Melanie knew you were here yesterday. Hopefully she thinks it's just business, but, ugh. I hate doing this to her.##I don't think she knows anything, but then, I wouldn't. She's about eight times smarter than me.##Whatever it was you wanted to talk about tonight, I hope it has to do with you manning the hell up and telling her.##s",""
"exe:73d2e8","text","2","","The chief of police suspects his officers are mishandling the investigation into Selena Delgado's murder.##I found the coroner changed his report - the original suggests it was a professional hit.##He sent me to investigate an apartment some pro kit was delivered to. As it happens, mine.",""
"exe:73d880","text","1","","From: Ty Lababidi#To: Jason Serra##Subject: The setup##Alright, I'm lost now. Why do the East Point police want to store something on this server in particular? And what is it? If it was a feed, wouldn't we just receive a stream like usual?##PS. No, I'm not stealing footage of people making out for you.##Ty",""
"exe:73dc30","text","1","","The chief of police suspects his officers are mishandling the investigation into Selena Delgado's murder.##I found the coroner changed his report - the original suggests it was a professional hit.##He sent me to investigate an apartment some pro kit was delivered to. As it happens, mine.##He sent me to retrieve what he claims is a full recording of what happened that night.",""
"exe:73df48","text","1","","Cancel post",""
"exe:73e1a8","word","1","","Cocking",""
"exe:73e6fc","check","4","","Me:",""
"exe:73e718","text","1","",", setting alarm",""
"exe:73e738","text","1","","Found a Them: at ",""
"exe:73e764","text","1","",", reading in options",""
"exe:73e790","text","1","","Found a Me: at ",""
"exe:73e7b0","word","1","","After:",""
"exe:73e7c0","check","3","","END SCENE",""
"exe:73e7d4","text","1","","End scene reached at ",""
"exe:73e810","text","1",""," options found.",""
"exe:73e8f0","text","1","","Line said, heading to ",""
"exe:73e938","word","1","","fuck",""
"exe:73e958","word","1","","Fuck",""
"exe:73e978","word","1","","shit",""
"exe:73e998","word","1","","Shit",""
"exe:73e9bc","word","1",""," dick ",""
"exe:73e9e4","word","1","","Asshole",""
"exe:73ea08","word","1",""," ass.",""
"exe:73ea28","text","1","","Compose new blog post:",""
"exe:73eedc","word","2",""," nothing",""
"exe:73eef8","text","1",""," is activated.",""
"exe:73ef18","text","1","","This door will open when ",""
"exe:73ef50","text","1","","This door has no incoming connection, so nothing will open it.",""
"exe:73f000","text","2","","You can press U to undo the last connection, and its cost.",""
"exe:73f0f0","word","1","","Device",""
"exe:73f100","text","1","","This device will activate",""
"exe:747d24","text","2","","The Hushcracker needs ",""
"exe:747ddc","check","10","","Top",""
"exe:747f0c","word","3","","Off",""
"exe:747f18","text","1","","Music volume: ",""
"exe:747f44","text","1","","Sound volume: ",""
"exe:747f90","word","1","","On",""
"exe:747fc8","text","1","","BASIC CONTROLS#Move left and right:#Climb up and down:#Aim jump:#Jump:#Use:##TOOLS#Crosslink mode:#Draw gun:#Fire:##OTHER#Move your view:#Engage Hushcracker (if owned):#",""
"exe:74811c","word","1","","customised",""
"exe:748154","text","1","","cursor keys",""
"exe:74816c","check","1","","#left click mid-air#",""
"exe:748198","check","1","",")#left mouse button###",""
"exe:7481c8","check","1","",")#hold right mouse (or ",""
"exe:7481f8","check","1","","###mouse wheel (or ",""
"exe:74822c","check","2",""," and ",""
"exe:748238","check","1","","#hold left mouse button#release left mouse button#",""
"exe:7482b8","text","1","","Buy the game (saves and quits)",""
"exe:748320","text","1","","Open the soundtrack (saves and quits)",""
"exe:7483b8","text","1","","Watch the Making of Gunpoint (saves and quits)",""
"exe:748448","text","1","","Play the Prototype Pack (saves and quits)",""
"exe:7484a0","text","1","","Join the Secret Beta Access List (saves and quits)",""
"exe:74850c","text","1","","#Noise: ",""
"exe:748520","word","1","","Kills: ",""
"exe:748558","word","1","","Witnesses: ",""
"exe:748570","text","1","","Copy and close",""
"exe:748594","text","1","","Save (this mission only)",""
"exe:7485c8","word","1","","Save",""
"exe:749020","word","1","","Mission",""
"exe:749030","word","1","","Rating",""
"exe:74904c","word","1","","Badges",""
"exe:74905c","check","2","","Play",""
"exe:749134","check","4","","Climbing Down",""
"exe:749188","check","4","","Climbing Up",""
"exe:749484","text","1","","Collision 1",""
"exe:7494cc","text","1","","Such a punchable face.",""
"exe:7495c4","word","4","","D",""
"exe:7495cc","word","4","","W",""
"exe:7495d0","word","4","","S",""
"exe:7495fc","check","1","","Cursor keys",""
"exe:749704","text","2",""," - Suggested",""
"exe:749744","text","1",""," (things might look small)",""
"exe:74977c","text","1",""," (may not look right)",""
"exe:7497a8","word","1","","Native",""
"exe:7497b8","text","1","","Safe Mode (F2)",""
"exe:749c5c","text","1","","Please Wait...",""
"exe:749c7c","text","1","","Failed to submit to workshop",""
"exe:749cb8","text","1","","Local Files",""
"exe:749cd0","text","1","","My Workshop Files",""
"exe:749cf4","text","1","","Workshop Subscriptions",""
"exe:749d80","text","1","","Click to view on Workshop.",""
"exe:749dc0","text","1","","Click to edit a local copy of this level.",""
"exe:749ee4","text","1","","Right Alt",""
"exe:749ef8","text","1","","Right Control",""
"exe:749f14","text","1","","Right Shift",""
"exe:749f2c","text","1","","Numpad Enter",""
"exe:749f50","word","1","","F12",""
"exe:749f58","word","1","","F11",""
"exe:749f60","word","1","","F10",""
"exe:749f68","word","1","","F9",""
"exe:749f70","word","1","","F8",""
"exe:749f78","word","1","","F7",""
"exe:749f80","word","1","","F6",""
"exe:749f88","word","1","","F5",""
"exe:749f90","word","1","","F4",""
"exe:749f98","word","1","","F3",""
"exe:749fa0","word","1","","F2",""
"exe:749fa8","word","1","","F1",""
"exe:749fc4","text","1","","Numpad -",""
"exe:749fd8","text","1","","Numpad .",""
"exe:749fec","text","1","","Numpad +",""
"exe:74a000","text","1","","Numpad *",""
"exe:74a014","text","1","","Numpad 9",""
"exe:74a028","text","1","","Numpad 8",""
"exe:74a03c","text","1","","Numpad 7",""
"exe:74a050","text","1","","Numpad 6",""
"exe:74a064","text","1","","Numpad 5",""
"exe:74a078","text","1","","Numpad 4",""
"exe:74a08c","text","1","","Numpad 3",""
"exe:74a0a0","text","1","","Numpad 2",""
"exe:74a0b4","text","1","","Numpad 1",""
"exe:74a0c8","text","1","","Numpad 0",""
"exe:74a0dc","word","1","","Z",""
"exe:74a0e0","word","1","","Y",""
"exe:74a0e4","word","1","","X",""
"exe:74a0ec","word","1","","V",""
"exe:74a0f0","word","1","","U",""
"exe:74a0f4","word","1","","T",""
"exe:74a100","word","1","","Q",""
"exe:74a104","word","1","","P",""
"exe:74a108","word","1","","O",""
"exe:74a10c","word","1","","N",""
"exe:74a110","word","1","","M",""
"exe:74a114","word","1","","L",""
"exe:74a118","word","1","","K",""
"exe:74a11c","word","1","","J",""
"exe:74a120","word","1","","I",""
"exe:74a124","word","1","","H",""
"exe:74a128","word","1","","G",""
"exe:74a12c","word","1","","F",""
"exe:74a130","word","1","","E",""
"exe:74a16c","word","1","","Delete",""
"exe:74a17c","word","1","","Insert",""
"exe:74a1b8","word","1","","Home",""
"exe:74a1c4","word","1","","End",""
"exe:74a1f0","word","1","","Space",""
"exe:74a1fc","word","1","","Escape",""
"exe:74a20c","text","2","","Left Alt",""
"exe:74a220","text","2","","Left Control",""
"exe:74a23c","text","2","","Left Shift",""
"exe:74a254","word","1","","Enter",""
"exe:74a260","word","1","","Tab",""
"exe:74a268","word","1","","Backspace",""
"exe:74a27c","word","1","","Key ",""
"exe:74a2c0","word","1","","open",""
"exe:74a350","word","2","","tempsave.sav",""
