"id","kind","refs","context","original","translation"
"gpc:ActCorp1Brief.gpc:2","line","1","","Кто ты, блять, такой?",""
"gpc:ActCorp1Brief.gpc:6","choice","1","","Конвэй, шпион по найму",""
"gpc:ActCorp1Brief.gpc:8","choice","1","","Конвэй, ценитель шляп.",""
"gpc:ActCorp1Brief.gpc:10","choice","1","","Кто ты, блять, такой?",""
"gpc:ActCorp1Brief.gpc:14","line","1","","Это ещё что, нахрен, значит? А, похер, сойдёшь. В этом городе ни одного нормального шпиона не найти.",""
"gpc:ActCorp1Brief.gpc:18","line","1","","Гесслер, гендиректор Intex. Мне нужен кто-то серьёзный. Ты серьёзный?",""
"gpc:ActCorp1Brief.gpc:22","choice","1","","Как отёк лёгких.",""
"gpc:ActCorp1Brief.gpc:24","choice","1","","Не настолько, нет.",""
"gpc:ActCorp1Brief.gpc:26","choice","1","","Я серьёзен. И не называй меня Ширли.",""
"gpc:ActCorp1Brief.gpc:30","line","1","","Без разницы. Я делаю оружие. Рук делает оружие. Рук работает над каким-то сраным секретным проектом, который, по её мнению, позволит ей обойти запрет на оружие, и думает, что я ничего не знаю. Ты его украдёшь.",""
"gpc:ActCorp1Brief.gpc:34","choice","1","","Где он?",""
"gpc:ActCorp1Brief.gpc:36","choice","1","","Мне не очень хочется красть у Рук.",""
"gpc:ActCorp1Brief.gpc:42","line","1","","Верно, сначала выяснишь, где он. Чтобы сохранить секрет, она отдала всю работу на подряд компании TX Fabrications. Наведайся в их административный центр на Белсайз-уэй и пошарь в главном терминале. Кодовое название пришлю эсэмэской.",""
"gpc:ActCorp1Brief.gpc:46","choice","1","","Понял.",""
"gpc:ActCorp1Brief.gpc:48","choice","1","","Особые пожелания?",""
"gpc:ActCorp1Brief.gpc:54","line","1","","Слушай, я не сужу агентов по тому, как складно они блеют в свои грёбаные телефоны, так что насчёт тебя я ещё не решил. Хочешь меня впечатлить — сейчас или на любом задании Intex — не оставляй свидетелей. Если тебя кто-то увидит, пусть больше не дышит. Плевать, сколько ударов на это уйдёт.",""
"gpc:ActCorp1Brief.gpc:58","choice","1","","Понял.",""
"gpc:ActCorp1Brief.gpc:60","choice","1","","Спасибо за совет, Ганди.",""
"gpc:ActCorp1Brief.gpc:66","line","1","","Господи. Слушай, мне плевать, даже если ты её трахаешь. Это корпорация. Это бизнес, и он будет сделан, кто бы за него ни взялся. Если ты не её грёбаный сотрудник, советую ещё раз глянуть на свой охрененный гонорар и расписаться на фигуральной, мать её, пунктирной линии.",""
"gpc:ActCorp1Debrief.gpc:2","line","1","","Достал?",""
"gpc:ActCorp1Debrief.gpc:6","choice","1","","Достал. Прототип на объекте TX Fabrication на Лайл-стрит.",""
"gpc:ActCorp1Debrief.gpc:14","line","1","","Зашибись. Когда будем готовы действовать, я с тобой свяжусь.",""
"gpc:ActCorp2Brief.gpc:2","line","1","","Я знаю, что ты взялся украсть один из моих прототипов.",""
"gpc:ActCorp2Brief.gpc:6","choice","1","","Ага.",""
"gpc:ActCorp2Brief.gpc:8","choice","1","","Пф-ф, это на меня не похоже.",""
"gpc:ActCorp2Brief.gpc:10","choice","1","","Честно говоря, другой работы не было.",""
"gpc:ActCorp2Brief.gpc:14","line","1","","Ничего страшного, ты фрилансер и ничем не обязан моей компании. Я связалась с тобой, потому что это задание — уловка. Прототипа, который ты ищешь, не существует: мы полностью ушли с рынка летального оружия.",""
"gpc:ActCorp2Brief.gpc:18","choice","1","","Что ж, это несколько усложнит мою задачу по его похищению.",""
"gpc:ActCorp2Brief.gpc:26","line","1","","Возможно, и нет. Я бы даже хотела, чтобы Intex у нас кое-что украл — кое-что с маячком. Интересно, где это окажется.",""
"gpc:ActCorp2Brief.gpc:30","choice","1","","Зачем вы мне это рассказываете?",""
"gpc:ActCorp2Brief.gpc:38","line","1","","У нас его правда нет. У нас нет ничего, что Гесслер принял бы за прототип оружия. Так что... мне нужно, чтобы ты его украл.",""
"gpc:ActCorp2Brief.gpc:42","choice","1","","А вы не боитесь, что я расскажу Гесслеру?",""
"gpc:ActCorp2Brief.gpc:44","choice","1","","У кого?",""
"gpc:ActCorp2Brief.gpc:46","choice","1","","Чтобы я отдал его вам, а потом украл у вас.",""
"gpc:ActCorp2Brief.gpc:50","choice","1","","Что ж, всё предельно логично. Куда идти?",""
"gpc:ActCorp2Brief.gpc:58","line","1","","Лондон-роуд, 39.",""
"gpc:ActCorp2Brief.gpc:62","choice","1","","Понял.",""
"gpc:ActCorp2Brief.gpc:64","choice","1","","Особые пожелания?",""
"gpc:ActCorp2Brief.gpc:70","line","1","","Я была бы признательна, если бы ты#свёл насилие к минимуму.",""
"gpc:ActCorp2Brief.gpc:74","line","1","","Да.",""
"gpc:ActCorp2Brief.gpc:78","choice","1","","Ненавижу эту работу.",""
"gpc:ActCorp2Brief.gpc:80","choice","1","","Обожаю эту работу.",""
"gpc:ActCorp2Brief.gpc:82","choice","1","","Ладно, как скажете.",""
"gpc:ActCorp2Brief.gpc:86","line","1","","У той же производственной компании, что делает наши прототипы. Они работают и на других клиентов, и я хочу, чтобы ты украл то, что они делают для автопрома. На оружие это не похоже, но в Intex не поймут, что это такое. Значит, вещь попадёт в их лаборатории, и мы её там отследим.",""
"gpc:ActCorp2Brief.gpc:90","line","1","","Нет, давай. Это прозвучит в точности как уловка, чтобы прикрыть наш секретный прототип.",""
"gpc:ActCorp2Debrief.gpc:2","line","1","","Нашёл?",""
"gpc:ActCorp2Debrief.gpc:6","choice","1","","Ага.",""
"gpc:ActCorp2Debrief.gpc:8","choice","1","","Что это вообще за хрень?",""
"gpc:ActCorp2Debrief.gpc:14","line","1","","Отлично. Брось его в урну на «Юнион», мои люди заберут его, поставят маячок и отвезут на объект TX.",""
"gpc:ActCorp2Debrief.gpc:18","line","1","","Какой-то электрический ускоритель. Мои ребята из R&D как-то изучали нечто похожее для снарядов. Брось его в урну на «Юнион», мои люди заберут его, поставят маячок и отвезут на объект TX.",""
"gpc:ActCorp3Brief.gpc:2","line","1","","Ну, куда ехать, ты и так в курсе, но повторю: TX Fabrication на Лайл-стрит. Стащи у Rooke прототип.",""
"gpc:ActCorp3Debrief.gpc:2","line","1","","Достал?",""
"gpc:ActCorp3Debrief.gpc:6","choice","1","","Ага.",""
"gpc:ActCorp3Debrief.gpc:8","choice","1","","Да, но вам кое-что нужно о нём знать.",""
"gpc:ActCorp3Debrief.gpc:14","line","1","","Да? Ну так выкладывай.",""
"gpc:ActCorp3Debrief.gpc:18","choice","1","","Это подделка, и в ней маячок. Рук попросила меня помочь всё это устроить.",""
"gpc:ActCorp3Debrief.gpc:20","choice","1","","Он очень тяжёлый. У меня руки болят.",""
"gpc:ActCorp3Debrief.gpc:26","line","1","","Иисус, мать его, Мошонкин. Ты, блядь, серьёзно? Нет, в этот раз не отвечай. Дай мне секунду.",""
"gpc:ActCorp3Debrief.gpc:30","line","1","","Ладно, знаешь что? Похер. Подыграй ей. Делай всё, что она скажет. Посмотрим, что сможет эта сука-робот, когда я знаю, что она идёт.",""
"gpc:ActCorp3Debrief.gpc:34","choice","1","","Э-э, ладно.",""
"gpc:ActCorp3Debrief.gpc:36","choice","1","","Меня это устраивает ровно до тех пор, пока вы оба мне платите.",""
"gpc:ActCorp3Debrief.gpc:42","line","1","","Охренительно фантастико. Выйди на «Сентрал» и поменяйся сумками с парнем на дальней скамейке. Деньги в его сумке.",""
"gpc:ActCorp4Brief.gpc:2","line","1","","Маячок работает. Он в здании, о котором мы не знали, что оно принадлежит Intex, так что, если всё по-настоящему, это может быть что-то крупное.",""
"gpc:ActCorp4Brief.gpc:6","choice","1","","А мне там что делать?",""
"gpc:ActCorp4Brief.gpc:14","line","1","","Верни прототип, пока они не успели понять, что он поддельный, и забери всё, что покажется интересным в той же комнате. Скорее всего, он лежит рядом с их самым секретным добром.",""
"gpc:ActCorp4Brief.gpc:18","choice","1","","Понял.",""
"gpc:ActCorp4Debrief.gpc:2","line","1","","Что нашёл?",""
"gpc:ActCorp4Debrief.gpc:6","choice","1","","Забрал поддельный прототип и ещё кое-что. Куда это доставить?",""
"gpc:ActCorp4Debrief.gpc:14","line","1","","Отличная работа! В тот же тайник, что и в прошлый раз, мой человек скоро там будет.",""
"gpc:ActOne1Brief.gpc:2","line","1","","На верхнем этаже этого здания стоят серверы, а рядом компьютер. Если доберёшься до него, сможешь стереть доказательства того, что ты был у нас в офисе, когда убили Селену.",""
"gpc:ActOne1Brief.gpc:14","choice","1","","Как мне попасть внутрь?",""
"gpc:ActOne1Brief.gpc:16","choice","1","","Как стереть данные?",""
"gpc:ActOne1Brief.gpc:18","choice","1","","Понял.",""
"gpc:ActOne1Brief.gpc:30","line","1","","Хорошо. Сейчас ты выглядишь чертовски виновным, и если тебя посадят, настоящий убийца уйдёт.",""
"gpc:ActOne1Brief.gpc:42","line","1","","Один из наших техников открыл для тебя парадную дверь: их электросистемы можно взломать отсюда, а вот серверы, по понятным причинам, нет.",""
"gpc:ActOne1Brief.gpc:54","line","1","","Я видела твоё досье, с этим ты легко справишься. Когда войдёшь, скрипт-чистильщик, который я тебе отправлю, автоматически сотрёт все .mp4 с сегодняшней датой.",""
"gpc:ActOne1Debrief.gpc:2","line","1","","Хорошая работа.",""
"gpc:ActOne1Debrief.gpc:14","choice","1","","Спасибо.",""
"gpc:ActOne1Debrief.gpc:16","choice","1","","Ну, не особо.",""
"gpc:ActOne1Debrief.gpc:18","choice","1","","Проходить через открытые двери — мой конёк.",""
"gpc:ActOne1Debrief.gpc:30","line","1","","Наши записи продублированы ещё на четырёх объектах — остальные охраняются чуть лучше, но ничего сложного. Дам тебе адреса по возрастанию уровня охраны, потому что, честно говоря, понятия не имею, насколько ты хорош.",""
"gpc:ActOne1Debrief.gpc:42","choice","1","","Ладно.",""
"gpc:ActOne1Debrief.gpc:44","choice","1","","Немного жутковатый уровень микроменеджмента, но ладно.",""
"gpc:ActOne1Debrief.gpc:46","choice","1","","Спасибо, что добавили моему личному кризису кривую сложности.",""
"gpc:ActOne1Debrief.gpc:58","line","1","","Увидишь брифинг задания на Праудмор-драйв — бери его.",""
"gpc:ActOne1Debrief.gpc:70","line","1","","Обращайся.",""
"gpc:ActOne2Brief.gpc:2","line","1","","На объекте в Уэстфилде охрана получше: мой человек откроет тебе парадную дверь, но дверь в серверную защищена. Сегодня ночью дежурят двое охранников — тот, кто в серверной, наверняка может её открыть, так что пусть он сделает это за тебя.",""
"gpc:ActOne2Brief.gpc:21","choice","1","","Понял.",""
"gpc:ActOne2Brief.gpc:23","choice","1","","Разве это не прямо противоположно обязанностям охранника?",""
"gpc:ActOne2Brief.gpc:41","line","1","","Так и есть, но эти ребята куда чаще имеют дело с неполадками проводки, чем с профессиональными шпионами. Перехитрить их будет несложно.",""
"gpc:ActOne3Brief.gpc:2","line","1","","Я не могу открыть дверь серверной на Эллис-стрит, и охраны сегодня ночью нет. Придётся тебе самому.",""
"gpc:ActOne3Brief.gpc:16","choice","1","","Как?",""
"gpc:ActOne3Brief.gpc:18","choice","1","","Без проблем.",""
"gpc:ActOne3Brief.gpc:32","line","1","","В любом здании, где проводку делали за последние 20 лет, всё сидит на одной электросети. Все соединения управляются программно, а программы можно взломать. С Кросслинком ты видишь все соединения и можешь перетаскивать их как угодно: пусть выключатель открывает дверь, что угодно.",""
"gpc:ActOne3Brief.gpc:47","choice","1","","А что вообще такое Кросслинк?",""
"gpc:ActOne3Brief.gpc:49","choice","1","","Не слишком надёжная защита, похоже.",""
"gpc:ActOne3Brief.gpc:51","choice","1","","Понял.",""
"gpc:ActOne3Brief.gpc:65","line","1","","Так и есть. Тот, кто всерьёз ждёт хакеров, держит всё важное на изолированной цепи. Здесь лежит копия копии копии. Они больше боятся отказа жёсткого диска, чем шпионов.",""
"gpc:ActOne3Brief.gpc:81","line","1","","Это просто мод для телефона, который позволяет взламывать электронику здания и перекоммутировать её. Какой-то гик от безопасности выпустил его в закрытую бету, и пользуются им только шпионы и малолетние засранцы.",""
"gpc:ActOne4Brief.gpc:2","line","1","","Я не могу открыть дверь серверной на Эллис-стрит, и охраны сегодня ночью нет. Придётся тебе самому.",""
"gpc:ActOne4Brief.gpc:16","choice","1","","Как?",""
"gpc:ActOne4Brief.gpc:18","choice","1","","Без проблем.",""
"gpc:ActOne4Brief.gpc:32","line","1","","В любом здании, где проводку делали за последние 20 лет, всё сидит на одной электросети. Все соединения управляются программно, а программы можно взломать. С Кросслинком ты видишь все соединения и можешь перетаскивать их как угодно: пусть выключатель открывает дверь, что угодно.",""
"gpc:ActOne4Brief.gpc:47","choice","1","","А что вообще такое Кросслинк?",""
"gpc:ActOne4Brief.gpc:49","choice","1","","Не слишком надёжная защита, похоже.",""
"gpc:ActOne4Brief.gpc:51","choice","1","","Понял.",""
"gpc:ActOne4Brief.gpc:65","line","1","","Так и есть. Тот, кто всерьёз ждёт хакеров, держит всё важное на изолированной цепи. Здесь лежит копия копии копии. Они больше боятся отказа жёсткого диска, чем шпионов.",""
"gpc:ActOne4Brief.gpc:81","line","1","","Это просто мод для телефона, который позволяет взламывать электронику здания и перекоммутировать её. Какой-то гик от безопасности выпустил его в закрытую бету, и пользуются им только шпионы и малолетние засранцы.",""
"gpc:ActOne5Brief.gpc:2","line","1","","Это последний объект с копией записи, но она хранится на трёх разных серверах. Придётся добраться до трёх разных терминалов и взломать каждый.",""
"gpc:ActOne5Brief.gpc:16","choice","1","","Понял.",""
"gpc:ActOne5Brief.gpc:18","choice","1","","Вы к кому-нибудь обращались насчёт своей зависимости от резервных копий?",""
"gpc:ActOne5Brief.gpc:32","line","1","","Ну, никогда не знаешь, когда подозреваемый в убийстве начнёт их методично стирать.",""
"gpc:ActOne5Brief.gpc:47","choice","1","","Справедливо.",""
"gpc:ActOne5Brief.gpc:49","choice","1","","Знаете, если сами его наняли.",""
"gpc:ActOne5Brief.gpc:51","choice","1","","Видимо, вам стоит делать ещё больше копий.",""
"gpc:ActOne5Brief.gpc:66","line","1","","Удачи.",""
"gpc:ActOne5Debrief.gpc:2","line","1","","Что ж, думаю, на этом наши дела закончены. Ничто больше не связывает тебя с убийством Селены, так что полиции Ист-Пойнта придётся поискать получше. Если они его не найдут, найду я. А если найдут, я буду точно знать, где он.",""
"gpc:ActOne5Debrief.gpc:14","choice","1","","Хорошо.",""
"gpc:ActOne5Debrief.gpc:16","choice","1","","Ценю вашу помощь, какими бы ни были причины.",""
"gpc:ActOne5Debrief.gpc:18","choice","1","","А потом что?",""
"gpc:ActOne5Debrief.gpc:31","line","1","","Именно.",""
"gpc:ActOne5Debrief.gpc:43","line","1","","У меня медицинский диплом и оружейная компания. Он узнает, почему убивать того, кто мне нравится, — плохая идея.",""
"gpc:ActPolice1Brief.gpc:2","line","1","","Спасибо, что откликнулись. Меня интересует дело, о котором вы, возможно, слышали: жертву звали Селена Дельгадо, она работала в оружейной компании Rooke.",""
"gpc:ActPolice1Brief.gpc:6","choice","1","","Да, я... с ним знаком.",""
"gpc:ActPolice1Brief.gpc:8","choice","1","","Не-а, впервые слышу.",""
"gpc:ActPolice1Brief.gpc:14","line","1","","Записи камер наблюдения с места убийства стёрли, а в убийстве обвинили коллегу Дельгадо, Кэти Коллинз. Не думаю, что это она, и хочу, чтобы вы помогли это доказать.",""
"gpc:ActPolice1Brief.gpc:18","choice","1","","Дайте угадаю: вы друг подозреваемой?",""
"gpc:ActPolice1Brief.gpc:20","choice","1","","Дайте угадаю: вы знали жертву?",""
"gpc:ActPolice1Brief.gpc:22","choice","1","","Не заставляйте меня гадать — вам-то какое дело?",""
"gpc:ActPolice1Brief.gpc:26","line","1","","Я начальник полиции.",""
"gpc:ActPolice1Brief.gpc:30","choice","1","","Вы нанимаете меня расследовать собственную некомпетентность? Круто.",""
"gpc:ActPolice1Brief.gpc:38","line","1","","Нет, некомпетентность управления. Меня перевели сюда, чтобы разобраться с чудовищной коррупцией в этом городе, и все прежние начальники полиции, получавшие такое задание, исчезли или погибли от нелепого несчастного случая с оружием.",""
"gpc:ActPolice1Brief.gpc:42","line","1","","Я не они. Я собираюсь принести здесь реальную пользу, а для этого мне нужно остаться в живых. Так что когда трудно понять, ленивы ли мои люди, глупы или действительно продажны, разумнее не спрашивать их напрямую. Поэтому мне нужны вы.",""
"gpc:ActPolice1Brief.gpc:46","choice","1","","Какой план?",""
"gpc:ActPolice1Brief.gpc:54","line","1","","Все внешние копии записей той камеры в ту ночь стёрли, но саму камеру не тронули. Не все об этом знают, но старые модели, которые использует Rooke, хранят локальную копию прямо в камере. Я хочу, чтобы вы отправились на место преступления и достали карту памяти камеры.",""
"gpc:ActPolice1Brief.gpc:58","choice","1","","И на ней, э-э, будет видно, кто попал в кадр той ночью?",""
"gpc:ActPolice1Brief.gpc:60","choice","1","","Так куда мне идти?",""
"gpc:ActPolice1Brief.gpc:66","line","1","","Уэджвуд-роуд, офис Rooke. Доберитесь до камеры на третьем этаже, достать из неё карту должно быть несложно. Данные будут надёжно зашифрованы, но я смогу их расшифровать, если вы мне их передадите.",""
"gpc:ActPolice1Brief.gpc:70","line","1","","Надеюсь, да. Если карта пустая, копаем дальше.",""
"gpc:ActPolice1Debrief.gpc:2","line","1","","Карта у вас?",""
"gpc:ActPolice1Debrief.gpc:6","choice","1","","Ага, отправляю данные.",""
"gpc:ActPolice1Debrief.gpc:8","choice","1","","Ага, но на ней ничего нет.",""
"gpc:ActPolice1Debrief.gpc:10","choice","1","","Не-а, её там не было.",""
"gpc:ActPolice1Debrief.gpc:14","line","1","","Превосходно, отличная работа.",""
"gpc:ActPolice1Debrief.gpc:18","line","1","","Чёрт побери. Кто-то из моих болванов, видимо, снова включил камеру — карта заполнена, но там только последние несколько ночей. Всё, что было записано в ночь убийства, перезаписано ещё несколько дней назад.",""
"gpc:ActPolice1Debrief.gpc:22","line","1","","Это подозрительно. Мало кто знает о встроенной копии в этой модели, и я не понимаю, зачем кому-то стирать карту, а потом утруждаться и вставлять её обратно.",""
"gpc:ActPolice1Debrief.gpc:26","line","1","","В любом случае спасибо за помощь. Свяжусь с вами, когда пойму, каким будет следующий шаг.",""
"gpc:ActPolice1Debrief.gpc:30","line","1","","Чёрт. Удивительно, о встроенной копии в этой модели мало кто знает.",""
"gpc:ActPolice2Brief.gpc:2","line","1","","Нам повезло: на одном из объектов DataSec, куда той ночью проник убийца, была камера наблюдения. К сожалению, я не могу получить ордер на запись, не дав своим людям понять, что снова открыл дело, так что мне нужно, чтобы вы её добыли.",""
"gpc:ActPolice2Brief.gpc:6","choice","1","","Думаете, тот, кто стёр запись, не стёр запись того, как он стирает запись?",""
"gpc:ActPolice2Brief.gpc:8","choice","1","","Значит, если я её достану, мы узнаем, кто он?",""
"gpc:ActPolice2Brief.gpc:10","choice","1","","Кто-нибудь из охраны его видел?",""
"gpc:ActPolice2Brief.gpc:14","choice","1","","Ладно, как мне это сделать?",""
"gpc:ActPolice2Brief.gpc:22","line","1","","Возможно, он не слишком умён.",""
"gpc:ActPolice2Brief.gpc:26","line","1","","Если он прошёл перед камерой, мы узнаем, как он выглядит. Его может не быть в нашей базе, так что нам ещё придётся придумать, как его найти.",""
"gpc:ActPolice2Brief.gpc:30","line","1","","Никто, кто мог бы дать внятное описание. Моё любимое — «мужик в пальто».",""
"gpc:ActPolice2Brief.gpc:34","line","1","","Просто доберитесь до терминала у главных серверов на первом этаже. Данные, скорее всего, снова будут зашифрованы, так что скопируйте их и пришлите мне, когда выберетесь.",""
"gpc:ActPolice2Brief.gpc:38","choice","1","","Понял.",""
"gpc:ActPolice2Brief.gpc:40","choice","1","","Конечно, именно так я и сделаю.",""
"gpc:ActPolice2Debrief.gpc:2","line","1","","Есть успехи?",""
"gpc:ActPolice2Debrief.gpc:6","choice","1","","Ага, вот что я достал с серверов. (Настоящие данные)",""
"gpc:ActPolice2Debrief.gpc:8","choice","1","","Ага, вот что я достал с серверов. (Случайный мусор)",""
"gpc:ActPolice2Debrief.gpc:14","line","1","","Ладно, не обязательно уточнять, что данные настоящие, я вам доверяю.",""
"gpc:ActPolice2Debrief.gpc:18","line","1","","Расшифровано — у нас настоящая запись нашего убийцы! Мужчина в плаще и шляпе. Лица не видно, но это точно не Кэти Коллинз. Любого другого подозреваемого мы можем сравнить по манере движений и доказать, тот это человек или нет. Хорошая работа.",""
"gpc:ActPolice2Debrief.gpc:22","line","1","","Расшифровано — безрезультатно. Ночь взлома тут есть, но этот тип так и не ступил в вестибюль. Он умнее, чем мы думали.",""
"gpc:ActPolice2Debrief.gpc:26","line","1","","Хм, не расшифровывается. Вы правы, это просто случайный мусор. Либо так, либо они почему-то используют совершенно новый шифр. Продолжу над этим работать и сообщу, каким будет наш следующий шаг.",""
"gpc:ActPolice3Brief.gpc:2","line","1","","Я нашёл доказательства, что заключение о вскрытии Селены Дельгадо изменили после ареста Кэти Коллинз. Чего я не знаю, так это зачем: мои люди покрывают кого-то из своих или просто подгоняют факты под подозреваемую, которую проще всего осудить?",""
"gpc:ActPolice3Brief.gpc:6","choice","1","","И что вы хотите, чтобы я с этим сделал?",""
"gpc:ActPolice3Brief.gpc:14","line","1","","Если доберётесь до компьютера коронера в нашем управлении, возможно, найдёте там где-нибудь автосохранение оригинала. Если увидим, в чём разница, это может подтвердить, коррупция это или просто лень.",""
"gpc:ActPolice3Brief.gpc:18","choice","1","","Понял.",""
"gpc:ActPolice3Brief.gpc:20","choice","1","","А вы, начальник самой настоящей полиции, не можете получить эту полицейскую штуку от полиции?",""
"gpc:ActPolice3Brief.gpc:26","line","1","","Спросите моего предшественника. Не выйдет: его застрелили шестью пулями в грудь вскоре после того, как он передал одного из своих офицеров в отдел внутренних расследований за подделку документов.",""
"gpc:ActPolice3Brief.gpc:30","choice","1","","Ладно, понял.",""
"gpc:ActPolice3Brief.gpc:32","choice","1","","А кто сказал, что это вообще связано?",""
"gpc:ActPolice3Brief.gpc:38","line","1","","Начальник самой настоящей полиции.",""
"gpc:ActPolice3Brief.gpc:42","line","1","","(Я)",""
"gpc:ActPolice3Debrief.gpc:2","line","1","","Нашли оригинал заключения?",""
"gpc:ActPolice3Debrief.gpc:6","choice","1","","Ага, вот оно.",""
"gpc:ActPolice3Debrief.gpc:8","choice","1","","Прямиком из корзины — подозреваю, мы имеем дело не с самым умным копом.",""
"gpc:ActPolice3Debrief.gpc:14","line","1","","Великолепно.",""
"gpc:ActPolice3Debrief.gpc:18","line","1","","Ого. В неё стреляли три раза, а не один. И два последних выстрела — в упор, через несколько секунд после того, как она упала. Кто бы ни убил Селену Дельгадо, он спрыгнул из окна третьего этажа, чтобы убедиться, что она мертва. Либо мы имеем дело с профессиональным агентом, либо стрелявших было несколько. Так или иначе, это говорит о том, что Кэти Коллинз невиновна.",""
"gpc:ActPolice3Debrief.gpc:22","choice","1","","Можем это обнародовать?",""
"gpc:ActPolice3Debrief.gpc:30","line","1","","Да, но не сейчас. Мне нужно достаточно улик, чтобы арестовать всех продажных копов в городе в ту же минуту, как я это обнародую, иначе я исчезну при подозрительных обстоятельствах. С этой стороной я справлюсь, но свяжусь с вами, если узнаю что-то ещё о нашем убийце. Спасибо, Конвэй.",""
"gpc:ActPolice4Brief.gpc:2","line","1","","Кажется, у меня кое-что есть.",""
"gpc:ActPolice4Brief.gpc:6","choice","1","","Что?",""
"gpc:ActPolice4Brief.gpc:14","line","1","","Заключение о вскрытии, которое вы достали, показало, что в Селену стреляли ещё раз, в упор, из того же оружия, сразу после того, как она упала. Значит, наш убийца выбросился из окна третьего этажа только ради того, чтобы убедиться, что она мертва.",""
"gpc:ActPolice4Brief.gpc:18","choice","1","","Согласен.",""
"gpc:ActPolice4Brief.gpc:20","choice","1","","Энтузиазма ему не занимать.",""
"gpc:ActPolice4Brief.gpc:22","choice","1","","Те, кто выбрасывается из окон третьего этажа, не так уж плохи.",""
"gpc:ActPolice4Brief.gpc:26","line","1","","Значит, у него было снаряжение — думаю, плащ Dropshot, но кто знает, что ещё. Я отследил несколько поставок от TX Fabrications, которые делают такие штуки, и всплыл адрес прямо через дорогу от места преступления.",""
"gpc:ActPolice4Brief.gpc:30","choice","1","","О... круто.",""
"gpc:ActPolice4Brief.gpc:32","choice","1","","О... да?",""
"gpc:ActPolice4Brief.gpc:34","choice","1","","О... отлично.",""
"gpc:ActPolice4Brief.gpc:38","line","1","","Я хочу, чтобы вы его проверили: поищите любые улики о том, какое у этого типа снаряжение, и всё остальное подозрительное. Возьмётесь?",""
"gpc:ActPolice4Brief.gpc:42","choice","1","","Всегда.",""
"gpc:ActPolice4Brief.gpc:44","choice","1","","Мне, э-э, пора идти...",""
"gpc:ActPolice4Debrief.gpc:2","line","1","","Нашли что-нибудь?",""
"gpc:ActPolice4Debrief.gpc:6","choice","1","","Ага, упаковку от брюк-катапульт Bullfrog.",""
"gpc:ActPolice4Debrief.gpc:8","choice","1","","Не-а, там чисто. Этот парень виновен разве что в отличном вкусе.",""
"gpc:ActPolice4Debrief.gpc:14","line","1","","Чёрт. Возможно, это фиктивный адрес, я не могу найти записей о том, кто его снимает. Продолжу копать и сообщу, что найду.",""
"gpc:ActPolice4Debrief.gpc:18","line","1","","Интересно. Это доказывает, что он агент, но, честно говоря, это довольно новичковое снаряжение. Профи вроде нашего не стал бы только сейчас пробовать гаджет с пружинными ногами. Дайте мне ещё покопать, я с вами свяжусь.",""
"gpc:ActPolice5Brief.gpc:2","line","1","","Надёжный источник сообщил мне о записи всего, что произошло в офисе Rooke в ночь убийства Дельгадо. Она со второй камеры, копия которой без ведома убийцы сохранялась на защищённом объекте DataSec. Мне нужно, чтобы вы проникли в DataSec и достали мне эту запись.",""
"gpc:ActPolice5Brief.gpc:6","choice","1","","Где была вторая камера?",""
"gpc:ActPolice5Brief.gpc:8","choice","1","","Кто источник?",""
"gpc:ActPolice5Brief.gpc:10","choice","1","","Почему вы ему верите?",""
"gpc:ActPolice5Brief.gpc:14","choice","1","","Ладно, тогда просто проверю.",""
"gpc:ActPolice5Brief.gpc:16","choice","1","","Что ж, спасибо за информацию, вы очень помогли.",""
"gpc:ActPolice5Brief.gpc:22","line","1","","Пока не могу сказать.",""
"gpc:ActPolice5DebriefSeen.gpc:2","line","1","","Спасибо, теперь у меня есть всё, что нужно.",""
"gpc:ActPolice5DebriefSeen.gpc:6","choice","1","","Э-э, я вам ещё не отправил данные.",""
"gpc:ActPolice5DebriefSeen.gpc:8","choice","1","","Для чего?",""
"gpc:ActPolice5DebriefSeen.gpc:14","line","1","","Файл на том терминале — случайный мусор. Я сам его туда положил. Мне просто нужно было снять вас на камеру, чтобы сравнить с записью взлома в DataSec. Манера движений совпадает. Это вы убили Селену Дельгадо.",""
"gpc:ActPolice5DebriefSeen.gpc:66","choice","1","","Не я, но я там был и, кажется, знаю, кто это сделал.",""
"gpc:ActPolice5DebriefSeen.gpc:68","choice","1","","Впервые слышу. Но удачи доказать это с помощью недопустимых улик, которые я для вас украл.",""
"gpc:ActPolice5DebriefSeen.gpc:70","choice","1","","Конечно, ладно, почему бы и нет.",""
"gpc:ActPolice5DebriefSeen.gpc:74","line","1","","Не знаю, зачем вы это сделали, но я не остановлюсь, пока не найду то, что можно предъявить в суде. Надеюсь, у вас хороший адвокат.",""
"gpc:ActPolice5DebriefSeen.gpc:78","choice","1","","Серьёзно, я стёр запись DataSec, потому что был на месте преступления, но я её не убивал.",""
"gpc:ActPolice5DebriefSeen.gpc:80","choice","1","","А я надеюсь, что у вас хороший морг. Я там бывал — у вас плохой.",""
"gpc:ActPolice5DebriefSeen.gpc:82","choice","1","","Хотя, если подумать логически, разве вам не стоит надеяться, что у меня плохой адвокат?",""
"gpc:ActPolice5DebriefSeen.gpc:86","line","1","","Это должно быть интересно. И кто же?",""
"gpc:ActPolice5DebriefSeen.gpc:90","choice","1","","Муж Рук, Марк Джексон.",""
"gpc:ActPolice5DebriefSeen.gpc:92","choice","1","","Агент Intex, не знаю, как его зовут.",""
"gpc:ActPolice5DebriefSeen.gpc:94","choice","1","","Вообще-то это действительно была Кэти Коллинз, и всё это было уморительно ироничной тратой времени.",""
"gpc:ActPolice5DebriefSeen.gpc:98","line","1","","Да, хорошая попытка. Не знаю, зачем вы это сделали, но я не остановлюсь, пока не найду то, что можно предъявить в суде. Надеюсь, у вас хороший адвокат.",""
"gpc:ActPolice5DebriefUnseen.gpc:2","line","1","","Итак, нашли файл?",""
"gpc:ActPolice5DebriefUnseen.gpc:6","choice","1","","Ага, вот он.",""
"gpc:ActPolice5DebriefUnseen.gpc:8","choice","1","","(Ложь) Не-а, на терминале ничего не было.",""
"gpc:ActPolice5DebriefUnseen.gpc:14","line","1","","Я точно знаю, что был, и не только потому, что вы ставите (Ложь) перед каждой своей ложью. Я положил на тот сервер фиктивный файл, чтобы проверить, действительно ли вы хотите поймать убийцу Селены. Не хотите — потому что это сделали вы.",""
"gpc:ActPolice5DebriefUnseen.gpc:18","line","1","","Хм. Буду честен: это фиктивный файл, я сам его туда положил. Вы подходите подо всё, что мы знаем об убийце Селены, так что мне пришлось проверить, на чьей вы стороне. Прошу прощения за недоверие, уверен, вы понимаете.",""
"gpc:ActPolice5DebriefUnseen.gpc:22","choice","1","","Конечно.",""
"gpc:ActPolice5DebriefUnseen.gpc:24","choice","1","","Нет, я как-то потерял нить ещё на втором задании. Мне просто нравится, что мне платят.",""
"gpc:ActPolice5DebriefUnseen.gpc:26","choice","1","","Что ж, вы были близки: запись DataSec действительно стёр я, но Дельгадо я не убивал.",""
"gpc:ActPolice5DebriefUnseen.gpc:30","line","1","","Что? И вы помогали мне расследовать... самого себя?",""
"gpc:ActPolice5DebriefUnseen.gpc:34","choice","1","","Возможно, у меня есть проблемы.",""
"gpc:ActPolice5DebriefUnseen.gpc:36","choice","1","","Ну, я знал, что меня мы никогда не поймаем.",""
"gpc:ActPolice5DebriefUnseen.gpc:38","choice","1","","Что тут скажешь, вы хорошо платите.",""
"gpc:ActPolice5DebriefUnseen.gpc:42","line","1","","Значит, вы стёрли запись, потому что она выставляла вас виновным. Вы видели, кто на самом деле это сделал?",""
"gpc:ActPolice5DebriefUnseen.gpc:46","choice","1","","Нет, но подозреваю, что это был муж Рук, Марк Джексон.",""
"gpc:ActPolice5DebriefUnseen.gpc:48","choice","1","","Нет, но подозреваю, что это был кто-то, кто работает на Intex.",""
"gpc:ActPolice5DebriefUnseen.gpc:50","choice","1","","Нет, я ещё над этим работаю.",""
"gpc:ActPolice5DebriefUnseen.gpc:54","line","1","","Господи. Ладно, по крайней мере, вы помогли мне разобраться с моей проблемой коррупции. Оказывается, мои люди просто ленивые идиоты. Из-за этого делу Дельгадо какое-то время будет трудно сдвинуться с места, так что если вы найдёте того, кто это сделал, раньше меня...",""
"gpc:ActPolice5DebriefUnseen.gpc:58","line","1","","Просто пришлите мне сообщение по дороге туда. Если поступят сообщения о выстрелах или чём-то подобном, мы можем немного замешкаться с реакцией. Можем и не раскрыть это дело.",""
"gpc:ActPolice5DebriefUnseen.gpc:62","line","1","","Ладно, буду дальше разбираться. Сообщите, если сами что-нибудь найдёте, и спасибо за всю вашу помощь.",""
"gpc:ActPolice5DebriefUnseen.gpc:66","choice","1","","Не я, но я там был и, кажется, знаю, кто это сделал.",""
"gpc:ActPolice5DebriefUnseen.gpc:68","choice","1","","Удачи доказать это с помощью недопустимых улик, которые я для вас украл.",""
"gpc:ActPolice5DebriefUnseen.gpc:70","choice","1","","Конечно, ладно, почему бы и нет.",""
"gpc:ActPolice5DebriefUnseen.gpc:74","line","1","","Не знаю, зачем вы это сделали, но я не остановлюсь, пока не найду то, что можно предъявить в суде. Надеюсь, у вас хороший адвокат.",""
"gpc:ActPolice5DebriefUnseen.gpc:78","choice","1","","Серьёзно, я стёр запись DataSec, но я её не убивал.",""
"gpc:ActPolice5DebriefUnseen.gpc:80","choice","1","","А я надеюсь, что у вас хороший морг. Я там бывал — у вас плохой.",""
"gpc:ActPolice5DebriefUnseen.gpc:82","choice","1","","Хотя, если подумать логически, разве вам не стоит надеяться, что у меня плохой адвокат?",""
"gpc:ActPolice5DebriefUnseen.gpc:86","line","1","","Это должно быть интересно. И кто же?",""
"gpc:ActPolice5DebriefUnseen.gpc:90","choice","1","","Муж Рук, Марк Джексон.",""
"gpc:ActPolice5DebriefUnseen.gpc:92","choice","1","","Агент Intex, не знаю, как его зовут.",""
"gpc:ActPolice5DebriefUnseen.gpc:94","choice","1","","Вообще-то это действительно была Коллинз, и всё это было уморительно ироничной тратой времени.",""
"gpc:ActPolice5DebriefUnseen.gpc:98","line","1","","Да, хорошая попытка. Не знаю, зачем вы это сделали, но я не остановлюсь, пока не найду то, что можно предъявить в суде. Надеюсь, у вас хороший адвокат.",""
"gpc:ActThreeJacksonDebrief.gpc:2","line","1","","Мой охренительный, мать его, суперагент! Я видел, как всплыла запись! Ты хоть понимаешь, что только что поджёг интернет?",""
"gpc:ActThreeJacksonDebrief.gpc:6","choice","1","","Понимаю.",""
"gpc:ActThreeJacksonDebrief.gpc:8","choice","1","","О, отлично.",""
"gpc:ActThreeJacksonDebrief.gpc:10","choice","1","","Не хочу поднимать тему денег, но... нет, оказывается, хочу.",""
"gpc:ActThreeJacksonDebrief.gpc:14","line","1","","Как только меня выпустят, я переведу тебе столько денег, что в них утонуть можно.",""
"gpc:ActThreeJacksonDebrief.gpc:18","line","1","","Слушай, мне жаль насчёт Кэти. И Селены. Господи, как же всё по-уродски вышло. Но ты поступил правильно. Не знаю, какого агента он использовал, но за Селену должен ответить Гесслер. Я просто рад, что он наконец разозлил человека, у которого хватит яиц это сделать.",""
"gpc:ActThreeJacksonDebrief.gpc:22","line","1","","Самое смешное, что жучок в моём телефоне записал ещё и то, как он меня шантажирует и сговаривается обокрасть Rooke. Если доберёшься до него сегодня ночью и сделаешь так, чтобы он не смог покинуть свой офис, дальше копы разберутся сами.",""
"gpc:ActThreeJacksonDebrief.gpc:26","line","1","","Но если хочешь просто прикончить этого ублюдка — благословляю.",""
"gpc:ActThreeJacksonIntro.gpc:2","line","1","","Это Джексон. Запись со мной у тебя настоящая, но это не вся история. У нас с Селеной был роман. Когда я велел ей молчать, я пытался её защитить.",""
"gpc:ActThreeJacksonIntro.gpc:6","choice","1","","От кого?",""
"gpc:ActThreeJacksonIntro.gpc:8","choice","1","","От кого, позвольте уточнить?",""
"gpc:ActThreeJacksonIntro.gpc:14","line","1","","От Intex. Они шантажом заставили меня украсть у Rooke крупную сумму. Я забрал деньги по их плану, но Intex их не отдал: собирался свалить с ними из страны вместе с Селеной. Я предупреждал её держать язык за зубами, потому что знал: если Intex узнает, её убьют. Знай я, что они прослушивают мой телефон... ирония, сука, не ускользает.",""
"gpc:ActThreeJacksonIntro.gpc:18","choice","1","","А почему Intex не убил и тебя?",""
"gpc:ActThreeJacksonIntro.gpc:20","choice","1","","Зачем ты вообще рассказал Селене?",""
"gpc:ActThreeJacksonIntro.gpc:22","choice","1","","Ближе к делу.",""
"gpc:ActThreeJacksonIntro.gpc:26","line","1","","Она была умной девочкой и не сбежала бы со мной, не зная, откуда деньги. Я знал, что ей не понравится идея обокрасть Rooke, но выбора у нас особо не было. Отдать их Intex было бы хуже, а если ничего не делать, Intex растрезвонил бы о нашем романе.",""
"gpc:ActThreeJacksonIntro.gpc:30","line","1","","Им было нужно, чтобы я украл деньги у Rooke. Иногда мы гоняем деньги через мою фирму, чтобы уйти от налогов, так что на день-два деньги оказались бы на моё имя. Если бы я умер, не успев перевести их Intex, деньги сразу вернулись бы к Рук, когда она унаследует мою компанию.",""
"gpc:ActThreeJacksonIntro.gpc:34","line","1","","Не знаю, как Рук достала эту запись, но знаю, зачем она её смонтировала и зачем отдала тебе. Она знает обо мне и Селене и знает про деньги. Если меня сейчас арестуют, они вернутся к ней. Она пытается меня подставить.",""
"gpc:ActThreeJacksonIntro.gpc:38","choice","1","","И чего ты хочешь?",""
"gpc:ActThreeJacksonIntro.gpc:46","line","1","","Полную запись. Публично. В сети. Она докажет, что запись, которую слила Рук, смонтирована, и что я не убивал Селену. Терминал, который её записал, зафиксировал местоположение обоих телефонов: я уехал из города за несколько минут до её смерти.",""
"gpc:ActThreeJacksonIntro.gpc:50","line","1","","Этот терминал в оперативном центре Intex на Харви-стрит. Если проникнешь туда, сможешь выложить полную запись прямо оттуда. Я размещу это как официальный заказ, чтобы надёжно тебе заплатить.",""
"gpc:ActThreeRookeDebrief.gpc:2","line","1","","Готово?",""
"gpc:ActThreeRookeDebrief.gpc:6","choice","1","","Готово.",""
"gpc:ActThreeRookeDebrief.gpc:8","choice","1","","Что готово?",""
"gpc:ActThreeRookeDebrief.gpc:14","line","1","","Фантастика. Боже, ну и паршивые выдались дни. Спасибо, что положил этому конец.",""
"gpc:ActThreeRookeDebrief.gpc:18","choice","1","","Без проблем.",""
"gpc:ActThreeRookeDebrief.gpc:20","choice","1","","Можете отблагодарить, рассказав, кто убил Селену Дельгадо.",""
"gpc:ActThreeRookeDebrief.gpc:26","line","1","","Селену убил агент под кодовым именем Хайтауэр по приказу Гесслера. Гесслер шантажировал Джексона, чтобы тот меня обокрал, но Джексон собирался сбежать с Селеной и деньгами. Гесслер убил бы обоих, но деньги всё ещё были на имя Джексона. Поэтому он лишил Джексона причины бежать.",""
"gpc:ActThreeRookeDebrief.gpc:30","line","1","","У меня достаточно улик, чтобы упечь Гесслера, но теперь он об этом знает. Если не возьмёшь его и Хайтауэра сегодня ночью, к утру их обоих и след простынет. У меня всё ещё есть доступ к сети связи Intex — я вызвала Хайтауэра в штаб-квартиру Intex, сказала, что Гесслер хочет встретиться. Очень советую взять пистолет, даже если не собираешься стрелять.",""
"gpc:ActThreeRookeDebrief.gpc:34","choice","1","","Спасибо, было приятно.",""
"gpc:ActThreeRookeDebrief.gpc:36","choice","1","","Спасибо, было странно.",""
"gpc:ActThreeRookeDebrief.gpc:38","choice","1","","Спасибо, пойду совершу двойное убийство.",""
"gpc:ActThreeRookeDebrief.gpc:42","line","1","","Мне ведь не будет не хватать работы с тобой, правда?",""
"gpc:ActThreeRookeDebrief.gpc:46","line","1","","Удачи, Ричард.",""
"gpc:ActThreeRookeIntro.gpc:2","line","1","","Конвэй, это Рук. Не слушай Джексона.",""
"gpc:ActThreeRookeIntro.gpc:6","choice","1","","Вы даже не знаете, что он сказал.",""
"gpc:ActThreeRookeIntro.gpc:8","choice","1","","Почему?",""
"gpc:ActThreeRookeIntro.gpc:14","line","1","","Он сказал: «Запись со мной у тебя настоящая, но это не вся история»?",""
"gpc:ActThreeRookeIntro.gpc:18","choice","1","","...нет.",""
"gpc:ActThreeRookeIntro.gpc:20","choice","1","","...да.",""
"gpc:ActThreeRookeIntro.gpc:22","choice","1","","Честно говоря, я не слушал.",""
"gpc:ActThreeRookeIntro.gpc:26","line","1","","Intex до сих пор прослушивает его телефон, а я захватила их сеть.",""
"gpc:ActThreeRookeIntro.gpc:30","line","1","","Я знаю, кто убил Селену, знаю, где он сейчас, и знаю, что будет, если запись выйдет наружу. Убийца исчезнет навсегда. Он ещё не исчез только потому, что знает: за это сядет Джексон. Как только копы начнут искать кого-то другого, его и след простынет.",""
"gpc:ActThreeRookeIntro.gpc:34","choice","1","","Кто он?",""
"gpc:ActThreeRookeIntro.gpc:36","choice","1","","А нельзя сначала взять настоящего убийцу, а потом слить запись?",""
"gpc:ActThreeRookeIntro.gpc:38","choice","1","","Вы хотите, чтобы сел невиновный, лишь бы поймать виновного?",""
"gpc:ActThreeRookeIntro.gpc:42","choice","1","","Значит, вы хотите, чтобы Джексона осудили. Как?",""
"gpc:ActThreeRookeIntro.gpc:50","line","1","","Можно было бы, знай ты, где он. Да и я могла бы, если бы хотела, чтобы запись утекла. Но если Джексон выйдет, я потеряю всё. Забрав деньги, он нарушил наш договор, но закон не нарушил — я не смогу их вернуть, если его не осудят.",""
"gpc:ActThreeRookeIntro.gpc:54","line","1","","Я бы выбрала другое слово. Джексон подставил Кэти Коллинз под убийство Селены, что напрямую привело к её смерти. То, что он ещё и изменял мне и украл большую часть моего капитала, просто избавляет меня от сомнений, стоит ли его уничтожать.",""
"gpc:ActThreeRookeIntro.gpc:58","choice","1","","Справедливо.",""
"gpc:ActThreeRookeIntro.gpc:60","choice","1","","Хм.",""
"gpc:ActThreeRookeIntro.gpc:62","choice","1","","И всё же в каждом браке бывают трудные времена.",""
"gpc:ActThreeRookeIntro.gpc:66","line","1","","Старое клише. Муж сбегает с женщиной помоложе, которая не тратит свободное время на поиск всё менее отслеживаемых способов уничтожать людей. Жена бесследно его уничтожает.",""
"gpc:ActThreeRookeIntro.gpc:70","line","1","","Я скажу это, только когда ты обеспечишь Джексону обвинительный приговор.",""
"gpc:ActThreeRookeIntro.gpc:74","line","1","","Терминал в Intex, с которого Джексон хочет, чтобы ты выложил запись. Мне нужно, чтобы ты до него добрался и вместо этого всё стёр. Джексона осудят за убийство Селены, я верну свою компанию, а ты сможешь сделать что угодно с тем, кто убил твою клиентку. Выбор простой.",""
"gpc:ActTwo1Brief.gpc:2","line","1","","привет! спасибо огромное что ответили!!",""
"gpc:ActTwo1Brief.gpc:5","choice","1","","Без проблем.",""
"gpc:ActTwo1Brief.gpc:7","choice","1","","Что случилось?",""
"gpc:ActTwo1Brief.gpc:9","choice","1","","За такие деньги меня даже строчные буквы не отпугнут.",""
"gpc:ActTwo1Brief.gpc:13","line","1","","хаха! извините я плохо печатаю, я одолжила этот телефон у секс-работницы и ещё не разобралась как тут делать заглавные",""
"gpc:ActTwo1Brief.gpc:17","line","1","","меня зовут Кэти Коллинз. я работаю в Rooke, оружейной компании, и вчера ночью убили мою подругу Селену. кто-то говорит, что видел меня там, а все записи с камер стёрли!!",""
"gpc:ActTwo1Brief.gpc:21","choice","1","","А.",""
"gpc:ActTwo1Brief.gpc:23","choice","1","","Ох. Чёрт.",""
"gpc:ActTwo1Brief.gpc:25","choice","1","","Ничего себе, кто-то поступил как последний козёл.",""
"gpc:ActTwo1Brief.gpc:29","line","1","","вот именно!! меня там вчера вообще не было, но я живу одна и без записей не могу это доказать.",""
"gpc:ActTwo1Brief.gpc:33","choice","1","","Чем я могу помочь?",""
"gpc:ActTwo1Brief.gpc:41","line","1","","тот кто говорит что видел меня там — джексон, муж мелани рук. я не хочу никому создавать проблем, но может вы могли бы заглянуть в его здание и просто посмотреть что происходит.",""
"gpc:ActTwo1Brief.gpc:45","choice","1","","Что именно вам нужно?",""
"gpc:ActTwo1Brief.gpc:47","choice","1","","Создать ему проблемы? Я бы ему ванну с кислотой создал.",""
"gpc:ActTwo1Brief.gpc:49","choice","1","","Да, нам стоит простить всех, кто в этом замешан.",""
"gpc:ActTwo1Brief.gpc:53","line","1","","он наверно будет у себя в кабинете на верхнем этаже. если подберётесь достаточно близко чтобы услышать что он говорит, может подслушаете какую-нибудь зацепку",""
"gpc:ActTwo1Brief.gpc:57","choice","1","","Понял.",""
"gpc:ActTwo1Brief.gpc:59","choice","1","","А потом бросить его в кислоту?",""
"gpc:ActTwo1Brief.gpc:65","line","1","","спасибо огромное. не хочу быть занудой но я очень хочу отсюда выбраться. тут страшно.",""
"gpc:ActTwo1Brief.gpc:69","line","1","","пожалуйста никакой кислоты! я просто хочу знать что происходит",""
"gpc:ActTwo1Brief.gpc:73","line","1","","ага, он всегда казался таким милым, так что я просто хочу понять зачем он так.",""
"gpc:ActTwo1Brief.gpc:77","line","1","","хаха! я просто хочу понять зачем он так, он всегда казался таким милым. может есть какая-то причина.",""
"gpc:ActTwo1BriefDemo.gpc:2","line","1","","привет! спасибо огромное что ответили!!",""
"gpc:ActTwo1BriefDemo.gpc:5","choice","1","","Без проблем.",""
"gpc:ActTwo1BriefDemo.gpc:7","choice","1","","Что случилось?",""
"gpc:ActTwo1BriefDemo.gpc:9","choice","1","","За такие деньги меня даже строчные буквы не отпугнут.",""
"gpc:ActTwo1BriefDemo.gpc:13","line","1","","хаха! извините я плохо печатаю, я одолжила этот телефон у секс-работницы и ещё не разобралась как тут делать заглавные",""
"gpc:ActTwo1BriefDemo.gpc:17","line","1","","меня зовут кэти коллинз. я работаю в rooke, оружейной компании, и вчера ночью убили мою подругу селену. кто-то говорит что видел меня там, а все записи камер стёрли!!",""
"gpc:ActTwo1BriefDemo.gpc:21","choice","1","","А.",""
"gpc:ActTwo1BriefDemo.gpc:23","choice","1","","Ох.",""
"gpc:ActTwo1BriefDemo.gpc:25","choice","1","","Ничего себе, кто-то поступил как последний козёл.",""
"gpc:ActTwo1BriefDemo.gpc:29","line","1","","вот именно!! меня там вчера вообще не было, но я живу одна и без записей не могу это доказать.",""
"gpc:ActTwo1BriefDemo.gpc:33","choice","1","","Чем я могу помочь?",""
"gpc:ActTwo1BriefDemo.gpc:41","line","1","","тот кто говорит что видел меня там — джексон, муж мелани рук. я не хочу никому создавать проблем, но может вы могли бы заглянуть в его здание и просто посмотреть что происходит.",""
"gpc:ActTwo1BriefDemo.gpc:45","choice","1","","Что именно вам нужно?",""
"gpc:ActTwo1BriefDemo.gpc:47","choice","1","","Создать ему проблемы? Я бы ему ванну с кислотой создал.",""
"gpc:ActTwo1BriefDemo.gpc:49","choice","1","","Да, нам стоит простить всех, кто в этом замешан.",""
"gpc:ActTwo1BriefDemo.gpc:53","line","1","","он, наверное, будет у себя в кабинете на верхнем этаже. если подберёшься достаточно близко, чтобы услышать, что он говорит, может, получится подслушать какую-нибудь зацепку",""
"gpc:ActTwo1BriefDemo.gpc:57","choice","1","","Я бы рад помочь, но кто-то заменил мою кнопку «Начать задание».",""
"gpc:ActTwo1BriefDemo.gpc:59","choice","1","","А потом бросить его в кислоту?",""
"gpc:ActTwo1BriefDemo.gpc:65","line","1","","ой. странно. и на что заменили?",""
"gpc:ActTwo1BriefDemo.gpc:69","line","1","","пожалуйста никакой кислоты! я просто хочу знать что происходит",""
"gpc:ActTwo1BriefDemo.gpc:73","line","1","","ага, он всегда казался таким милым, так что я просто хочу понять зачем он так.",""
"gpc:ActTwo1BriefDemo.gpc:77","line","1","","хаха! я просто хочу понять зачем он так, он всегда казался таким милым. может есть какая-то причина.",""
"gpc:ActTwo1BriefDemo.gpc:81","choice","1","","«Купить игру». Понятия не имею, что это значит.",""
"gpc:ActTwo1BriefDemo.gpc:83","choice","1","","«Купить игру». Кажется, меня взломали.",""
"gpc:ActTwo1BriefDemo.gpc:85","choice","1","","«Купить игру». Наверное, тот, кто тайно управляет моими действиями, знает, что это значит.",""
"gpc:ActTwo1BriefDemo.gpc:89","line","1","","хм. боюсь, тут я тебе не помогу. но звучит важно, надеюсь, ты разберёшься. кажется, я попала в паутину интриг, коррупции и предательства. тут может набраться около 20 заданий с сюрпризами, трудным выбором и непростыми решениями. распутывать её наверняка будет очень увлекательно.",""
"gpc:ActTwo1BriefDemo.gpc:93","line","1","","и тюрьма. я ещё и в тюрьме. вот.",""
"gpc:ActTwo1BriefDemo.gpc:97","choice","1","","Убедительный довод.",""
"gpc:ActTwo1BriefDemo.gpc:99","choice","1","","Не знаю, у меня ощущение, что мной манипулируют.",""
"gpc:ActTwo1BriefDemo.gpc:105","line","1","","здорово, надеюсь, скоро услышу тебя снова!",""
"gpc:ActTwo1BriefDemo.gpc:109","line","1","","кто-то тайно управляет твоими действиями?",""
"gpc:ActTwo1BriefDemo.gpc:113","choice","1","","Да. Ну, я всегда так думал.",""
"gpc:ActTwo1BriefDemo.gpc:115","choice","1","","Нет, понятия не имею, зачем кто-то тайно заставил меня это сказать.",""
"gpc:ActTwo1BriefDemo.gpc:121","line","1","","наверное, это очень странно!",""
"gpc:ActTwo1BriefDemo.gpc:125","choice","1","","То есть «купить игру» тебе ни о чём не говорит?",""
"gpc:ActTwo1BriefDemo.gpc:133","line","1","","нет, извини. но звучит важно, надеюсь, ты разберёшься. кажется, я попала в паутину интриг, коррупции и предательства. тут может набраться около 20 заданий с сюрпризами, трудным выбором и непростыми решениями. распутывать её наверняка будет очень увлекательно.",""
"gpc:ActTwo1BriefDemo.gpc:137","line","1","","ой, уверена, ничего такого.",""
"gpc:ActTwo1BriefDemo.gpc:141","choice","1","","Купить игру.",""
"gpc:ActTwo1BriefDemo.gpc:143","choice","1","","Купить игру.",""
"gpc:ActTwo1BriefDemo.gpc:145","choice","1","","Купить игру.",""
"gpc:ActTwo1Debrief.gpc:2","line","1","","привет!! что случилось, удалось что-нибудь узнать?",""
"gpc:ActTwo1Debrief.gpc:6","choice","1","","Он говорит, у компании Intex есть запись, которая его компрометирует.",""
"gpc:ActTwo1Debrief.gpc:14","line","1","","ого. это наши главные конкуренты, крупная международная компания. они недавно открыли офис здесь, в Ист-Пойнте.",""
"gpc:ActTwo1Debrief.gpc:18","choice","1","","Есть мысли, что такого Джексон мог наговорить?",""
"gpc:ActTwo1Debrief.gpc:20","choice","1","","Есть мысли, зачем им записывать звонки Джексона?",""
"gpc:ActTwo1Debrief.gpc:26","line","1","","всё это какой-то кошмар, но спасибо тебе за помощь. думаю, это очень поможет.",""
"gpc:ActTwo1Debrief.gpc:30","line","1","","о боже. не хочется об этом думать, но если он пытается меня подставить, может, он как-то связан со смертью Селены.",""
"gpc:ActTwo1Debrief.gpc:34","choice","1","","Продолжим копать.",""
"gpc:ActTwo1Debrief.gpc:36","choice","1","","Да ну, правда?",""
"gpc:ActTwo1Debrief.gpc:42","line","1","","да.",""
"gpc:ActTwo1Debrief.gpc:46","line","1","","ну, у Джексона своя компания, но это подставная фирма Рук. Intex наверняка хочет прослушивать его звонки.",""
"gpc:ActTwo1Debrief.gpc:50","line","1","","не уверена. дай подумать, я тебе напишу.",""
"gpc:ActTwo2Brief.gpc:2","line","1","","очень хочу узнать, что на той записи. я не хочу, чтобы Джексона арестовали или что-то такое, но если запись доказывает, что он меня подставил, она мне очень нужна, чтобы выбраться отсюда.",""
"gpc:ActTwo2Brief.gpc:6","choice","1","","Согласен. Какой план?",""
"gpc:ActTwo2Brief.gpc:14","line","1","","Рук как-то говорила, что Intex проводит все свои грязные операции из офиса на Марлоу-стрит. если сможешь туда пробраться, запись должна быть на главном терминале.",""
"gpc:ActTwo2Brief.gpc:18","choice","1","","Что-то взломать. Понял.",""
"gpc:ActTwo2Brief.gpc:26","line","1","","Конвэй — спасибо.",""
"gpc:ActTwo2Debrief.gpc:2","line","1","","ты её нашёл?",""
"gpc:ActTwo2Debrief.gpc:6","choice","1","","Боюсь, её удалили. Но в журналах сервера видно, что однажды её скачали с IP-адреса Рук.",""
"gpc:ActTwo2Debrief.gpc:14","line","1","","о, может, это был Джексон! пришли мне IP-адрес, может, я пойму, из какого офиса её скачали. тогда попробуем достать её там.",""
"gpc:ActTwo3Brief.gpc:2","line","1","","привет. это может быть очень опасно, так что я пойму, если захочешь отказаться. это мой последний шанс, и он сработает, только если на записи то, на что мы надеемся.",""
"gpc:ActTwo3Brief.gpc:6","choice","1","","Я в деле.",""
"gpc:ActTwo3Brief.gpc:8","choice","1","","Кэти, ты написала три предложения без единого восклицательного знака. Что случилось?",""
"gpc:ActTwo3Brief.gpc:14","line","1","","спасибо. здесь становится страшновато. у меня нет алиби, я одна из немногих, кто мог стереть ту запись, а слово Джексона много значит. не хочу втягивать тебя в неприятности ради безнадёжного дела.",""
"gpc:ActTwo3Brief.gpc:18","choice","1","","Оно не безнадёжно, пока я не закончил. А вот после — да, вполне может стать совсем безнадёжным.",""
"gpc:ActTwo3Brief.gpc:20","choice","1","","Я не попадаю в неприятности. Неприятности попадают... в... Ладно, что-то не складывается.",""
"gpc:ActTwo3Brief.gpc:22","choice","1","","Да пошло оно.",""
"gpc:ActTwo3Brief.gpc:26","line","1","","хаха!! спасибо. удачи!",""
"gpc:ActTwo3Brief.gpc:30","line","1","","хаха. просто здесь страшновато. у меня нет алиби, я одна из немногих, кто мог стереть ту запись, а слово Джексона много значит. не хочу втягивать тебя в неприятности ради безнадёжного дела.",""
"gpc:ActTwo3Debrief.gpc:2","line","1","","достал?!",""
"gpc:ActTwo3Debrief.gpc:6","choice","1","","Не вышло. Кто-то основательно вычистил её с этого компьютера.",""
"gpc:ActTwo3Debrief.gpc:14","line","1","","ох",""
"gpc:ActTwo3Debrief.gpc:18","choice","1","","Шансов было мало.",""
"gpc:ActTwo3Debrief.gpc:20","choice","1","","Прости, Кэти. За это задание не плати. Продолжим искать.",""
"gpc:ActTwo3Debrief.gpc:26","line","1","","знаю. спасибо, что попытался.",""
"gpc:ActTwo3Debrief.gpc:30","line","1","","просто не знаю, что теперь делать. не понимаю, зачем кому-то так меня подставлять. ужасно думать, что кто-то настолько меня ненавидит. они так старались удалить все копии записи с камер, на которой видно, что меня там не было.",""
"gpc:ActTwo3Debrief.gpc:34","choice","1","","Мы всё исправим.",""
"gpc:ActTwo3Debrief.gpc:36","choice","1","","Это просто Джексон заметает следы. Не позволяй ему тебя сломить.",""
"gpc:ActTwo3Debrief.gpc:38","choice","1","","Эм, тебе стоит кое-что об этом знать.",""
"gpc:ActTwo3Debrief.gpc:42","line","1","","может быть",""
"gpc:ActTwo3Debrief.gpc:46","line","1","","это очень мило с твоей стороны, но деньги я всё равно пришлю. мне они ни к чему.",""
"gpc:ActTwo3Debrief.gpc:50","line","1","","что?",""
"gpc:ActTwo3Debrief.gpc:54","choice","1","","Это был я. Я не убивал Селену, но на записи было видно, что я там был. Пришлось её стереть.",""
"gpc:ActTwo3Debrief.gpc:56","choice","1","","Она была... в формате .MOV.",""
"gpc:ActTwo3Debrief.gpc:62","line","1","","... ладно",""
"gpc:ActTwo4Brief.gpc:2","line","1","","У меня есть запись, которую ты ищешь. Это телефонный разговор, в котором Джексон угрожает убить Селену, если она заговорит. Её хватило бы, чтобы освободить Кэти Коллинз и арестовать моего мужа.",""
"gpc:ActTwo4Brief.gpc:6","choice","1","","О, отлично.",""
"gpc:ActTwo4Brief.gpc:8","choice","1","","«Хватило бы»?",""
"gpc:ActTwo4Brief.gpc:14","line","1","","Я не могу передать её полиции. Я получила её незаконно, поэтому суд её не примет. Вот зачем ты мне нужен. Скопируй её на серверы полиции и оставь дыру в защите, чтобы пресса смогла её там найти.",""
"gpc:ActTwo4Brief.gpc:18","choice","1","","И это правда работает?",""
"gpc:ActTwo4Brief.gpc:20","choice","1","","Это поможет снять обвинения с Коллинз?",""
"gpc:ActTwo4Brief.gpc:26","line","1","","Не знаю, такого ещё никто не делал. Но полиция Ист-Пойнта скорее заявит, что всё это время хранила важную улику, чем признается, что даже не знает, как та к ним попала.",""
"gpc:ActTwo4Brief.gpc:30","choice","1","","Что именно на записи?",""
"gpc:ActTwo4Brief.gpc:32","choice","1","","Вы рассказали Коллинз?",""
"gpc:ActTwo4Brief.gpc:34","choice","1","","Вас устраивает, что вашего мужа арестуют?",""
"gpc:ActTwo4Brief.gpc:38","line","1","","Нужный терминал находится на первом этаже склада улик на «Юнион». Я пришлю скрипт, который сделает его уязвимым. Как только он заработает, я дам наводку знакомому журналисту.",""
"gpc:ActTwo4Brief.gpc:42","line","1","","Джексон: «Я серьёзно. Если хоть где-нибудь скажешь об этом хоть слово, ты умрёшь раньше, чем выйдешь из здания».",""
"gpc:ActTwo4Brief.gpc:46","choice","1","","Чёрт.",""
"gpc:ActTwo4Brief.gpc:48","choice","1","","Да, не лучшая фраза для ночи, когда кого-то убили.",""
"gpc:ActTwo4Brief.gpc:50","choice","1","","Как-то странно он это сформулировал.",""
"gpc:ActTwo4Brief.gpc:54","line","1","","Он залёг на дно. Не могу поверить, что он это сделал, и не знаю, посадят ли его. Но он втянул Коллинз в эту историю, так что пусть теперь сам расхлёбывает.",""
"gpc:ActTwo4Brief.gpc:58","line","1","","Нет, и буду признательна, если ты тоже не расскажешь. Она мучается чувством вины, даже когда я приношу ей кофе. Не хочу, чтобы она знала, что я рискую ради неё карьерой.",""
"gpc:ActTwo4Debrief.gpc:2","line","1","","Это Кэти.",""
"gpc:ActTwo4Debrief.gpc:6","choice","1","","Что?",""
"gpc:ActTwo4Debrief.gpc:8","choice","1","","Я загрузил данные! Погодите, что?",""
"gpc:ActTwo4Debrief.gpc:14","line","1","","Мне только что позвонили. Её нашли в камере.",""
"gpc:ActTwo4Debrief.gpc:18","line","1","","В записке было только то, что она не хотела быть обузой.",""
"gpc:CorpGesslerBrief.gpc:2","line","1","","О господи, мать твою, это будет прекрасно. На этот раз никакой работы: я оформил это как задание, чтобы перевести тебе гонорар обычным способом.",""
"gpc:CorpGesslerBrief.gpc:6","choice","1","","Вот такие задания мне по душе. Приятно иметь с вами дело.",""
"gpc:CorpGesslerBrief.gpc:8","choice","1","","Не могу не спросить: что, чёрт возьми, я только что доставил?",""
"gpc:CorpGesslerBrief.gpc:14","line","1","","А, это бомба. Здоровенная хреновина из пластита, которая рванёт, как только попадёт на любой объект Рук. Жаль, меня там не будет. Вот это будет зрелище.",""
"gpc:CorpGesslerDebrief.gpc:2","line","1","","Конвэй",""
"gpc:CorpGesslerDebrief.gpc:6","line","1","","Включи новости",""
"gpc:CorpGesslerDebrief.gpc:10","line","1","","Прототип, который ты украл, оказался бомбой",""
"gpc:CorpGesslerDebrief.gpc:14","line","1","","Взрыв только что убил троих хороших людей в моих исследовательских лабораториях",""
"gpc:CorpGesslerDebrief.gpc:18","line","1","","Гесслер, должно быть, знал, что ты придёшь",""
"gpc:CorpGesslerDebrief.gpc:22","line","1","","Береги спину",""
"gpc:CorpGesslerDebrief.gpc:26","line","1","","И убей эту грёбаную скотину, если представится шанс",""
"gpc:CorpRookeBrief.gpc:2","line","1","","Серьёзно. Отрасти себе, блядь, член и засунь его себе в задницу.",""
"gpc:CorpRookeBrief.gpc:6","line","1","","Мудак.",""
"gpc:Epilogue.gpc:2","line","1","","Ух.",""
"gpc:Epilogue.gpc:14","choice","1","","Прошедшая неделя отдавалась в голове, как выстрел на пустой улице.",""
"gpc:Epilogue.gpc:16","choice","1","","Прошедшая неделя отдавалась в голове, как что-то, что случилось на прошлой неделе.",""
"gpc:Epilogue.gpc:18","choice","1","","Бывали у меня недели и получше.",""
"gpc:Epilogue.gpc:30","line","1","","В этом блоге мне не разрешают называть имена, но того, кто заказал убийство, которое я расследовал, сейчас, скорее всего, задерживает полиция Ист-Пойнта.",""
"gpc:Epilogue.gpc:34","choice","1","","Его смерть не стоила пятна на моей совести.",""
"gpc:Epilogue.gpc:36","choice","1","","Его смерть не стоила пятна на моём относительно новом плаще.",""
"gpc:Epilogue.gpc:38","choice","1","","Я, эм, кажется, убил больше людей, чем отомстил.",""
"gpc:Epilogue.gpc:50","line","1","","В этом блоге мне не разрешают называть имена, но тот, кто заказал убийство, которое я расследовал, теперь мёртв.",""
"gpc:Epilogue.gpc:54","choice","1","","Он играл в опасную игру, а нужных карт у него не было.",""
"gpc:Epilogue.gpc:56","choice","1","","Он играл в опасную игру: оскорблял мою шляпу.",""
"gpc:Epilogue.gpc:58","choice","1","","Вообще-то я, кажется, убил больше людей, чем отомстил.",""
"gpc:Epilogue.gpc:69","line","1","","До самого убийцы я не добрался.",""
"gpc:Epilogue.gpc:73","choice","1","","Когда дошло до дела, цена мести оказалась мне не по карману.",""
"gpc:Epilogue.gpc:75","choice","1","","Когда дошло до дела, оказалось, что мне, в общем-то, всё равно.",""
"gpc:Epilogue.gpc:77","choice","1","","Это был единственный ход, с которым я мог жить. Хотел бы я сказать, что он был правильным.",""
"gpc:Epilogue.gpc:89","line","1","","Убийца сядет.",""
"gpc:Epilogue.gpc:93","choice","1","","Я думал, от этого станет легче, но забыть, чего это стоило, не получится.",""
"gpc:Epilogue.gpc:95","choice","1","","Я думал, от этого станет легче. Так и вышло.",""
"gpc:Epilogue.gpc:97","choice","1","","От этого стало бы легче, если бы меня только что не впечатали в землю с высоты седьмого этажа.",""
"gpc:Epilogue.gpc:109","line","1","","Убийца мёртв.",""
"gpc:Epilogue.gpc:113","choice","1","","Я думал, от этого станет легче, но забыть, чего это стоило, не получится.",""
"gpc:Epilogue.gpc:115","choice","1","","Я думал, от этого станет легче. Так и вышло.",""
"gpc:Epilogue.gpc:117","choice","1","","От этого стало бы легче, если бы я только что не сиганул с седьмого этажа.",""
"gpc:Epilogue.gpc:129","line","1","","А теперь у меня болит спина. О причинах распространяться не буду.",""
"gpc:Epilogue.gpc:133","line","1","","Не знаю.",""
"gpc:Epilogue.gpc:137","choice","1","","Думаю, я выбрал правильную сторону.",""
"gpc:Epilogue.gpc:139","choice","1","","Иногда мне кажется, что я выбрал не ту сторону.",""
"gpc:Epilogue.gpc:141","choice","1","","Наверное, из двух невероятно дерьмовых сторон я выбрал наименее дерьмовую.",""
"gpc:Epilogue.gpc:153","line","1","","Может, это неважно. Может, важно только...",""
"gpc:Epilogue.gpc:157","choice","1","","Правосудие.",""
"gpc:Epilogue.gpc:159","choice","1","","Месть.",""
"gpc:Epilogue.gpc:161","choice","1","","Что теперь я умею вышибать двери ногой.",""
"gpc:Epilogue.gpc:173","line","1","","Как бы там ни было,",""
"gpc:Epilogue.gpc:177","choice","1","","Мне нужно выпить.",""
"gpc:Epilogue.gpc:179","choice","1","","Мне нужно уехать из этого города.",""
"gpc:Epilogue.gpc:181","choice","1","","Думаю, мне нужны 10 кубиков кетамина и марафон «Коломбо».",""
"gpc:Epilogue.gpc:193","choice","1","","Опубликовать (откроется браузер)",""
"gpc:IntroDebrief.gpc:2","line","1","","Конвэй, это Мелани Рук. Селена Дельгадо работала на меня. Есть время поговорить?",""
"gpc:IntroDebrief.gpc:6","choice","1","","Конечно.",""
"gpc:IntroDebrief.gpc:8","choice","1","","Я её не убивал!",""
"gpc:IntroDebrief.gpc:10","choice","1","","Откуда вы знаете моё имя?",""
"gpc:IntroDebrief.gpc:14","line","1","","Я знаю, что ты не убивал Селену.",""
"gpc:IntroDebrief.gpc:18","line","1","","Я только что посмотрела запись: по пути в кабинет Селены ты прошёл прямо перед камерой наблюдения. Уже после выстрелов.",""
"gpc:IntroDebrief.gpc:22","line","1","","Но полиция Ист-Пойнта не станет искать дальше, если можно легко закрыть дело. Запись доказывает, что ты был на месте преступления, и я обязана её передать.",""
"gpc:IntroDebrief.gpc:26","line","1","","Знаю.",""
"gpc:IntroDebrief.gpc:30","line","1","","Оно в твоём профиле, в открытом идентификаторе твоего телефона, и однажды ты дал мне визитку со словами: «Меня зовут Конвэй».",""
"gpc:IntroDebrief.gpc:34","choice","1","","... Продолжайте.",""
"gpc:IntroDebrief.gpc:36","choice","1","","Это мог быть кто угодно.",""
"gpc:IntroDebrief.gpc:38","choice","1","","Вижу, я вас недооценил.",""
"gpc:IntroDebrief.gpc:42","choice","1","","Почему вам не всё равно?",""
"gpc:IntroDebrief.gpc:44","choice","1","","Согласен, мне крышка.",""
"gpc:IntroDebrief.gpc:50","line","1","","Если запись у меня есть, я обязана её передать. Давай сделаем так, чтобы её у меня не было. Свою копию я стёрла, но записи с камер резервируются в пяти внешних дата-центрах. Если сотрёшь их все, ты чист, и полиции придётся искать настоящего убийцу.",""
"gpc:IntroDebrief.gpc:54","line","1","","Селена была моей подругой. Я хочу, чтобы её настоящего убийцу поймали. Вообще-то я хочу его смерти, но когда он окажется в камере, добиться этого станет проще.",""
"gpc:IntroDebrief.gpc:58","choice","1","","Почему нельзя стереть её удалённо?",""
"gpc:IntroDebrief.gpc:60","choice","1","","Вообще-то звучит вполне разумно.",""
"gpc:IntroDebrief.gpc:66","line","1","","Отправляйся на объект DataSec в Порт-Хит. Я позабочусь, чтобы входная дверь была открыта, но дальше придётся действовать самому.",""
"gpc:IntroDebrief.gpc:70","line","1","","Если бы запись можно было стереть удалённо, не было бы смысла хранить её удалённо.",""
"exe:71b150","word","2","","x",""
"exe:71d390","text","1","","Цель: добраться до камеры и нажать W, чтобы забрать запись.",""
"exe:71d420","text","1","",": Забрать",""
"exe:71d438","text","1",""," СЕКУНД РАНЕЕ",""
"exe:71d45c","check","26","","Gessler",""
"exe:71d470","text","2","","Фриц Гесслер, гендиректор Intex. Убить или обезвредить.",""
"exe:71d530","text","1","","Не знаю, с чего он решил, что я этого не сделаю.",""
"exe:71d5a0","check","3","","Cocked",""
"exe:71d5b0","text","1","","Player y close to mine, ",""
"exe:71d5e4","text","1","","No existing Gessler, ",""
"exe:71d610","text","1","","Not dealt with, ",""
"exe:71d634","text","1","","Not holding off on firing, ",""
"exe:71d66c","check","33","","Left",""
"exe:71d678","text","1","","No blocks in the way, creating Gessler.",""
"exe:71d6c8","check","8","","Tackled",""
"exe:71d6e8","word","12","","Bottom",""
"exe:71d6f8","check","5","","Struggling",""
"exe:71d728","text","1","","Добраться сюда, чтобы подслушать разговор Джексона.",""
"exe:71d78c","check","1","","Eavesdropping",""
"exe:71d7a8","text","1","","Цель: загадочный прототип, который вполне сойдёт за оружейную технологию.",""
"exe:71d838","text","3","",": Взять",""
"exe:71d84c","check","62","","Down",""
"exe:71d858","text","2","","Ну, постарайтесь это пережить. Так что вам нужно?",""
"exe:71d8b0","text","1","","Цель: какая-то оружейная технология, разработанная Intex.",""
"exe:71d958","text","2","","Квитанция о доставке пары гиперштанов.",""
"exe:71d9c8","text","5","","Завершить звонок",""
"exe:71d9dc","text","1","","Купить игру",""
"exe:71d9f0","check","2","","Начать задание",""
"exe:71da34","check","4","","Them:",""
"exe:71da40","check","1",""," ранено. 20 заданий. $13 000.",""
"exe:71da78","word","1",""," убито. ",""
"exe:71da98","word","2","","Клиент",""
"exe:71dbc8","text","1","","Секретный блог Конвэя",""
"exe:71dbf4","text","1","","Ричард Конвэй#Шпион-фрилансер",""
"exe:71dc34","check","4","","Заметки по делу",""
"exe:71dc4c","text","1",""," больше не в сети",""
"exe:71dc70","text","1",""," печатает...",""
"exe:71dc90","text","1","","Тебя что, только что вышвырнули через стеклянное окно?",""
"exe:71dcfc","text","1","","... Нет?",""
"exe:71dd0c","text","1","","Конечно, впустите меня.",""
"exe:71dd30","text","1","","Я работаю в оружейной компании через дорогу — кто-то только что вылетел из окна твоей квартиры.",""
"exe:71ddf4","text","1","","Не хочу об этом говорить.",""
"exe:71de38","text","1","","Вообще-то я собиралась позвонить тебе по другому поводу, но теперь мне куда интереснее это.",""
"exe:71df44","text","1","","Пробел: ответить на звонок",""
"exe:71df78","text","1","","Меня зовут Селена Дельгадо. Моя начальница Рук говорит, что ты вроде как шпион-фрилансер? Возможно, у меня есть для тебя работа. Поднимешься?",""
"exe:71e070","text","4","","Пробел: продолжить",""
"exe:71e090","text","1","","«Поздравляем с покупкой новых гиперштанов марки BULLFROG».",""
"exe:71e120","text","1","","«ВНИМАНИЕ: прыжок на максимальной мощности может разбить стеклянные потолки, окна и... детей?»",""
"exe:71e1d4","text","1","","«Использовать только на открытом воздухе».",""
"exe:71e1fc","word","1","","Хм.",""
"exe:71e22c","text","1","","Ни единого, блять, шанса.",""
"exe:71e258","text","1","","Надо же. Конвэй Говношляп-то при стволе.",""
"exe:71e2c0","check","1","","Ради твоей же безопасности, Фриц, не оскорбляй шляпу.",""
"exe:71e338","text","1","","Знаешь что? Да ну на хер. Я видел твоё досье, я знаю, что ты выстрелишь.",""
"exe:71e3c4","text","1","","Господи, ну и трепло же он был.",""
"exe:71e400","text","1","","Я видел твоё досье, ты в жизни ни одну чёртову душу не застрелил.",""
"exe:71e474","check","14","","Unconscious",""
"exe:71e48c","check","24","","Dead",""
"exe:71e498","text","1","","С тебя вполне можно начать. Бросай.",""
"exe:71e4f0","text","1","","Хороший мальчик. А теперь бросай.",""
"exe:71e520","check","41","","Pinned",""
"exe:71e56c","word","1","","Surrendered",""
"exe:71e5a8","text","1","","Нет, у Intex весь этот звонок записан!",""
"exe:71e610","text","1","","Ага, ну спасибо, Капитан Очевидность. Я не знал, что они меня прослушивают.",""
"exe:71e6b8","text","1","","Жучок не услышишь. Сейчас, блять, не девяностые.",""
"exe:71e738","text","1","","Ага, ладно, я дам знать.",""
"exe:71e7b4","check","55","","None",""
"exe:71e7cc","check","7","","Ready",""
"exe:71e920","check","27","","Up",""
"exe:71e940","check","6","","Hightower Recovery",""
"exe:71e988","check","33","","Right",""
"exe:71e9a0","check","8","","Falling",""
"exe:71e9fc","check","1","","Sliding",""
"exe:71ea44","text","1","","Movement 1",""
"exe:71ea74","text","1","","Movement 2",""
"exe:71eaa4","text","1","","Movement 3",""
"exe:71eadc","text","1","","Movement 4",""
"exe:71eb24","text","1","","Movement 5",""
"exe:71eba4","text","1","","Movement 6",""
"exe:71ebc8","text","1","","Movement 7",""
"exe:71ebf8","text","1","","Movement 8",""
"exe:71ec2c","text","1","","Movement 9",""
"exe:71ec5c","text","1","","Movement 10",""
"exe:71ec9c","text","2","","Movement 11",""
"exe:71ee00","check","13","","Elevator",""
"exe:71ee20","check","3","","Gatecrashing",""
"exe:71eeec","word","4","","Stuck",""
"exe:71ef54","check","4","","Picking Self Up",""
"exe:71f010","word","1","","Animation",""
"exe:71f0a8","text","1","","Collision 2",""
"exe:71f0c0","text","1","","Collision 3",""
"exe:71f0d8","text","1","","Collision 4",""
"exe:71f104","text","1","","Collision 5",""
"exe:71f11c","text","1","","Collision 6",""
"exe:71f134","text","1","","Collision 7",""
"exe:71f14c","text","1","","Collision 8",""
"exe:71f198","text","1","","Collision 9",""
"exe:71f210","text","1","","Collision 10",""
"exe:71f2c4","check","10","","Stagger",""
"exe:71f2e4","check","4","","Stunned",""
"exe:71f3a0","text","1","","Нет патронов.",""
"exe:71f4d4","check","18","","Guarding",""
"exe:71f4e8","text","1","","Охранник. Стреляет без предупреждения, но на него можно наброситься сверху или сзади.",""
"exe:71f574","check","2","","Guard",""
"exe:71f580","check","3","","Uncocked",""
"exe:71f594","check","11","","No",""
"exe:71f608","check","5","","Scanning",""
"exe:71f64c","check","19","","Moving",""
"exe:71f69c","check","3","","Light Switch",""
"exe:71f718","check","14","","Sniper",""
"exe:71f760","check","10","","Patrol",""
"exe:71f78c","check","2","","Suspicious Reacting",""
"exe:71f7b4","check","2","","Suspicious React",""
"exe:71f7d8","check","2","","Small Reacting",""
"exe:71f7f8","check","2","","Small React",""
"exe:71f810","check","5","","Panic",""
"exe:71f84c","check","3","","Fixing Gun",""
"exe:71f8b8","check","8","","Eyes on hostile",""
"exe:71f918","text","1","","Э-э, вообще-то, чтобы вырубить, хватает одного удара.",""
"exe:71f978","text","1","","Но и так тоже можно. Наверное, ничего страшного.",""
"exe:71f9e8","text","1","","Ладно, уже можно остановиться.",""
"exe:71fa14","text","1","","Господи Иисусе.",""
"exe:71fa30","text","1","","За это нет достижения.",""
"exe:71fa8c","word","1",""," раз.",""
"exe:71fab0","text","1","","Стоп, это всё только ради того, чтобы проверить, будут ли ещё сообщения?",""
"exe:71fb58","text","1","","Потому что это одна из худших причин, чтобы ударить кого-то по лицу ",""
"exe:71fc04","check","8","","Pro",""
"exe:71fdac","text","1","","Щелчок: удар##Удерживать: спрыгнуть",""
"exe:71fe48","check","1","",": Слезть",""
"exe:71fe5c","check","2",""," или ",""
"exe:71fe68","text","1","","Щелчок: удар##",""
"exe:71fed8","word","3","","Switching",""
"exe:71ff08","check","2","","Light",""
"exe:72007c","check","6","","Sound",""
"exe:7200d4","check","5","","Small",""
"exe:7200e8","check","4","","Tiny",""
"exe:7201f8","text","1","","Силовик. Его нельзя повалить, но мощный прыжок его оглушит.",""
"exe:7202a8","text","1","","Профи. Видит в темноте и стреляет, даже когда на него наставлен ствол.",""
"exe:72033c","word","2",""," to ",""
"exe:720350","text","1","","Nearest free spot vertical, moved from ",""
"exe:7203b0","text","1","","Nearest free spot Horizontal, moved from ",""
"exe:720404","text","1","","Vertical collision predicted",""
"exe:720440","text","1","","Traveling up, vspeed stopped",""
"exe:720480","text","1","","Travelling down, presumably hitting floor. Gravity and speed zeroed.",""
"exe:72052c","check","2","","Position",""
"exe:720540","text","1","","Horizontal collision predicted, stopping hspeed",""
"exe:7205a0","text","1","","We've stopped, check we're not overhanging",""
"exe:7205f8","text","1","","But not under right side - move to there to fall off",""
"exe:720678","text","1","","But not under left side - move to there to fall off",""
"exe:7206f0","text","1","","Полицейский снайпер. Убивает мгновенно с любого расстояния. Похоже, это конец.",""
"exe:720798","text","1","","Tom Francis",""
"exe:7207b0","text","1","","Ryan Ike",""
"exe:7207c4","text","1","","John Roberts",""
"exe:7207f4","word","1","","Tom",""
"exe:720808","text","1","",": Заткнуть его",""
"exe:720824","text","1","",": Поговорить: ",""
"exe:720870","text","2","","Батарея. Частично восстанавливает заряд гаджетов.",""
"exe:7208ec","word","1",""," Random: ",""
"exe:72097c","text","1",""," running total ",""
"exe:7209a0","text","1","","Батарея: восстанавливает 25% заряда гаджетов.",""
"exe:720a1c","text","2","","Полностью заряжено.",""
"exe:720a3c","word","1","","Hacking",""
"exe:720a50","text","1","","Это цель задания: защищённый терминал с секретной информацией.",""
"exe:720ae0","text","1","","Основные цели выполнены. Когда всё будет готово, можно отправляться к метро справа.",""
"exe:720b80","text","1","","С этого терминала больше нечего взять.",""
"exe:720bdc","text","2","",": Взломать",""
"exe:720bf0","text","1","","Это дополнительная цель: ноутбук с личными данными, которые можно украсть.",""
"exe:720cf8","text","1","",": Прочитать",""
"exe:720d08","check","1","","Reading",""
"exe:720d18","text","1","","Основные цели не выполнены.",""
"exe:720d60","text","1","","Метро — сюда нужно прийти, когда уровень будет пройден.",""
"exe:720e00","text","1","","Лестница.",""
"exe:720e1c","check","1","",": Вниз",""
"exe:720e2c","text","1","",": Вверх##",""
"exe:720e54","check","2","","False",""
"exe:720e80","word","2","","True",""
"exe:720ecc","check","1","",": Спуститься",""
"exe:720ee0","text","1","",": Подняться##",""
"exe:720ef4","text","1","",": Войти",""
"exe:720f08","text","1","","кнопку лифта",""
"exe:720f30","text","1","","Когда приедет лифт, эта кнопка активирует",""
"exe:720fa0","text","1","","Кнопка лифта. При активации вызывает лифт.",""
"exe:721028","text","1","","Щелчок — вызвать сюда лифт. Охранники на этом этаже услышат, как он приедет.",""
"exe:7210d0","text","1","","Вызывает лифт. Охранники на этом этаже услышат, как он приедет.",""
"exe:721170","text","1","",": Вызвать",""
"exe:7211e0","text","1","","сигнализацию",""
"exe:7211f4","text","1","","Эта сигнализация активирует",""
"exe:721228","text","1","","Сигнализация. Когда она срабатывает, ближайший охранник идёт её отключить.",""
"exe:7212b8","text","1","","Сигнализация. Её услышат охранники в пределах одного этажа, и ближайший прибежит.",""
"exe:721360","text","1","","гермодверь",""
"exe:72137c","text","1","","Эта гермодверь активирует",""
"exe:7213b8","text","1",""," сек.",""
"exe:7213d8","text","1","","Гермодверь. Открывается при активации, закрывается через ",""
"exe:721430","check","3","","Closed",""
"exe:721440","check","3","","Closing",""
"exe:721460","check","2","","Opening",""
"exe:721480","word","1","","Open",""
"exe:7214bc","text","2","","камеру наблюдения",""
"exe:7214e0","text","1","","Гермодверь, которая закрывается вскоре после открытия.",""
"exe:721540","text","2","","Эта камера наблюдения активирует",""
"exe:721588","text","2","","Камера наблюдения. Увидев нарушителя, активирует всё, с чем связана.",""
"exe:721738","text","1","","Распределительный щиток. Позволяет перемонтировать устройства этой цепи.",""
"exe:7217c0","check","1","","Распределительный щиток: подключившись к нему, можно использовать Кросслинк на этой цепи.",""
"exe:72185c","text","1","",": Подключиться",""
"exe:721878","text","2","","Запертая дверь. Открывается, если её что-то активирует.",""
"exe:72190c","text","1","","Счёт за дверь можете выставить мне.",""
"exe:721994","text","1","","дверь",""
"exe:7219a4","text","1","","Эта дверь активирует",""
"exe:7219e0","text","1","","Открытая дверь. Закрывается, если её что-то активирует.",""
"exe:721ac0","text","1","","пистолет",""
"exe:721acc","text","1","","выключатель",""
"exe:721ae8","text","1","","При нажатии на спуск этот пистолет активирует",""
"exe:721b48","text","1","","сканер ладони",""
"exe:721b68","text","1","","Этот сканер ладони активирует",""
"exe:721ba8","text","1","","Сканер ладони. Пользоваться им могут только охранники.",""
"exe:721c0c","text","1","",": Переключить",""
"exe:721c20","text","1","","Сканер ладони, которым могут пользоваться только охранники.",""
"exe:721c7c","text","1","","Этот выключатель активирует",""
"exe:721cbc","text","1","","Выключатель.",""
"exe:721cdc","text","1","","лампу",""
"exe:721cec","text","1","","Эта лампа активирует",""
"exe:721d20","text","1","","Лампа. При активации включается или выключается.",""
"exe:721d74","text","1","","датчик движения",""
"exe:721d98","text","1","","Этот датчик движения активирует",""
"exe:721de0","text","1","","Датчик движения. Срабатывает, когда через него кто-то проходит.",""
"exe:721e50","text","1","","Датчики движения срабатывают, когда через них кто-то проходит.",""
"exe:721eb8","text","1","","датчик звука",""
"exe:721ee8","text","1","","Этот датчик звука активирует",""
"exe:721f38","text","1","","Датчик звука. Срабатывает от звуков на своём этаже (лифты и т. п.) или от громкого шума на соседних этажах (стекло, сигнализация).",""
"exe:72202c","check","6","","Suspicious",""
"exe:722074","text","1","","Удерживать W: подобрать",""
"exe:7220c8","text","1","","Датчики звука срабатывают, когда слышат громкий звук на своём этаже.",""
"exe:72215c","text","1","","Для Prankspasm нужно ",""
"exe:722184","word","2",""," сек.",""
"exe:722198","text","1","","Если связать с этим что-нибудь и активировать, раздастся громкий шум.",""
"exe:722218","text","1","","розетку",""
"exe:722238","text","1","","Эта розетка активирует",""
"exe:722278","text","1","","Розетка. При активации вырубает охранников поблизости.",""
"exe:722318","text","1","","Prankspasm не сработал: слишком мало заряда гаджетов.",""
"exe:722378","text","1","","тихую сигнализацию",""
"exe:722398","text","1","","Эта тихая сигнализация активирует",""
"exe:7223d8","text","1","","Тихая сигнализация. При активации полиция прибудет через ",""
"exe:722448","text","1","","Тихая сигнализация вызывает полицию, которая перекроет выход через ",""
"exe:7224b8","text","1","","люк",""
"exe:7224d0","text","1","","Этот люк активирует",""
"exe:722508","text","2","","Люк, который ненадолго открывается при активации.",""
"exe:722564","check","1","",": Вправо",""
"exe:7225dc","text","1","",": Влево##",""
"exe:722604","check","2","",": Лезть вниз",""
"exe:722620","text","2","",": Лезть вверх##",""
"exe:722688","text","1","","Удерживайте левую кнопку мыши, чтобы прицелиться для прыжка.##Чтобы набрать полную силу, нужно немного времени.##Силу прыжка всегда можно изменить, двигая мышь.",""
"exe:7227d0","text","1","","Если это ещё не очевидно: падения с большой высоты вас не убивают.",""
"exe:722850","text","1","","С Gatecrashers можно выбить любую обычную дверь, просто врезавшись в неё на бегу.",""
"exe:722900","text","1","","Longshot позволяет перемонтировать оружие врагов.##Если провести связь ОТ пистолета К чему-то ещё, вместо выстрела он активирует это.##Если пистолет охранника работает не так, как ожидалось, охранник его починит.",""
"exe:722a78","text","1","","Longshot также позволяет связывать устройства С пистолетами.##Когда такое устройство активируется, пистолет выстрелит.##Связь с пистолетом или от него стоит 4 батареи.",""
"exe:722ba0","text","1","","Transfuser позволяет протягивать связи между устройствами на разных цепях.##Нужен доступ к обеим цепям.##Такая связь стоит 4 батареи.",""
"exe:722cd0","text","1","","Датчики звука срабатывают, когда слышат звук.##Они улавливают звонок лифта на том же этаже или громкие звуки где угодно.##Услышав что-то, они активируют то, с чем связаны.",""
"exe:722e58","text","1","","Prankspasm позволяет подключать розетки к устройствам, чтобы пустить по ним ток.##Когда розетка активируется, её цель бьёт током.##Свяжите свой выключатель с розеткой, а розетку — с выключателем рядом с охранником.",""
"exe:723008","text","1","","Hushcracker позволяет бесшумно прыгать сквозь окна.##Щёлкните в воздухе, чтобы активировать его.##Одно использование стоит 1 батарею.",""
"exe:7230f8","check","1","","чтобы достать пистолет.##Охранники не стреляют, пока они на мушке.##Если подойти близко, они отступят. Если слишком близко — выстрелят.",""
"exe:723208","text","1","","Удерживайте правую кнопку мыши или ",""
"exe:723238","text","1","","Как и в жизни, все в чёрных костюмах — профи.##Профи стреляют, даже когда на них наставлен пистолет.##А ещё они видят в темноте, а почему бы и нет.",""
"exe:723358","text","1","","Если прозвучит выстрел, полиция пришлёт подкрепление и перекроет метро.##Когда пистолет в руке, время прибытия полиции показано справа.##Охранники бегут на звук выстрелов.",""
"exe:7234b8","text","1","","Удерживайте S, чтобы установить Smashbang — это стоит 2 батареи.##В режиме Кросслинка свяжите с ним выключатель, затем нажмите его, чтобы активировать.##Шум привлечёт ближайшего охранника.",""
"exe:723610","text","2","","Охранники стреляют без предупреждения.##Курсор становится красным там, куда смотрят охранники.##Прыгните на охранника, чтобы повалить его на землю.",""
"exe:723700","text","1","","Только охранники могут пользоваться красными сканерами ладони.##В темноте охранники идут искать выключатель.##В темноте охранники видят недалеко.",""
"exe:723810","text","1","","Здоровяки-охранники — это силовики.##Силовиков нельзя повалить или избить.##Если прыгнуть на силовика, он лишь слегка пошатнётся.",""
"exe:723920","text","1","","Охранники не видят вас, когда вы прячетесь в лифте.",""
"exe:723a80","text","1","","Только охранники могут пользоваться красными сканерами ладони.#В темноте охранники идут искать выключатель.##В темноте охранники видят недалеко.",""
"exe:723b90","text","1","","Зажмите кнопку мыши и протяните линию от любого устройства к любому другому, чтобы связать их.#    #Если связать выключатель с дверью, выключатель сможет открывать дверь.##Направление важно. Связь в обратную сторону ничего не даст.",""
"exe:723d38","text","1","","Переключиться в режим Кросслинка можно колесом мыши или ",""
"exe:723da0","text","1","","Доберитесь до зелёного щитка и воспользуйтесь им.##Так вы сможете перемонтировать устройства на зелёной цепи.##Устройства на цепях разного цвета нельзя связать друг с другом.",""
"exe:723ef8","text","1","","В режиме Кросслинка можно отключить устройство, щёлкнув по нему.##Также можно отменить последнее изменение в режиме Кросслинка, нажав U.##Третьего совета я сейчас придумать не могу.",""
"exe:724090","text","1","","Некоторые устройства находятся сразу на двух цепях. ##Когда устройство активируется, оно активирует и то, с чем связано.##С помощью таких устройств можно связать одну цепь с другой.",""
"exe:7241f0","text","1","","Движение: W, A, S, D##Вернуться к настройкам экрана: DEL##Сохранить и выйти: Esc",""
"exe:724290","text","1","","Колесо мыши или Пробел: режим Кросслинка#",""
"exe:7242f0","text","1","","1. Удерживайте правую кнопку мыши, чтобы достать пистолет, левой — стрелять.##2. Держите охранников на мушке, чтобы они не могли выстрелить.##3. Если выстрелите, через 20 секунд выход перекроет полицейский снайпер.",""
"exe:724468","text","1","","Наведите курсор на щиток в режиме Кросслинка, чтобы увидеть, к чему он даст доступ.",""
"exe:724520","text","1","","Удерживайте правую кнопку мыши: достать пистолет##Затем левая кнопка мыши: выстрел",""
"exe:724880","text","1","","ДИЗАЙН, КОД И ПРОЧЕЕ#Tom Francis##ПЕРСОНАЖИ И ОКРУЖЕНИЕ#John Roberts##ФОНЫ#Fabian van Dommelen##МУЗЫКА#Ryan Ike#Francisco Cerda#John Robert Matz##ЗВУКИ#Jeremy Watssman#HyperDuck SoundWorks#bfxr.org#Ben Royle#freesound.org#Benboncan, Jovica, Jenc, Steveygos93, FreqMan, Anton, Sancho82, NoiseCollector, themfish, melack, fastson, m1a2t3z4, xserra, ShotgunPicker, yzhamua, bulbastre, le_abbaye_Noirl, floriangeyer, joedeshon, duckduckpony, DalomarGrimm, m1rk0, pempi, Traveler, Corsica_S, RHumphries, suzenako, Halleck, reinsamba, qubodup, mkoenig, RutgerMuller, lintphishx, FRANAUDIO, Glaneur de sons, LG, junggle, Spandau, cmusounddesign, 833-45, toyoto",""
"exe:724dc4","text","1","","Оплата: $",""
"exe:724dd4","word","2","","Принять",""
"exe:724de4","word","1","","Требуется: ",""
"exe:724df8","text","1","","Добро пожаловать в незаконченную тестовую сборку Gunpoint!",""
"exe:724e5c","text","1","","Рук: Попался на камеру",""
"exe:724e8c","text","1","","Рук: Перепутанные провода",""
"exe:724eb8","text","1","","#Ещё предстоит доделать: большую часть музыки, немного графики и полировки и несколько целей заданий: «украсть прототип» сейчас на деле означает «взломать ещё один компьютер». В остальном игра почти готова. Информация и новости — на gunpointgame.com",""
"exe:725080","text","1","","#Запись, где ты на месте убийства, автоматически скопирована в пять разных мест. Это ближайшее — проберись туда и сотри данные.",""
"exe:7251b8","text","1","","Рук: Под охраной",""
"exe:7251d8","text","1","","#Вторая копия записи с камер, которые засняли тебя на месте убийства, хранится на Праудмор-драйв. Проберись, сотри данные, уходи.",""
"exe:7252d8","text","1","","#Чтобы попасть на объект на Эллис-стрит, придётся перемонтировать электронику здания. Если у тебя нет Кросслинка, купи его.",""
"exe:7253dc","check","2","","Crosslink",""
"exe:7253f0","text","1","","#Перемонтировать электронику здания, чтобы добраться до терминала и стереть данные.",""
"exe:72548c","text","1","","Рук: Под напряжением",""
"exe:7254a8","text","1","","#Следующий терминал — на Локсли-Клоуз. Кстати, осторожнее с розетками: они бьют током, если подключить к ним что-нибудь Кросслинком.",""
"exe:7255bc","text","1","","Рук: Три в одном",""
"exe:7255e8","text","1","","#Добраться до терминала и стереть четвёртую копию.",""
"exe:72564c","text","1","","Коллинз: невиновна",""
"exe:725670","text","1","","#Последний — и ты чист. Объект DataSec на углу Гершвина и 4-й — самый большой и лучше всех охраняется, но после него не останется никаких улик, связывающих тебя с убийством Селены.",""
"exe:7257d4","word","6","","Wirejack",""
"exe:7257e8","text","1","","#Добраться до всех трёх терминалов и стереть запись с каждого.",""
"exe:725860","text","1","","#привет. извините что беспокою, не знаю туда ли я пишу, но меня только что арестовали за убийство, а я тут почти никого не знаю, так что потратила свой единственный звонок на этот пост. надеюсь вы поможете!! — кэти",""
"exe:725a10","text","1","","#Добраться до двери у кабинета Джексона и подслушать, что он говорит.",""
"exe:725a98","text","1","","Коллинз: intex",""
"exe:725ab8","text","1","","#привет, это снова кэти. думаю, нам надо достать ту компрометирующую запись джексона — дай знать, если возьмёшься. спасибо! — кэти",""
"exe:725bcc","text","1","","Рук: Подстава",""
"exe:725bf0","text","1","","#Проникнуть на объект Intex и добраться до терминала, чтобы проверить, нет ли там компрометирующей записи Джексона.##Дополнительная задача: минимум насилия.",""
"exe:725d1c","text","1","","Коллинз: запись",""
"exe:725d4c","text","1","","Рук: Убийца",""
"exe:725d70","text","1","","#я знаю, какой офис скачал запись джексона. если достанешь её, получишь всё, что у меня осталось. — кэти",""
"exe:725e68","text","1","","#Проникнуть в офис Рук, который скачал запись Джексона, и проверить, осталась ли она на тамошнем терминале.##Дополнительная задача: минимум насилия.",""
"exe:725f9c","text","1","","Гесслер: Промышленный шпионаж",""
"exe:725fd8","text","1","","#Конвэй, это Рук. Мне нужны твои профессиональные услуги. Дело касается моей сотрудницы Кэти Коллинз.",""
"exe:7260a0","text","1","","#Проникнуть в полицейский участок и подбросить запись Джексона на тамошний терминал.##Дополнительная задача: взломать ноутбуки.",""
"exe:7261a0","text","1","","Джексон: Правда",""
"exe:7261c8","text","1","","#Как договаривались. Доберись до терминала, который записал мой телефонный разговор, и выложи его целиком в открытый доступ. Вся правда всплывёт, я свалю к чёрту из этого города и заплачу тебе столько, что хватит самому взяться за Intex. Или купить тренч из сусального золота и уйти на покой.",""
"exe:7263c4","text","1","","Рук: Прототип",""
"exe:7263f0","text","1","","#Добраться до терминала Intex с полной записью Джексона и выложить её в открытый доступ.",""
"exe:7264a0","text","1","","#Ты знаешь, что делать: запись хранится на терминале оперативного центра Intex на реке Истмаут. Проберись туда и сотри её. Джексон сядет за убийство Селены, а я найду тебе настоящего убийцу.",""
"exe:726630","text","1","","#Добраться до терминала Intex с полной записью Джексона и стереть её.",""
"exe:7266dc","text","1","","Гесслер: Приобретение",""
"exe:726708","text","1","","Гесслер: Ну давай, блять, приди за мной.",""
"exe:72674c","text","1","","Gatecrashers, Resolver",""
"exe:72677c","text","1","","Рук: След",""
"exe:7267a0","text","1","","#Обезвредить или убить Фрица Гесслера.##Дополнительная задача: обезвредить или убить агента Хайтауэра.",""
"exe:726860","text","1","","#Обезвредить или убить Фрица Гесслера.",""
"exe:7268c0","text","1","","#Нужен профи для грязной работы без следов. Платим до неприличия много.",""
"exe:726930","text","1","","#Нанести удар по административному центру TX Fabrications и обыскать главный терминал, чтобы выяснить, где делают секретный прототип Рук.##Дополнительная задача: не оставить живых свидетелей.",""
"exe:726a7c","text","1","","Гесслер: Вознаграждение",""
"exe:726aa8","text","1","","#Конвэй, свяжись со мной. Тебе стоит кое-что знать о твоих контрактах с Intex.",""
"exe:726b58","text","1","","#Украсть фальшивый прототип для Рук, чтобы потом выкрасть его у неё для Гесслера.##Дополнительная задача: взломать ноутбуки.",""
"exe:726c58","text","1","","#Готов? Пора.",""
"exe:726c80","text","1","","#Украсть прототип Рук, затем решить, рассказывать ли Гесслеру о маячке, который она на него поставила.##Дополнительная задача: не оставить живых свидетелей.",""
"exe:726d98","text","1","","#Мы засекли сигнал. Посмотрим, куда он нас приведёт.",""
"exe:726e10","text","1","","#Проследить за маячком на прототипе Рук и украсть всё, что найдётся в исследовательской лаборатории Гесслера.##Дополнительная задача: взломать ноутбуки.",""
"exe:726f28","text","1","","#Ты, блять, рок-звезда. Иди сюда, дай мне испортить тебя деньгами.",""
"exe:726fac","text","1","","Гесслер: Иди на хуй.",""
"exe:726fe4","text","1","","Аноним: Дело Коллинз",""
"exe:72701c","text","1","","Мэйфилд: Морг",""
"exe:727048","text","1","","#Меня не устраивает, как полиция Ист-Пойнта ведёт расследование недавнего убийства, и я ищу агента, который поможет выяснить, что произошло на самом деле.",""
"exe:72718c","text","1","","Мэйфилд: Подозреваемый",""
"exe:7271b8","text","1","","#Отправиться на место убийства Селены и извлечь внутреннюю резервную копию из камеры наблюдения. Затем решить, отдавать ли её начальнику полиции.##Дополнительная задача: минимум насилия.",""
"exe:72733c","text","1","","+ Быстрее#- Медленнее#Пробел: выход",""
"exe:727378","text","1","","Мэйфилд: Запись DataSec",""
"exe:7273b8","text","1","","#Мне нужно, чтобы вы проникли на объект DataSec и добыли запись, которая может пролить свет на то, кто убил Селену Дельгадо.",""
"exe:7274a4","text","1","","Прошлые задания",""
"exe:7274c8","text","1","","#Добраться до главного терминала и забрать запись камер наблюдения с одного из объектов DataSec, взломанных в ночь убийства. Затем решить, отдавать ли её начальнику полиции.##Дополнительная задача: взломать ноутбуки.",""
"exe:7276b0","text","1","","#Мне нужно, чтобы вы проникли в моё собственное управление. Я объясню зачем.",""
"exe:727720","text","1","","#Добраться до компьютера коронера в морге и поискать доказательства того, что заключение о вскрытии Селены подделали.##Дополнительная задача: минимум насилия.",""
"exe:727844","word","1","","Задания",""
"exe:727858","text","1","","#У меня есть подозреваемый в убийстве Селены Дельгадо. Нужно, чтобы вы проникли в его квартиру и поискали улику, которая может это подтвердить.",""
"exe:727974","word","1","","Магазин",""
"exe:727980","text","1","","#Проникнуть в квартиру, куда Мэйфилд отследил снаряжение агентства, и найти доказательства того, что её жилец — агент. Затем решить, передавать ли их.##Дополнительная задача: взломать ноутбуки.",""
"exe:727b14","text","1","","Мэйфилд: Комната",""
"exe:727b3c","text","1","","Деньги: $",""
"exe:727b4c","word","1","","Улучшения",""
"exe:727b60","text","1","","#У меня кое-что серьёзное. Думаю, сегодня ночью мы сможем закрыть это дело. Напишите мне, и я расскажу, что смогу.",""
"exe:727c3c","word","1","","Меню",""
"exe:727c48","text","1","","#Взломать терминал, на котором, по словам Мэйфилда, хранится зашифрованная запись с ночи убийства, затем решить, передавать ли её.##Дополнительная задача: минимум насилия.",""
"exe:727da4","text","1","","Очки улучшений:#",""
"exe:727dc8","text","1","","Вы прошли игру!#Спасибо за игру! Вы по-прежнему можете переиграть пройденные задания с любыми открытыми гаджетами, начать заново из главного меню или заглянуть на gunpointgame.com за новостями.",""
"exe:72a438","word","2",""," доступно",""
"exe:72a468","word","1","","Титры",""
"exe:72a478","text","1","","Автозагрузка сохранений отключена.",""
"exe:72a4d8","text","1","","Деньги:#$",""
"exe:72a4e8","word","1","","global.Transfuser",""
"exe:72a50c","word","1","","global.Deathfluke",""
"exe:72a550","word","1","","global.Prankspasm",""
"exe:72a598","text","1","","BULLFROG#СИЛА ПРЫЖКА#Увеличивает и скорость, и дальность прыжка.",""
"exe:72a620","text","1","","Увеличивает и скорость, и дальность прыжка.",""
"exe:72a698","text","1","","BULLFROG#ВРЕМЯ ЗАРЯДКИ#Прыжок в полную силу заряжается быстрее.",""
"exe:72a744","text","1","","Возврат: $",""
"exe:72a758","text","1","","ЁМКОСТЬ ПИТАНИЯ#Гаджеты вмещают больше заряда.",""
"exe:72a7c0","text","1","","DROPSHOT#Тихое приземление при падении с большей высоты.",""
"exe:72a834","word","1","","Куплено",""
"exe:72a840","text","1","","DEATHFLUKE#Повышает шанс, что пули пролетят мимо.",""
"exe:72a8c0","text","1","","Купить: $",""
"exe:72a8d0","text","1","","Попробовать",""
"exe:72a904","word","1","","КРОССЛИНК",""
"exe:72a918","text","1","","Перемонтирует электронику",""
"exe:72a94c","word","1","","WIREJACK",""
"exe:72a960","text","1","","Подключает любое электронное устройство к другому.",""
"exe:72a9b8","text","1","","Перемонтирует защищённые цепи",""
"exe:72a9e8","text","1","","Если установить на щиток, позволяет использовать Кросслинк на защищённых цепях.",""
"exe:72aa7c","word","1","","DROPSHOT",""
"exe:72aa90","text","1","","Бесшумное приземление с любой высоты",""
"exe:72aacc","text","1","","Глушит звон разбитого стекла",""
"exe:72aaf8","text","1","","Вы приземляетесь на ноги, а не на лицо — так обычно тише.",""
"exe:72ab80","word","1","","HUSHCRACKER",""
"exe:72ab98","text","1","","Глушит шум, когда вы разбиваете окно.",""
"exe:72abf0","word","1","","PRANKSPASM",""
"exe:72ac08","text","1","","Минирует электронику",""
"exe:72ac34","text","1","","Часть пуль пролетает мимо",""
"exe:72ac68","text","1","","Подключите розетку к другому устройству, чтобы пустить по нему ток.",""
"exe:72acdc","word","1","","DEATHFLUKE",""
"exe:72acf4","word","1","","LONGSHOT",""
"exe:72ad08","text","1","","Мощное магнитное поле повышает шанс, что пули пролетят мимо.",""
"exe:72ad94","text","1","","Перемонтирует вражеские пушки",""
"exe:72adb8","text","1","","Перемонтирует вражеские пушки. При активации они стреляют. При выстреле вместо этого активируют свою цель.",""
"exe:72ae78","word","1","","RESOLVER",""
"exe:72ae8c","word","1","","Пистолет",""
"exe:72ae9c","text","1","","ОБОЙМА НА 6 ПАТРОНОВ",""
"exe:72aeb8","text","1","","Самая успешная модель Rooke, вне закона с момента запрета оружия.",""
"exe:72af2c","text","2","","Патронов сейчас: ",""
"exe:72af4c","word","1","","БАТАРЕЯ",""
"exe:72af5c","word","1","","GATECRASHERS",""
"exe:72af78","text","1","","Патроны дороги — и незаконны — из-за запрета на оружие.",""
"exe:72b004","text","1","","Текущий заряд гаджетов:",""
"exe:72b05c","text","3","","Текущий заряд гаджетов: ",""
"exe:72b08c","word","1","","SMASHBANG",""
"exe:72b0a0","text","1","","Hushcracker, Prankspasm и Longshot расходуют этот заряд.",""
"exe:72b120","text","1","","ПРОДАТЬ БАТАРЕЮ",""
"exe:72b1b0","text","1","","Продать батарею с полным возвратом стоимости.",""
"exe:72b1f4","text","1","","Выбивает двери",""
"exe:72b218","text","1","","Открывает любую обычную дверь, но не слишком вежливо.",""
"exe:72b278","text","1","","Отвлекает охранников",""
"exe:72b298","text","1","","Установите, затем активируйте, чтобы привлечь ближайшего охранника.",""
"exe:72b30c","word","1","","TRANSFUSER",""
"exe:72b324","text","1","","Связывает разные цепи",""
"exe:72b358","text","1","","Позволяет принудительно соединять устройства на разных цепях.",""
"exe:72b3d4","text","1","","Mission:   ActOne2",""
"exe:72b3fc","text","1","","Mission:   ActOne3",""
"exe:72b424","text","1","","Mission:   ActOne4",""
"exe:72b450","text","1","","Mission:   ActOne5",""
"exe:72b47c","text","1","","Mission:   ActTwo1",""
"exe:72b4a8","text","1","","Mission:   ActTwo2",""
"exe:72b4d4","text","1","","Mission:   ActTwo3",""
"exe:72b500","text","1","","Mission:   ActTwo4",""
"exe:72b52c","text","1","","Mission:   ActCorp1",""
"exe:72b558","text","1","","Mission:   ActCorp2",""
"exe:72b584","text","1","","Mission:   ActCorp3",""
"exe:72b5b0","text","1","","Mission:   ActCorp4",""
"exe:72b5dc","text","1","","Mission:   ActCorp5",""
"exe:72b624","word","4","","s",""
"exe:72b6a8","word","1","","Пол",""
"exe:72b6b8","word","1","","Стена",""
"exe:72b6c4","text","1","","Обычный пол",""
"exe:72b6e0","text","1","","Широкий пол",""
"exe:72b6f8","text","1","","Узкий кусок пола",""
"exe:72b720","text","1","","Дверной проём",""
"exe:72b738","text","1","","Закрытая дверь. Ставится в дверной проём. Чтобы охранники могли её открыть, нужны сканеры ладони с обеих сторон.",""
"exe:72b7ec","text","1","","Оконная рама (вправо)",""
"exe:72b820","text","1","","Открытая дверь. Ставится в дверной проём. Чтобы охранники могли через неё ходить, нужны сканеры ладони с обеих сторон.",""
"exe:72b8d0","text","1","","Сканер ладони. Подключается к ближайшей двери. Должен стоять рядом с ней, чтобы охранники понимали, для чего он.",""
"exe:72b98c","text","1","","Окно (вправо)",""
"exe:72b9b4","text","1","","Окно (влево).",""
"exe:72b9dc","text","1","","Оконная рама (влево)",""
"exe:72ba10","text","1","","Стеклянный потолок",""
"exe:72ba2c","text","1","","Рама стеклянного потолка",""
"exe:72ba54","text","2","","Обычный охранник.",""
"exe:72ba70","text","1","","Лестница: работает, только если ровно этажом выше или ниже есть другая лестница.",""
"exe:72bb20","text","1","","Двери лифта. У одних из них нужно будет поставить сам лифт.",""
"exe:72bbac","text","1","","Дополнительная цель.",""
"exe:72bbd8","text","1","","Сам лифт. Поставьте его у одних из дверей.",""
"exe:72bc40","text","1","","Помещение. Здесь охранники слышат шум; темнеет, когда гаснет свет.",""
"exe:72bccc","text","1","","Выход. Ставится у правого края.",""
"exe:72bd08","text","1","","Тёмное помещение. Здесь охранники слышат шум и идут к ближайшему выключателю.",""
"exe:72bdb8","text","1","","Широкое помещение. Здесь охранники слышат шум; темнеет, когда гаснет свет.",""
"exe:72be4c","text","1","","Точка старта игрока.",""
"exe:72be80","text","1","","Широкое тёмное помещение. Здесь охранники слышат шум и идут к ближайшему выключателю.",""
"exe:72bf40","text","1","","Выключатель. Сам подключается к ближайшей лампе на этом этаже.",""
"exe:72bfc8","text","2","","Лампа. Работает только внутри зоны. В тёмной зоне изначально выключена.",""
"exe:72c108","text","2","","Камера. Срабатывает, когда игрок попадает в её поле зрения. Сама подключается к ближайшей сигнализации.",""
"exe:72c268","text","1","","Сигнализация. При срабатывании ближайший охранник в пределах одного этажа идёт её отключать. Должна быть внутри зоны.",""
"exe:72c328","text","1","","Датчик движения. Срабатывает, когда через него кто-то проходит. Сам подключается к ближайшей двери.",""
"exe:72c3e8","text","1","","Дверь хранилища. Открывается при активации. Вскоре закрывается сама.",""
"exe:72c480","text","1","","Розетка. Бьёт током охранников поблизости, если игрок её активирует. Нужна для работы Prankspasm.",""
"exe:72c550","text","1","","Люк. При срабатывании ненадолго открывается. Изначально ни к чему не подключён.",""
"exe:72c600","text","4","","Распределительная коробка: игроку нужно добраться до неё, чтобы перемонтировать устройства в этой цепи.",""
"exe:72c8a0","text","4","","Поставьте это на устройство, чтобы включить его в эту цепь.",""
"exe:72ca7c","text","2","","Силовик: его нельзя повалить.",""
"exe:72caf0","text","2","","Профи: видит в темноте и стреляет, даже когда он на мушке.",""
"exe:72cbd0","text","1","","Поставьте это на охранника, чтобы он патрулировал.",""
"exe:72cc24","text","1","","Основная цель.",""
"exe:72cc68","word","1","","Батарея.",""
"exe:72cc80","text","1","","Поставьте это где угодно, и игрок начнёт уровень с Кросслинком (перемонтирование).",""
"exe:72cd38","text","1","","Поставьте это где угодно, и игрок начнёт уровень с Wirejack (подключение к цепям).",""
"exe:72cdf8","text","1","","Поставьте это где угодно, и игрок начнёт уровень с Resolver (пистолет).",""
"exe:72ce9c","word","1","","Untitled",""
"exe:72cf08","text","1","","Файл с таким именем уже есть, а перезаписывать его мне страшно.",""
"exe:72cfa0","check","1","","Blanjipan",""
"exe:72cfb4","check","1","","blanjipan",""
"exe:72cfc8","text","1","","Я же сказал, не называй так.",""
"exe:72d000","text","1","","Введи хоть какое-нибудь название. Необязательно хорошее. Даже какое-нибудь «Blanjipan» сойдёт. (Только не называй так.)",""
"exe:72d0e8","text","1","","Сохранить (F5)",""
"exe:72d0fc","check","1","","Играть (Enter)",""
"exe:72d11c","text","1","","Опубликовать обновление",""
"exe:72d13c","text","1","","Оценить в Мастерской",""
"exe:72d160","text","1","","Опубликовать в Мастерской",""
"exe:72d188","text","1","","Базовые элементы уровня.",""
"exe:72d1ac","text","1","","Стены и полы",""
"exe:72d1d0","word","1","","Двери.",""
"exe:72d1e0","word","1","","Двери",""
"exe:72d1ec","text","1","","Окна и рамы.",""
"exe:72d214","word","1","","Окна",""
"exe:72d224","word","1","","Лестницы.",""
"exe:72d258","text","1","","Помещения.",""
"exe:72d278","word","1","","Зоны",""
"exe:72d284","text","1","","Всё, что можно перемонтировать.",""
"exe:72d2b4","word","1","","Электроника",""
"exe:72d2cc","word","1","","Цепи",""
"exe:72d2e0","text","1","","Защищённые цепи, к которым игроку нужно подключаться через Wirejack.",""
"exe:72d348","text","1","","Расстановка охранников.",""
"exe:72d364","word","1","","Охрана",""
"exe:72d374","word","1","","Цели.",""
"exe:72d38c","word","1","","Цели",""
"exe:72d3a4","text","1","","Задние стены.",""
"exe:72d3c8","text","1","","Задние стены",""
"exe:72d3e0","word","1","","Декор.",""
"exe:72d3f0","word","1","","Декор",""
"exe:72d3fc","text","1","","Стены и декор.",""
"exe:72d420","word","1","","Снаряжение",""
"exe:72d450","text","1","","Выберите разрешение!",""
"exe:72d48c","text","1","","Пробуем! (Esc — отмена)",""
"exe:72d538","text","1","","В режиме Кросслинка обзор двигается мышью.",""
"exe:72d698","check","6","","Разрешение",""
"exe:72d6b0","text","2","","Отмена (Escape)",""
"exe:72d6d0","text","1","","Полный экран (нажмите для оконного режима)",""
"exe:72d73c","text","1","","Комментарии разработчика:",""
"exe:72d768","text","1","","Оконный режим (нажмите для полного экрана)",""
"exe:72d7c4","check","4","","Настройки",""
"exe:72d7d4","check","2","","Управление",""
"exe:72d828","text","1","","Настроить управление",""
"exe:72d860","word","1","","Мат:",""
"exe:72d874","text","1","","Режим для дальтоников:",""
"exe:72d89c","text","1","","Описания при наведении:",""
"exe:72d8d0","text","1","","Подсказки по управлению:",""
"exe:72d8ec","text","1","","Обучающие окна:",""
"exe:72d90c","text","1","","Подсветка целей:",""
"exe:72d938","text","1","","Вертикальная синхронизация:",""
"exe:72d958","word","4","","Назад",""
"exe:72d990","check","1","","Наведите курсор на действие и нажмите любую клавишу#(лучше не Tab и не Esc)",""
"exe:72da58","check","1","","Достать пистолет (удерживать)",""
"exe:72da7c","check","1","","Обзор влево",""
"exe:72da90","check","1","","Обзор вправо",""
"exe:72daa4","check","1","","Обзор вверх",""
"exe:72dab4","check","1","","Обзор вниз",""
"exe:72dac8","text","1","","Сбросить настройки",""
"exe:72db08","check","6","","Редактор уровней",""
"exe:72db24","text","1","","Создать свою миссию",""
"exe:72db64","text","1","","Мастерская Steam",""
"exe:72dbac","check","2","","Новая игра",""
"exe:72dbc0","text","1","","Подтвердить#Все сохранения будут удалены",""
"exe:72dc68","word","1","","Продолжить",""
"exe:72dcac","word","1","","Сохранено",""
"exe:72dcb8","text","1","","Загрузить сохранение",""
"exe:72dd10","text","1","","Сменить разрешение (если всё слишком мелкое) (F1)",""
"exe:72dd80","text","1","","Размер экрана (F1)",""
"exe:72ddc8","text","1","","Редактор уровней (нет в демо)",""
"exe:72de54","text","1","","Назад к миссиям агентства",""
"exe:72de90","text","1","","Сменить разрешение (прервёт миссию) (F1)",""
"exe:72df44","text","1","","Пропустить миссию",""
"exe:72df60","text","1","","Прервать миссию",""
"exe:72df7c","check","1",""," осталось)",""
"exe:72df8c","text","1","","Пропустить миссию (",""
"exe:72dfac","text","1","","Начать новую игру с нуля",""
"exe:72dffc","text","1","","Выйти (с автосохранением)",""
"exe:72e054","text","1","","Клик: удар",""
"exe:72e070","text","1","","Клик: удар#Правый клик: выстрел",""
"exe:72e0b0","text","1","","Бета-версия Gunpoint: www.gunpointgame.com",""
"exe:72e110","text","1","","Не хватает энергии для Longshot",""
"exe:72e15c","word","1","","Патроны: ",""
"exe:72e170","check","1","","Longshot готов: связи к вражеским пушкам и от них",""
"exe:72e1cc","text","1","","Загрузить сохранение:##",""
"exe:72e1f8","text","1","","Не хватает энергии для Prankspasm",""
"exe:72e248","check","1","","Prankspasm готов: подключите розетку к устройству, чтобы пустить по нему ток",""
"exe:72e2e0","text","1","","Не хватает энергии для Hushcracker",""
"exe:72e330","check","1","","Hushcracker готов: щелчок в воздухе бесшумно разбивает стекло",""
"exe:72e3c0","text","3",""," сек. назад.##",""
"exe:72e3e0","text","1","","1. Автосохранение: ",""
"exe:72e450","text","1","","2. Автосохранение: ",""
"exe:72e4c0","text","1","","3. Автосохранение: ",""
"exe:72e518","text","1","","4. Последнее ручное сохранение.##",""
"exe:72e574","text","1","","R. Начать миссию заново.##",""
"exe:72e5b4","text","1","","Esc. Назад",""
"exe:72e74c","word","2","","R",""
"exe:72e7ac","text","1","","КОНТРАКТ ВЫПОЛНЕН",""
"exe:72e7d0","check","8","","Violence",""
"exe:72e7e4","word","1","","НАСИЛИЕ",""
"exe:72e7f8","text","1","","Убийства сильно влияют на оценку. Убивают выстрелы, падения с большой высоты и 10+ ударов. Нокауты и удары током — нет.",""
"exe:72e8c8","word","1","","ПСИХОПАТ",""
"exe:72e8e0","word","1","","ЖЕСТОКИЙ",""
"exe:72e8f0","word","1","","БЕЗ ЖЕРТВ",""
"exe:72e908","word","1","","ДЖЕНТЛЬМЕН",""
"exe:72e930","check","4","","Witnesses",""
"exe:72e944","word","1","","СВИДЕТЕЛИ",""
"exe:72e958","text","1","","Все, кто мог вас видеть, включая тех, на кого вы набросились, но не убили.",""
"exe:72e9fc","word","1","","ПРИЗРАК",""
"exe:72ea14","check","2","","Noise",""
"exe:72ea20","text","1","","Звуки, которые могли услышать соседи: звон разбитого стекла и выстрелы.",""
"exe:72eaa4","word","1","","ШУМ",""
"exe:72eab0","word","1","","НИНДЗЯ",""
"exe:72eae0","check","3","","Time",""
"exe:72eaec","word","1","","ВРЕМЯ",""
"exe:72eaf8","text","1","","Пустая шкала — самое быстрое время из мыслимых. Полная — вдвое дольше.",""
"exe:72eb98","word","1","","m",""
"exe:72eb9c","word","1","","ШУСТРЫЙ",""
"exe:72eba8","word","1","","ВДУМЧИВЫЙ",""
"exe:72ebc0","word","1","","МОЛНИЯ",""
"exe:72ebe4","check","7","","Laptops",""
"exe:72ec08","text","1","","За взлом ноутбуков награды нет — только знание, что вы взломали всё, что можно было взломать.",""
"exe:72ecb8","word","1","","НОУТБУКИ",""
"exe:72ecd0","text","1","","Клиент оценивает, насколько хорошо вы выполнили дополнительные задачи, если они были.",""
"exe:72edbc","text","1","","ОЦЕНКА КЛИЕНТА",""
"exe:72edd8","check","2","","A+",""
"exe:72ede0","word","5","","A",""
"exe:72ede4","word","2","","B",""
"exe:72ede8","word","3","","C",""
"exe:72edf0","text","1","","Оценки не влияют на вашу оплату.",""
"exe:72ee44","text","1","","ОПЛАТА: $",""
"exe:72ee54","text","1","","+1 ОЧКО УЛУЧШЕНИЯ",""
"exe:72ee78","text","1","","За каждую выполненную миссию агентство даёт вам одно улучшение снаряжения.",""
"exe:72ef0c","word","1","","Продолжить",""
"exe:72ef30","text","1","","Нажмите цифру, чтобы выбрать родное разрешение этого монитора. (Если что-то пойдёт не так, удалите resolution.txt в папке Gunpoint и попробуйте снова)##1. 1024x600#2. 1280x720#3. 1280x800#4. 1280x1024#5. 1360x768#6. 1680x1050#7. 1600x1200#8. 1900x1080#9. 1920x1200",""
"exe:72f170","text","1","","Нажмите цифру, чтобы выбрать режим экрана. Если выглядит неправильно, это меню можно снова вызвать клавишей Backspace.##1. 1024x600#2. 1280x720 #3. 1280x800#4. 1280x1024#5. 1360x768#6. 1680x1050#7. 1600x1200#8. 1900x1080 (всё будет мелким)#9. 1920x1200 (всё будет мелким)",""
"exe:72f460","text","1","","Хрупкое окно. Чтобы разбить его, нужен мощный прыжок.",""
"exe:72f4f0","text","2","","Окна можно пробивать полностью заряженным прыжком.",""
"exe:72f564","text","1","","Обход сканера ладони",""
"exe:72f58c","text","3","","Устройство удалённого перемонтирования",""
"exe:72f62c","word","1","","BULLFROG",""
"exe:72f640","text","2","","Стеклянный потолок. Разбивается сильным ударом или прогрессивным мышлением.",""
"exe:72f6cc","text","1","","Штаны-катапульта",""
"exe:72f6f4","text","1","","Гиперштаны: усиление прыжка",""
"exe:72f728","text","1","","Стекло можно пробить, если хватит силы.",""
"exe:72f840","text","1","","Запускайте себя с эффектной и безрассудной силой.",""
"exe:72f8a4","word","1","","SLAPSTICK",""
"exe:72f8b8","text","1","","COLD CALL#Улучшение: находите на 50% больше батарей для Cold Call.",""
"exe:72f928","text","1","","Липкие перчатки для лазания",""
"exe:72f95c","text","1","","Лазайте по любым стенам и потолкам.",""
"exe:72f998","text","1","","TRANSFUSER#Улучшение: находите на 50% больше батарей для Transfuser.",""
"exe:72fa38","text","1","","Гиперштаны: ускорение зарядки",""
"exe:72fa80","text","1","","COLD CALL",""
"exe:72fa94","text","1","","Дистанционный активатор",""
"exe:72fab8","text","1","","Щёлкните по объекту правой кнопкой, чтобы активировать его дистанционно. Число использований ограничено.",""
"exe:72fb30","word","1","","DROPJOCKEY",""
"exe:72fb48","text","1","","Плащ медленного падения",""
"exe:72fb78","text","1","","Безопасно падайте с любой высоты.",""
"exe:72fe70","check","2","","W, A, S, D",""
"exe:730018","text","1","","От: Келли Экланд#Кому: Джулиан Мэйфилд##Тема: Воскресенье##Разумеется, все мы здесь очень тяжело переживаем случившееся в воскресенье. Мне сказали, что Хэндли был хорошим офицером, а смерть его была скверной и странной.##Как вы знаете, наша работа носит сугубо экспериментальный характер, и, похоже, один из наших текущих проектов способен влиять на внутреннюю электронику огнестрельного оружия Rooke и Intex. Подробности мы, конечно, обсуждать не можем, но, судя по всему, это был несчастный случай, и я считаю, что выживший офицер ни в чём не виноват.##Тем не менее ваше предположение, будто мы используем ваших офицеров как подопытных кроликов для испытания непроверенной полевой техники, абсолютно беспочвенно.##Келли Экланд",""
"exe:730530","text","1","","От: Джулиан Мэйфилд#Кому: Келли Экланд##Тема: Изъяны в организации##Я понимаю, что обеспечивать безопасность ваших объектов — обязанность моих офицеров, но мне всё труднее верить, что вы предоставили нам всю информацию, необходимую для защиты вашей компании.##Вы действительно, положа руку на сердце, не понимаете, почему уже три разных агента проникли на ваш объект на Райли-стрит через ваши частные станции метро, а затем по очереди держали каждого из моих офицеров на мушке, пока не уходили?##И если так, почему вы продолжаете настаивать, чтобы они охраняли именно эти позиции, когда в такой расстановке явно есть серьёзный изъян?##-Мэйфилд",""
"exe:730a3c","word","16","","Рук",""
"exe:730a48","text","1","","От: Джулиан Мэйфилд, полиция Ист-Пойнта#Кому: Келли Экланд, TX Fabrications##Тема: Странные просьбы##Келли, мы, разумеется, более чем рады обеспечивать охрану TX Fabrications, но некоторые ваши особые просьбы меня несколько смущают.##Вы вправе советовать, куда ставить офицеров в спецснаряжении, и даже указывать места, которые, по-вашему, может выбрать злоумышленник.##Но указывать моим офицерам, в какую сторону смотреть, — это уже подозрительно мелочный контроль. Особенно когда вы требуете, чтобы они смотрели В СТОРОНУ от хрупкого окна — возможной точки проникновения.##Что именно вы не хотите, чтобы они увидели?##-Мэйфилд",""
"exe:730f70","text","1","","От: Антония Шпунар#Кому: Келли Экланд##Тема: Prankspasm. Prankspasm?##Так, похоже, Prankspasm готов к производству. Нам удалось обойти защитные протоколы электросети: в момент подключения мы дистанционно снижаем напряжение, а когда розетка активируется, снова выкручиваем его на полную.##У меня только один вопрос: кому это вообще может понадобиться? Насколько я вижу, его можно использовать только для того, чтобы устраивать жуткие несчастные случаи, пуская опасное напряжение через предметы, которые обычно безопасны. Какому клиенту такое нужно?##И название тоже они придумали?##Тони",""
"exe:7313f8","text","13","","Мелани Рук#Гендиректор Rooke Firearms",""
"exe:731460","text","1","","Потенциальную клиентку, Селену Дельгадо, застрелили в её офисе.##Камеры засняли, как я поднимался к ней, и теперь я главный подозреваемый.",""
"exe:7315f8","text","5","","Потенциальную клиентку, Селену Дельгадо, застрелили в её офисе.##Камеры засняли, как я поднимался к ней, и теперь я главный подозреваемый.##Начальница Селены, Мелани Рук, знает, что я невиновен, и хочет, чтобы настоящего убийцу поймали.##Она помогает мне стереть внешние резервные копии компрометирующей записи.",""
"exe:7318b0","text","1","","От: Джулиан Мэйфилд, начальник полиции#Кому: Управление полиции Ист-Пойнта (всем)##Тема: Частная охрана##В последнее время до меня доходит ворчание некоторых офицеров по поводу назначений в частную охрану. С тех пор как мы объединились с крупнейшей охранной фирмой города, Управление полиции Ист-Пойнта выполняет обе роли.##Может, вам и не нравится работать на корпорацию, но ваша работа осталась прежней: защищать и служить. После бесконечных сокращений бюджета только новое финансирование от этого слияния позволяет вам иметь хоть сколько-нибудь сносное снаряжение.##Короче говоря: смиритесь.##-Мэйфилд",""
"exe:7322f8","text","1","","От: Джулиан Мэйфилд, начальник полиции#Кому: Полицейское управление Ист-Пойнта (всем)##Тема: Чужое оружие##Надоело повторять, так что буду краток: всё табельное оружие полиции закодировано на отпечаток ладони владельца. Если вы возьмёте или одолжите чужой пистолет, ОН НЕ ВЫСТРЕЛИТ.##У нас слишком много косяков вроде пятничного: преступники уходят, потому что офицер пользуется одолженным оружием или украденным из хранилища вещдоков.##Если потеряли табельное оружие — а это, похоже, случается чаще, чем я в состоянии понять, — просто сообщите. Плату за замену я отменяю. Вам нужен пистолет, который стреляет.##— Мэйфилд",""
"exe:732a98","text","1","","От: Джулиан Мэйфилд, начальник полиции#Кому: Полицейское управление Ист-Пойнта (всем)##Тема: ##Поступает всё больше сообщений о том, что электроника в этих постмиллениальных зданиях ведёт себя странно. Гаснет свет, но бывает и посерьёзнее — например, двери с электронными замками внезапно распахиваются.##Если увидите что-то подобное, укажите в рапорте. И будьте осторожны: эти двери открываются слишком быстро.##— Мэйфилд",""
"exe:733118","text","1","","От: Джулиан Мэйфилд, начальник полиции#Кому: Полицейское управление Ист-Пойнта (всем)##Тема: Камеры не ненавидят чернокожих##Пора покончить с идиотским слухом, будто наше охранное ПО принимает темнокожих людей за нарушителей. Это не так.##На самом деле оно анализирует лицо, телосложение и манеру движения человека и сверяет их с нашей базой известных сотрудников охраны.##Это значит, что если перед камерой пройдёт кто угодно, кроме полиции или частной охраны, НЕЗАВИСИМО ОТ ЦВЕТА КОЖИ, она сработает. Если камера подключена к сигнализации — включится тревога. Если нет — она просто добавит пометку к записи, чтобы охрана потом её просмотрела.##Подключены они к чему-то или нет, все наши камеры ещё и сохраняют записи. Так что если вы — к примеру — затащите с улицы афроамериканского бродягу на охраняемый объект и сунете его под камеру в дурацкой попытке доказать, что программа — расистка, у нас будет запись того, как вы это делаете.##— Мэйфилд",""
"exe:733960","text","1","","Потенциальную клиентку, Селену Дельгадо, застрелили в её кабинете.##Камеры засняли меня, когда я поднимался к ней, так что я — главный подозреваемый.##Начальница Селены, Мелани Рук, знает, что я невиновен, и хочет, чтобы настоящего убийцу поймали.##Она помогла мне стереть резервные копии компрометирующей записи — я чист.",""
"exe:733c10","text","2","","Кэти Коллинз#Аналитик, Rooke Firearms##Дополнительная цель:#Проверить ноутбуки",""
"exe:733cac","word","7","","Коллинз",""
"exe:733db0","text","1","","Камеры засняли меня на месте убийства Селены Дельгадо.##Начальница Селены, Мелани Рук, знает, что я невиновен, и помогла мне стереть все копии записи.",""
"exe:733f48","text","1","","От: Кэти Коллинз#Кому: Мелани Рук##Тема: Что задумали Intex?##Привет, Мелани! Просто короткий вопрос. Извини, если туплю.##Ты просила меня следить за закупками Intex, я слежу. И ничего не понимаю. Они скупают тот же набор материалов, что и мы на прошлой неделе, в безумных количествах, и я всё ещё не понимаю, как это вообще можно использовать в каком-либо легальном оружии. Знаю, что про наши планы ты говорить не можешь, но, может, прояснишь хоть что-то про их?##Кстати, им всё это обходится чуть дешевле, чем нам. Знаю, ты любишь работать с компанией Джексона, когда есть возможность, но в этот раз мы здорово переплатили. Единственный плюс, который я вижу, — по контракту мы можем вернуть всё по цене покупки, но ведь, наверное, всё это нужно нам для запуска полного производства по Проекту Lucena? Что бы это ни было?##Если хочешь, чтобы я заткнулась и перестала задавать глупые вопросы, просто скажи.##Кэти",""
"exe:734658","text","3","","Кэти Коллинз#Аналитик, Rooke Firearms",""
"exe:734710","text","1","","Коллегу Селены Дельгадо, Кэти Коллинз, арестовали за её убийство.##То, что я стёр все записи камер за ту ночь, ей, скорее всего, не помогло.##Муж Рук, Марк Джексон, утверждает, что видел Коллинз там в ту ночь.##Я подслушал, как Джексон упоминал компрометирующую его запись, которая есть у компании под названием Intex.",""
"exe:7349a8","text","2","","Кэти Коллинз#Аналитик, Rooke Firearms##Дополнительная цель:#Минимум насилия",""
"exe:734a40","text","1","","Коллегу Селены Дельгадо, Кэти Коллинз, арестовали за её убийство.##Муж Рук, Марк Джексон, утверждает, что видел Коллинз там в ту ночь.##Я подслушал, как Джексон упоминал компрометирующую его запись, которая есть у компании под названием Intex.",""
"exe:734c58","text","1","","От: Карл Дженсберг#Кому: Фриц Гесслер##Тема: Сомнения##Фриц, слушай. Пойми меня правильно. Я рад этой работе и очень благодарен за эту должность. Но я в упор не понимаю, в чём вообще смысл стратегии нашей компании.##Мы влезли в Ист-Пойнт, чтобы захватить рынок оружия, в тот самый год, когда коммерческую продажу пистолетов запретили навсегда. И несмотря на это, мы тратим безумные деньги, чтобы выдавить Рук с рынка — рынка, которого просто не существует.##Знаю, что Ист-Пойнт раньше был лакомым местом и Intex давно хотели открыть здесь филиал, но это было до запрета. Ист-Пойнт построен на оружии. В основном на оружии Рук. Почему бы нам просто не отступить и не подождать, пока они загнутся?##С уважением,##Карл Дженсберг",""
"exe:7352f0","text","2","","Коллегу Селены Дельгадо, Кэти Коллинз, арестовали за её убийство.##Муж Рук, Марк Джексон, утверждает, что видел Коллинз там в ту ночь.##Я подслушал, как Джексон упоминал компрометирующую его запись, которая есть у компании под названием Intex.##Запись удалили с серверов Intex, но по логам видно, что кто-то из Rooke Firearms скачал копию.",""
"exe:735980","text","1","","От: Мелани Рук#Кому: Кэти Коллинз##Тема: Re: Что задумали Intex?##Привет, Кэти. Вовсе нет, ты задаёшь абсолютно правильные вопросы. К сожалению, я по-прежнему не могу рассказать больше о том, что задумала для Проекта Lucena, но вполне могу догадаться, что затевают Intex.##Думаю, у нас утечка. И думаю, когда они увидели, что мы скупаем материалы для какого-то секретного проекта, они потратили изрядную часть своего изрядного капитала, пытаясь прибрать к рукам весь рынок этих материалов раньше, чем мы запустим производство.##Ты права, Гесслер купил дешевле нас. Но поскольку он не женат на директоре компании, у которой их купил, он может оказаться в весьма невыгодном финансовом положении, если когда-нибудь пожалеет о покупке огромной партии того, что окажется бесполезным хламом.##Рук.",""
"exe:736080","text","2","","Коллегу Селены Дельгадо, Кэти Коллинз, арестовали за её убийство.##Муж Рук, Марк Джексон, утверждает, что видел Коллинз там в ту ночь.##Я подслушал, как Джексон упоминал компрометирующую его запись, которая есть у компании под названием Intex.##Запись стёрли и с серверов Intex, и с компьютера в Rooke Firearms, на который её скачали.",""
"exe:736330","text","1","","Мелани Рук#Гендиректор, Rooke Firearms##Дополнительная цель:#Взломать ноутбуки",""
"exe:7366a8","text","1","","От: Лейт. дет. Дэвид Карилло#Кому: Дет. Сал Годалл##Тема: Re: Твоя теория##Итак, я присяжный. У обвиняемой нет алиби, живёт одна, и у неё был доступ ко всем записям камер, которые таинственным образом стёрлись за ночь преступления. А уважаемый местный бизнесмен даст показания, что она последней оставалась наедине с жертвой.##Какая мне разница, что она сделала это странным способом?##Дело Дельгадо легко закрыть, Сал, а с твоей статистикой тебе нужно лёгкое закрытие. Просто прими победу.##Карилло",""
"exe:736b20","text","2","","Муж Рук, Марк Джексон, утверждает, что Кэти Коллинз убила Селену Дельгадо.##Я подслушал, как Джексон упоминал компрометирующую его запись, которая есть у компании под названием Intex.##Рук отдала мне запись — на ней Джексон угрожает Селене.##Я подбросил её в базу улик полиции, а Рук сольёт её журналисту.",""
"exe:736dc8","text","2","","Марк Джексон#Гендиректор, Lucena Logistics",""
"exe:736e10","word","2","","Джексон",""
"exe:7371b0","text","1","","Муж Рук, Марк Джексон, утверждает, что Кэти Коллинз убила Селену Дельгадо.##Я подслушал, как Джексон упоминал компрометирующую его запись, которая есть у компании под названием Intex.##Рук отдала мне запись — на ней Джексон угрожает Селене.##Джексон говорит, что предупреждал Селену, что Intex её убьют, а Рук смонтировала запись.",""
"exe:7374a8","text","1","","От: Фриц Гесслер#Кому: Мелани Рук##Тема: Тебе пиздец##Надеюсь, тебе понравился мой маленький подарочек в твоей приёмной.##А знаешь что? Я снова тебя имею. Деньги, которые ты вложила в компанию мужа, — ты их больше никогда не увидишь. Я держу его за яйца.##Последние слова перед тем, как я окончательно уничтожу твою жизнь и твою компанию?#  #ФГ",""
"exe:737770","text","1","","От: Фриц Гесслер#Кому: Мелани Рук##Тема: Тебе пиздец##Поздравляю! Ты поимела меня с этим прототипом.##А знаешь что? Теперь я имею тебя. Деньги, которые ты вложила в компанию мужа, — ты их больше никогда не увидишь. Я держу его за яйца.##Последние слова перед тем, как я окончательно уничтожу твою жизнь и твою компанию?##ФГ",""
"exe:737a78","text","1","","Муж Рук, Марк Джексон, утверждает, что Кэти Коллинз убила Селену Дельгадо.##Рук отдала мне запись, на которой Джексон угрожает Селене.##Джексон говорит, что предупреждал Селену, что Intex её убьют, а Рук смонтировала запись.##Я нашёл оригинал записи и выложил его в открытый доступ, чтобы обелить Джексона.",""
"exe:737d40","text","1","","Муж Рук, Марк Джексон, утверждает, что Кэти Коллинз убила Селену Дельгадо.##Рук отдала мне запись, на которой Джексон угрожает Селене.##Джексон говорит, что предупреждал Селену, что Intex её убьют, а Рук смонтировала запись.##Я нашёл оригинал записи и стёр его, а взамен Рук выдаст мне настоящего убийцу Селены.",""
"exe:738070","text","1","","От: Фриц Гесслер#Кому: [Encrypted]##Тема: Коллинз##Какого хера случилось с Коллинз? Это ведь не мы, да? По-моему, у неё даже ничего на нас не было.##Пойми правильно, я всеми руками за упрощение. Но если только вчера я не был пьянее, чем помню, я почти уверен, что такого не заказывал.##Может, это реально самоубийство? Такое вообще бывает? Мы их столько инсценировали, что я, кажется, забыл, что это реальная штука.##ФГ",""
"exe:7383a8","text","2","","Фриц Гесслер#Гендиректор, Intex##Дополнительная цель:#Не оставлять живых свидетелей",""
"exe:738478","text","1","","От: Келли Экланд#Кому: Фриц Гесслер##Тема: Хватит!##Ради бога, Фриц, сколько можно? МЫ НИЧЕГО НЕ ДЕЛАЕМ ДЛЯ РУК.##А мы бы с радостью! Она классная! Но она нас не просила.##Так что, пожалуйста, хватит посылать людей это красть. Первого просто вырубило выключателем с Prankspasm, но последних двоих пришлось убить.##Напоминаю: моя компания изобретает херню, которая калечит людей странными способами. Грабить нас — хуже не придумаешь, особенно если у нас даже нет того, что вы ищете.##Келли Экланд",""
"exe:738864","text","4","","Фриц Гесслер#Гендиректор, Intex",""
"exe:7388d0","text","2","","Гесслер, гендиректор Intex — конкурента Рук, — нанял меня выяснить, где находится секретный прототип Рук.",""
"exe:738990","text","2","","Мелани Рук#Гендиректор, Rooke Firearms##Дополнительная цель:#Проверить ноутбуки",""
"exe:738b58","text","1","","От: Фриц Гесслер#Кому: Келли Экланд##Тема: Re: Хватит!##Викторина: если бы Рук и правда заказала тебе что-то, что-то для рынка личной безопасности, но легальное даже во время запрета на оружие, попросила бы она держать это в секрете?##А если попросит, ты согласишься?##А если согласишься, что ты скажешь об этом мне?##Ну что, дошло?##ФГ",""
"exe:738ea0","text","2","","Гесслер, гендиректор Intex — конкурента Рук, — нанял меня выяснить, где находится секретный прототип Рук.##Рук говорит, что никакого прототипа нет, и наняла меня украсть подделку, чтобы отследить её до лабораторий Intex.",""
"exe:739310","text","1","","От: Келли Экланд#Кому: Фриц Гесслер#Тема: Re: Хватит!##Агент номер четыре! Вырубился, когда один из моих техников подключил входную дверь так, что она распахнулась ему в лицо.##Агент номер пять! Упал в шахту глубиной в шесть этажей на нашем испытательном полигоне Dropshot.##Агент номер шесть! Застрелен. Мы его просто застрелили, Фриц.##Агент номер семь! Испытуемый в Gatecrasher вышиб в него дверь.##Ну что, дошло?##Я знаю Мелани Рук дольше тебя, так что надеюсь, ты прислушаешься к совету: если думаешь, что знаешь её следующий ход, — ты смотришь не на ту игру.##Келли Экланд",""
"exe:739768","text","1","","Гесслер, гендиректор Intex — конкурента Рук, — нанял меня выяснить, где находится секретный прототип Рук.##Рук говорит, что никакого прототипа нет, и наняла меня украсть подделку, чтобы отследить её до лабораторий Intex.##Я украл подделку с маячком Рук и принёс её в Intex. Сказать ли ему?",""
"exe:739a50","text","1","","Гесслер, гендиректор Intex — конкурента Рук, — нанял меня выяснить, где находится секретный прототип Рук.##Рук говорит, что никакого прототипа нет, и наняла меня украсть подделку, чтобы отследить её до лабораторий Intex.##Я принёс подделку в Intex, но рассказал Гесслеру о маячке, который на неё поставила Рук.",""
"exe:739c80","text","1","","Гесслер, гендиректор Intex — конкурента Рук, — нанял меня выяснить, где находится секретный прототип Рук.##Рук говорит, что никакого прототипа нет, и наняла меня украсть подделку, чтобы отследить её до лабораторий Intex.##Я принёс подделку в Intex вместе с маячком Рук, но Гесслеру ничего не сказал.",""
"exe:739ed0","text","1","","От: Фриц Гесслер#Кому: Карл Дженсберг##Тема: Re: Сомнения##Блять, Карл, не завязывай свой хер узлом. Мы в Ист-Пойнте, потому что здесь дешевле всего делать оружие. Мы переехали сюда после запрета, потому что сейчас дешевле всего делать оружие. Твоя работа — делать много оружия.##Вторую фазу оставь нашим лоббистам.##А Рук оставь мне. Люди поумнее тебя теряли целые состояния, дожидаясь, пока её компания загнётся.##ФГ",""
"exe:73a2a0","text","3","","Гесслер, гендиректор Intex — конкурента Рук, — нанял меня выяснить, где находится секретный прототип Рук.##Рук говорит, что никакого прототипа нет, и наняла меня украсть подделку, чтобы отследить её до лабораторий Intex.##Я принёс подделку в Intex, но рассказал Гесслеру о маячке, который на неё поставила Рук.##Гесслер велел всё равно проследить за ним и отнести Рук то, что я найду.",""
"exe:73a598","text","1","","Гесслер, гендиректор Intex — конкурента Рук, — нанял меня выяснить, где находится секретный прототип Рук.##Рук говорит, что никакого прототипа нет, и наняла меня украсть подделку, чтобы отследить её до лабораторий Intex.##Я принёс подделку в Intex, а потом проследил за маячком до их секретных лабораторий.",""
"exe:73a828","text","1","","Гесслер, гендиректор Intex — конкурента Рук, — нанял меня выяснить, где находится секретный прототип Рук.##Рук говорит, что никакого прототипа нет, и наняла меня украсть подделку, чтобы отследить её до лабораторий Intex.##Я принёс подделку в Intex, а потом проследил за маячком до их секретных лабораторий и украл всё подчистую.",""
"exe:73b108","text","1","","Личность клиента зашифрована##Дополнительная цель:#Минимум насилия",""
"exe:73b1b4","word","10","","Мэйфилд",""
"exe:73b1c8","text","1","","От: Мелани Рук#Кому: Селена Дельгадо##Тема: Не уходи##Знаю, цифры выглядят плохо. И знаю, что становятся всё хуже. Действует запрет на оружие, а мы оружейная компания — без сокращений не обойтись.##Но потерпи. Пока я не могу об этом говорить, даже внутри компании, но у меня в разработке есть кое-что, что может с лихвой нас спасти и, возможно, даже выжить Intex из города.##Уверена, тебя уже вовсю переманивают — я бы и сама пыталась тебя переманить, работай ты на кого-то другого. Я пойму, если тебе сделают предложение, от которого нельзя отказаться. Только не думай, что Rooke — это тупик: твоей должности ничего не угрожает.##Кстати, если Марк ещё там, передай ему, что я сегодня задержусь, — у него выключен мобильный.##Рук.",""
"exe:73b760","text","6","","Джулиан Мэйфилд#Начальник полиции, Ист-Пойнт",""
"exe:73b7b8","text","2","","Начальник полиции подозревает, что его подчинённые проваливают расследование убийства Селены Дельгадо.##Он нанял меня найти локальную резервную копию записи той ночи — той самой, когда я там был.",""
"exe:73b958","text","2","","Джулиан Мэйфилд#Начальник полиции, Ист-Пойнт##Дополнительная цель:#Взломать ноутбуки",""
"exe:73bbf0","text","1","","От: Джейсон Серра#Кому: Тай Лабабиди##Тема: Записи Rooke##Тай, не знаешь, записи с камер офиса Rooke через дорогу дублируются сюда? У тебя есть права админа?##Если да, тебе, э-э, может, стоит глянуть запись за 15-е. Это та ночь, когда я задержался, — по пути к машине я увидел, как какой-то мужик сосётся с какой-то латиноской на верхнем этаже.##И вот что: мужик был ТОЧЬ-В-ТОЧЬ Марк Джексон.##Знаю, знаю, в тот раз та цыпочка оказалась не Анной Кендрик. Но просто проверь. Если я прав... лол##Джейс",""
"exe:73c0a0","text","1","","Начальник полиции подозревает, что его подчинённые проваливают расследование убийства Селены Дельгадо.##Он нанял меня достать запись с объекта DataSec, в который я проник той ночью.",""
"exe:73c220","text","2","","Джулиан Мэйфилд#Начальник полиции, Ист-Пойнт##Дополнительная цель:#Минимум насилия",""
"exe:73c300","text","1","","Начальник полиции подозревает, что его подчинённые проваливают расследование убийства Селены Дельгадо.##Он нанимает меня найти улики с той ночи.",""
"exe:73c488","text","1","","От: Дет. Сал Годалл#Кому: Лейт. дет. Дэвид Карилло##Тема: Твоя теория##Итак, я Кэти Коллинз. Я работаю допоздна. Кроме меня в здании только моя подруга Селена Дельгадо и почему-то муж моей начальницы, Марк Джексон.##Джексон уходит. Я жду, пока подруга повернётся спиной, и стреляю ей в позвоночник. Её тело вылетает из окна четвёртого этажа и падает на асфальт.##Но мне мало. И я, что, прыгаю? Карабкаюсь? Вылезаю из разбитого окна, спускаюсь на улицу и стреляю ей ещё два раза в голову. Лучше перебдеть, верно?##В деле Дельгадо с Коллинз ничего не сходится. Знаю, я это уже говорил, и знаю, что вы все меня осадили, но я всё ещё думаю на Джексона. Он о чём-то врёт.",""
"exe:73cae8","text","2","","Начальник полиции подозревает, что его подчинённые проваливают расследование убийства Селены Дельгадо.##Я выяснил, что коронер изменил своё заключение — из оригинала следует, что это было профессиональное убийство.",""
"exe:73cf58","text","1","","От: Селена Дельгадо (личное)#Кому: Марк Джексон (личное)##Тема: бее##Мелани знала, что ты вчера был здесь. Надеюсь, она думает, что это просто по делу, но... фу. Ненавижу так с ней поступать.##Не думаю, что она что-то знает, но я бы и не заметила. Она раз в восемь умнее меня.##О чём бы ты ни хотел поговорить сегодня вечером, надеюсь, речь о том, что ты наконец, чёрт возьми, наберёшься смелости и всё ей расскажешь.##с",""
"exe:73d2e8","text","2","","Начальник полиции подозревает, что его подчинённые проваливают расследование убийства Селены Дельгадо.##Я выяснил, что коронер изменил своё заключение — из оригинала следует, что это было профессиональное убийство.##Он отправил меня осмотреть квартиру, куда доставили снаряжение для профи. Как оказалось — мою.",""
"exe:73d880","text","1","","От: Тай Лабабиди#Кому: Джейсон Серра##Тема: Схема##Так, теперь я запутался. Зачем полиции Ист-Пойнта хранить что-то именно на этом сервере? И что это вообще? Если бы это была запись с камер, разве мы бы не получали поток, как обычно?##P.S. Нет, я не буду воровать для тебя записи, где люди сосутся.##Тай",""
"exe:73dc30","text","1","","Начальник полиции подозревает, что его подчинённые проваливают расследование убийства Селены Дельгадо.##Я выяснил, что коронер изменил своё заключение — из оригинала следует, что это было профессиональное убийство.##Он отправил меня осмотреть квартиру, куда доставили снаряжение для профи. Как оказалось — мою.##Он отправил меня забрать то, что, по его словам, является полной записью событий той ночи.",""
"exe:73df48","text","1","","Отменить пост",""
"exe:73e1a8","word","1","","Cocking",""
"exe:73e6fc","check","4","","Me:",""
"exe:73e718","text","1","",", setting alarm",""
"exe:73e738","text","1","","Found a Them: at ",""
"exe:73e764","text","1","",", reading in options",""
"exe:73e790","text","1","","Found a Me: at ",""
"exe:73e7b0","word","1","","After:",""
"exe:73e7c0","check","3","","END SCENE",""
"exe:73e7d4","text","1","","End scene reached at ",""
"exe:73e810","text","1",""," options found.",""
"exe:73e8f0","text","1","","Line said, heading to ",""
"exe:73e938","word","1","","fuck",""
"exe:73e958","word","1","","Fuck",""
"exe:73e978","word","1","","shit",""
"exe:73e998","word","1","","Shit",""
"exe:73e9bc","word","1",""," dick ",""
"exe:73e9e4","word","1","","Asshole",""
"exe:73ea08","word","1",""," ass.",""
"exe:73ea28","text","1","","Новая запись в блоге:",""
"exe:73eedc","word","2",""," ничто",""
"exe:73eef8","text","1",""," сработает.",""
"exe:73ef18","text","1","","Эта дверь откроется, когда ",""
"exe:73ef50","text","1","","У этой двери нет входящих связей, поэтому её ничто не откроет.",""
"exe:73f000","text","2","","Нажмите U, чтобы отменить последнюю связь и вернуть её стоимость.",""
"exe:73f0f0","word","1","","Устройство",""
"exe:73f100","text","1","","Это устройство активирует",""
"exe:747d24","text","2","","Для Hushcracker нужно ",""
"exe:747ddc","check","10","","Top",""
"exe:747f0c","word","3","","Выкл",""
"exe:747f18","text","1","","Громкость музыки: ",""
"exe:747f44","text","1","","Громкость звуков: ",""
"exe:747f90","word","1","","Вкл",""
"exe:747fc8","text","1","","ОСНОВНОЕ УПРАВЛЕНИЕ#Влево и вправо:#Лезть вверх и вниз:#Прицелить прыжок:#Прыжок:#Использовать:##ИНСТРУМЕНТЫ#Режим Кросслинка:#Достать пистолет:#Огонь:##ПРОЧЕЕ#Сдвинуть обзор:#Включить Hushcracker (если есть):#",""
"exe:74811c","word","1","","настроено",""
"exe:748154","text","1","","стрелки",""
"exe:74816c","check","1","","#ЛКМ в воздухе#",""
"exe:748198","check","1","",")#ЛКМ###",""
"exe:7481c8","check","1","",")#зажать ПКМ (или ",""
"exe:7481f8","check","1","","###колесо мыши (или ",""
"exe:74822c","check","2",""," и ",""
"exe:748238","check","1","","#зажать ЛКМ#отпустить ЛКМ#",""
"exe:7482b8","text","1","","Купить игру (сохранить и выйти)",""
"exe:748320","text","1","","Открыть саундтрек (сохранить и выйти)",""
"exe:7483b8","text","1","","Смотреть «Создание Gunpoint» (сохранить и выйти)",""
"exe:748448","text","1","","Играть в Prototype Pack (сохранить и выйти)",""
"exe:7484a0","text","1","","Вступить в список секретной беты (сохранить и выйти)",""
"exe:74850c","text","1","","#Шум: ",""
"exe:748520","word","1","","Убийства: ",""
"exe:748558","word","1","","Свидетели: ",""
"exe:748570","text","1","","Скопировать и закрыть",""
"exe:748594","text","1","","Сохранить (только эту миссию)",""
"exe:7485c8","word","1","","Сохранить",""
"exe:749020","word","1","","Миссия",""
"exe:749030","word","1","","Рейтинг",""
"exe:74904c","word","1","","Значки",""
"exe:74905c","check","2","","Играть",""
"exe:749134","check","4","","Climbing Down",""
"exe:749188","check","4","","Climbing Up",""
"exe:749484","text","1","","Collision 1",""
"exe:7494cc","text","1","","Так и просит кулака.",""
"exe:7495c4","word","4","","D",""
"exe:7495cc","word","4","","W",""
"exe:7495d0","word","4","","S",""
"exe:7495fc","check","1","","Cursor keys",""
"exe:749704","text","2",""," — рекомендуется",""
"exe:749744","text","1",""," (всё может выглядеть мелким)",""
"exe:74977c","text","1",""," (может отображаться некорректно)",""
"exe:7497a8","word","1","","Родное",""
"exe:7497b8","text","1","","Безопасный режим (F2)",""
"exe:749c5c","text","1","","Подождите...",""
"exe:749c7c","text","1","","Не удалось отправить в Мастерскую",""
"exe:749cb8","text","1","","Локальные файлы",""
"exe:749cd0","text","1","","Мои файлы в Мастерской",""
"exe:749cf4","text","1","","Подписки в Мастерской",""
"exe:749d80","text","1","","Нажмите, чтобы открыть в Мастерской.",""
"exe:749dc0","text","1","","Нажмите, чтобы редактировать локальную копию уровня.",""
"exe:749ee4","text","1","","Right Alt",""
"exe:749ef8","text","1","","Right Control",""
"exe:749f14","text","1","","Right Shift",""
"exe:749f2c","text","1","","Numpad Enter",""
"exe:749f50","word","1","","F12",""
"exe:749f58","word","1","","F11",""
"exe:749f60","word","1","","F10",""
"exe:749f68","word","1","","F9",""
"exe:749f70","word","1","","F8",""
"exe:749f78","word","1","","F7",""
"exe:749f80","word","1","","F6",""
"exe:749f88","word","1","","F5",""
"exe:749f90","word","1","","F4",""
"exe:749f98","word","1","","F3",""
"exe:749fa0","word","1","","F2",""
"exe:749fa8","word","1","","F1",""
"exe:749fc4","text","1","","Numpad -",""
"exe:749fd8","text","1","","Numpad .",""
"exe:749fec","text","1","","Numpad +",""
"exe:74a000","text","1","","Numpad *",""
"exe:74a014","text","1","","Numpad 9",""
"exe:74a028","text","1","","Numpad 8",""
"exe:74a03c","text","1","","Numpad 7",""
"exe:74a050","text","1","","Numpad 6",""
"exe:74a064","text","1","","Numpad 5",""
"exe:74a078","text","1","","Numpad 4",""
"exe:74a08c","text","1","","Numpad 3",""
"exe:74a0a0","text","1","","Numpad 2",""
"exe:74a0b4","text","1","","Numpad 1",""
"exe:74a0c8","text","1","","Numpad 0",""
"exe:74a0dc","word","1","","Z",""
"exe:74a0e0","word","1","","Y",""
"exe:74a0e4","word","1","","X",""
"exe:74a0ec","word","1","","V",""
"exe:74a0f0","word","1","","U",""
"exe:74a0f4","word","1","","T",""
"exe:74a100","word","1","","Q",""
"exe:74a104","word","1","","P",""
"exe:74a108","word","1","","O",""
"exe:74a10c","word","1","","N",""
"exe:74a110","word","1","","M",""
"exe:74a114","word","1","","L",""
"exe:74a118","word","1","","K",""
"exe:74a11c","word","1","","J",""
"exe:74a120","word","1","","I",""
"exe:74a124","word","1","","H",""
"exe:74a128","word","1","","G",""
"exe:74a12c","word","1","","F",""
"exe:74a130","word","1","","E",""
"exe:74a16c","word","1","","Delete",""
"exe:74a17c","word","1","","Insert",""
"exe:74a1b8","word","1","","Home",""
"exe:74a1c4","word","1","","End",""
"exe:74a1f0","word","1","","Space",""
"exe:74a1fc","word","1","","Escape",""
"exe:74a20c","text","2","","Left Alt",""
"exe:74a220","text","2","","Left Control",""
"exe:74a23c","text","2","","Left Shift",""
"exe:74a254","word","1","","Enter",""
"exe:74a260","word","1","","Tab",""
"exe:74a268","word","1","","Backspace",""
"exe:74a27c","word","1","","Клавиша ",""
"exe:74a2c0","word","1","","open",""
"exe:74a350","word","2","","tempsave.sav",""
